{"title":"Amigo ","text":"\nAmigo is a Facebook-only service that allows users to safely video chat with random people as well as their friends. While they're video-chatting, users can engage in a variety of fun activities with their amigos.      \n      ","author":"ZuzooVn","signatures":[{"link":"http://web.archive.org/web/20110520034208/http://www.petitionspot.com/petitions/Amigo/signatures/1","comments":["I support this petition.","I support this petition.","I support this petition.","I support this petition.","I support this petition.","I support this petition.","I support this petition.","I support this petition.","I support this petition.","I support this petition.","I support this petition.","I support this petition.","I support this petition.","I support this petition.","I support this petition.","I support this petition.","I support this petition.","I support this petition.","I support this petition.","I support this petition.","I support this petition.","I support this petition.","I support this petition.","I support this petition.","I support this petition.","I support this petition.","I support this petition.","I support this petition.","I support this petition.","I support this petition.","I support this petition.","I support this petition.","I support this petition.","I support this petition.","I support this petition.","I support this petition."]}]}