{"title":"","text":"\nAshle Simpson is NOT a real singer. She is only famous because her sister is. I mean, I don't really like Jessica Simpsons music, but at dont hate her because AT LEAST SHES NOT A FAKE!!! Ashlee has no voice. I'm sure WAS a good person and all,but now, she's just pretended to be someone else. She's only doing dumb stuff because she was to be \"different\" from her sister. BAN ASHLEE!!!!\n      ","author":"","signatures":[{"link":"http://web.archive.org/web/20100415055944/http://www.petitionspot.com/petitions/ashleebanedforever/signatures/100","comments":["I support this petition.","Ban Trashlee Now!!!\r\n","i hate her. Shes just a try-hard shit. errrm and by the way, for those people wH0 tH1nkk tH3\\","Ashlee should go kill herself......it will do everyone some good...JUST GO BURN IN HELL ASHLEE!!!!!!!!!!!","wtf is she sayin &amp;amp;amp;amp;#039;lip synching is soo in rite now&amp;amp;amp;amp;#039; fuk u dambitchtrashlee shitson is a fake wannabe she&amp;amp;amp;amp;#039;s a smelly shit singer/WAILER she shud go fuk off n die. pete wentz shud be dating sumwun way betta da her.FUK i wudn&amp;amp;amp;amp;#039;t even mid if he started datin paris hilton coz at lleast she&amp;amp;amp;amp;#039;s not a wanna be faker","She Is So Ugly!!She Can Go To Hell!!I HATE HER!!!","i hate cuz of she made pretty ricky look so gay at billborads","I support this petition.","i hate her to pete wentz shoodnt like her","EW I HATE HER","I totally agree.","I HATE HERRR!!!!!!!!!!!!!!","yea i hate her so much ur right shes a wannbe she's fake and she's a slut !!!!","trashlee simpson is a fake!she`s mcplastic.pete wentz can do better than that plastic sheep.whatta fake.she should diee!","I HATE ASHLEE ...GOD! SHE IS A BUTHOLE ...HOLY CRAP SHE IS ...A BITCH","Ban Ashle Ban Ashle!","i hate ashley simpson shes a fake and a sell out! she should die! Shes fugly 2!","Since one of the ideas is to split strings not into words, but hopefully into phrases more semantically informative than the words they are made of, doing that better should mean better suggestions, and avoiding what essentially are word n-tuples should make for smaller data and slightly faster querying.","Superb! (I wrote something else and then I read below that I aint supposed ter. So I deleted it.)","Bonjour! What a super websight! Very refreshing to peruse from where we live in Paris (France). I eat frogs and drink wine. Woold like more informatons on this. Best regards! Mikael.","Bonjour! What a super websight! Very refreshing to peruse from where we live in Paris (France). I eat frogs and drink wine. Woold like more informatons on this. Best regards! Mikael.","I got the same tramadol attack... well, not the same, because it was only about 20 comments instead of 90, and i t have any filtering set up, and I just deleted them one at a time... hmm.. the only thing really in common was that it was about tramadol... what filter do you have set up that caught them all?","I always have terrible trouble with comment-related plugins that require me to put some line in the comment loop; I can never seem to find the right spot. Can anyone tell me where I should put the php line in my comments loop? I haven not modified anything much, and I would be very grateful. Thanks!","I always have terrible trouble with comment-related plugins that require me to put some line in the comment loop; I can never seem to find the right spot. Can anyone tell me where I should put the php line in my comments loop? I haven not modified anything much, and I would be very grateful. Thanks!","I always have terrible trouble with comment-related plugins that require me to put some line in the comment loop; I can never seem to find the right spot. Can anyone tell me where I should put the php line in my comments loop? I haven not modified anything much, and I would be very grateful. Thanks!","hate her...can't stand her..ban from all media immediately!","Ashlee and Jessica are both hideous people. They are plastic surgery whores who are not real at all. They make me sick. Especially becuase I daughter says..\"Ashlee looks good now! I want plastic surgery.\" It's sick...nice freakin rolemodels.","Her music is crap","I support this petition.","I completely support this petition, ashlee is a fkn poser and needs to get a life of her own and stop trying to take her sisters","Ashlee simpson is such a poser, one min shes punk the next she's trying to be her sister. ","Not only is she a wannabe but she's being mean to her sister just to seem better. Thats really lame.","I support this petition.","I support this petition.","AND you can't forget her nose job. how lame!","that little girl thinks she can be an artist by having a pretty face but it takes talent also.","Because she is so damn fake! 1st she wants to look punk and said she refused to wear 'girly' clothes. now she dresses like a FRILLY SLUT. She's so damn fake. C'mon she got busted out lip syncin' on SNL! SHE IS A FUCKING POSER!!!","ashlee simpson let the toledo ohiop area down she didnt cum to sing for us and now everyone hates her YAY","because i don't think that she can sing live but she does have good songs...once her voice is fixed with computers and stuff...i think that if you don't like her music then you don't have to listen to her you're not being forced to but seriously...if it weren't for computers...that girl would be in some serious trouble how did she land a record deal anyways?","I support this petition.","You're right. Ashlee is so desperate for fame, she dyed her hair blond and had a nose just like Jessica! Even Jessica h8s her","I HATE THIS UGLY WHORE SOMONE PUT HER OUT OF HER MISERY PLEASE","because Ashlee Simpson is a bad role model for tweens.. with her nose job, collegen implants and now wanting a boob job. \r\n\r\nShe's just another wannabe trying to be Jessica Simpson (which to be honest she could have picked better) with the blond hair and all that other crap she's had done lately.","I am sick and tired of seeing and hearing about this fake loser!!!","Ban Aslee and ban Jessica","I support this petition.www.ihateashlees impson.piczo.com BECAUSE WE DESERVE BETTER MUSIC!!GO TO www.ihateashleesimpson.pi czo.com","I support this petition. I also support her getting peed on.","ashlee simpson is the most saddest excuse for a singer the world will ever see...she lip synced and tried to blame it on her acid reflux..ahh no sry try again! please just give up now!","I support this petition.\r\nWhat a retard she is.\r\nWaste of fame. ","I support this petition. A lip syncer who blames her band for everything. YOU SUCK ASHLEE! ","Ana is about as clueless as a black prostetute gettin cock slapped by eight filthy Mexicans!!","I supportt this petition because it's a good one. I mean if heard my older brother sing he is as good as 50% of Clay Aiken's voice but Ashlee she sucks. Why do people still encourage her when she should know that her voice cracks in the middle of her songs. She's the epitomy of music. I like Jessica at leastt she can belt out a song but Ashlee she sucks and control you're drinking. I bet her nextt album will barely even sell. Bottoms up!!! ","She is the coolest singer in the world and lip-syncing is sooo in right now... Go Ashlee... You are sooo much better than Jess and if you hate her that I hate you.. :)","What the hell does this have to do with the environment ? -_-","No talent.","i support this petition","WOOOHOOOO!!!! GO ANA U ROXXX!!!!! I SO TOTALY AGREE WITH UR WISE WORDS","i think ashlee simpson should be shot in the face several times.","I support this petition. She cant sing, she cant dance, she cant act, and she cant hold her alcohol... what hope does she have, really?","Lindsay Lohan sucks too. Ugly freckle faced b*@ch","I support this petition.Ashlee can't sing worth nothin!!!!!!!! Ana I think u should rethink what u typed!!!!!!!!!\r\n","i dont support this petiotion everybody has there unique way of doing things\r\n","CHILDREN PLEASE GO AND LISTEN TO SOME MOTLEY CRUE.  ASHLEE SIMPSON IS A NO-TALENT HACK WITH A DIMPLED CHIN THAT LOOKS LIKE HER BUTTHOLE CRAWLED UP AND SAT ON HER FACE.  PLEASE FOR THE LOVE OF GOD AND COUNTRY ENOUGH WITH THE ASHLEE SIMPSON SHIT!","I support this petition. The reason why is ashlee has no talent. She blames her band how up pro. the bitch sucks and the recording industry sucks by force feeding us these teenybopper girls and boys even the so called ands suck 1-3 albums maybe  no originality. it is all production and it sucks. REMEMBER everyone download all the music you can the record industry deserves to die they suck by encouraging talentless little teenyboppers.","best petition ever.\r\n","yall just need 2 stop hatin because she sings better than yall","it just goes to show that you really don't need talent to be in this business.","I support this petition.","Im so sick of The Whole Simpson family!!!","Can someone shoot me so I won't have to listen 2 her whining anymore!!!??? please...i'm begging...i'll provide the gun.  Acid reflux??!! my drummer keyed up the wrong song??!!! She disgraces our country and goes 2 Canada and acts like a whiny little ******!!! On behalf of the U.S. I apologize for her and while i'm at it I apologize for bush 2.  Sorry everyone...but then again you did give us bryan adams...so paybacks are a bit**.  HAHA","oh my god she has a horrid voice it sounds like nails on a chalkboard im serious","please get rid of this no talent","she needs a good snap kick to the throat then maybe she will have no voice at all, and that can be her new excuse for lip singing","I can't stand that whole, Cutesy Rocker chick act.  What's with cracking her stupid raspy voice when she sings?  She's trying to be Stevie Nicks or something? Their father ought to be ashamed for pimping his daughters out.  Wasn't this guy a minister?  SHAMEFUL!  That family should be ashamed.","She was given a second chance and she screwed the pooch again. What a McButthole.","She was given a second chance and she screwed the pooch again. What a McButthole.","I hate ashlee simpson, especially after her drunken trip to McDonalds, EVERYONE, please go watch this video.  You could not ask for a better example of her personality.  Her and her sister Jessica also made quite a scene at the VMA's, I hope I wasnt the only one who thought they were inappropriate.","I can understand a person like ashlee simpson enjoying rock music, but honestly, if you aren't going to write your own songs, going to use your famous sister as leverage, and not even possess the ability to ACTUALLY sing WITHOUT voice technology, what's the point?  It doesn't sound like a very interesting context for music to me.","Ashley= Bullet worthy\r\nAshley fans= Even more bullet worthy","I HATE THAT FREAK'N UGLY DADDY-BANG'N FREAK !!!  SHE'S A WORTHLESS PIECE OF AIR  ","ashlee simpson is the saddest excuse for a human being ever to be born on our unfortunate planet.her face and her voice make me want to rip out my own fingernails just so i would have something to distract me from her lack of talent, beauty, personlity, intelligence and anything else worthwhile."]},{"link":"http://web.archive.org/web/20100415055944/http://www.petitionspot.com/petitions/ashleebanedforever/signatures/1","comments":["I CANT FIGURE OUT WHY THESE SIMPSON HOES ARE FAMOUS. THEY HAVE NO TALENT, NO BODY, CANT SING, CANT ACT FOR SHIT, MAYBE IF THEY DID PORN, THEY WOULD BE WORTH A DOLLAR TO SEE....UGLY BITCHES.....","i say she should suck my fast ass dick and while my hot cum is runnung down her throat i will shoot her. sure would like to eat her and her sister pussy","Ashlee has no talent & her face is traumatic to my eyes. Please go away Ashlee. Your recent stunt at McDonalds was tacky. And Karma will have its way with your Ugly Ass. ","\"Ashlee Simpson is what Robert Plant would be is he was female and talented.\" - lol.","I'd like to see her shot, stuffed, and placed in a museum under the title \"failed musical act\" or something. Yuck, what a mole. She's not even hot.","ashlee simpson is garbage and doesnt deserve to spread her shitty music around the world","Firstly, \"ashlee simpson fan\", in making those comments you voted (twice) to ban Ashlee Simpson from the media. Also, Robert Plant actually has talent. Ashlee Simpson is famous purely because she knows the right people and because she has a specific \"look\". Instead of listening to some poppy, candy-ass bitch talk about why she wants to be different than her siblings, listen to some real music...like ska!","I have a dream! a dream where fake ass little bitches who ride their sisters fame can be taken into the street and beaten! she cant sing! she cant dance! fuck her! do the world a favor and shut the fuck up ashlee!!!!!!!!","shes deadweight and if she were to die i would would not mourn her death, in fact i woul be pretty pumped!","oh yeah,,,i love ashlee,,,","I support this petition.","please someone make this person stop singing. is everyone tone deaf","She's make a lovely punching bag. I miss quality music,","If you dont like Ashlee, then dont listen to her. There is no need to put such a negative feedback on the internet. This petition will do nothing.Why dont you make one about something that matters?","I support this petition.","u guys r sooo mean......i think u r taking this a little too seriously...if u hate her ssooooooo much than y are u talkin about her.....GO ASHLEY SIMPSON AND JESSICA SIMPSON!!!!!!!!:)","I hate ashlee.  Death is too good for her. She is a no talent, ugly and disgusting person.  Ban Ashlee from everthing, including life!! ","i love you ashley !!\r\nstay strong sista !\r\nkeep doin your ho downs ! thats hot !","everyone seems to have a little too much time on their hands to have put this much thought into what is wrong with ashley simpson. i am sure that there must be more important things for everyone to be doing.\r\nhaters ......","Not only is Ashlee Simpson a terrible singer, she demonstrates everything that is wrong with our society. Only in America can a no talent-ass clown become a millionare before the age of 21 just because she is related to someone is semi-talented. ","she has no talent at all","i just had to turn ellen off because of her..it was awfulll..","Boo! (as in Apollo booing)","FUCK ASHLEE SIMPSON, WHAT EVER HAPPENED TO REAL MUSIC???? PINK FLOYD, LED ZEPPELIN ETC....?????","she pissed me off last night on leno by looking like Gewn Stefani.. She was even moving around on the stage like her.. Gewn has her own style and That stupid ass nasty simpson bitch couldnt pull it off to save her life. ","fuck ashley she cant sing worth shit and everyone who is anyone knows that i think that we should all join a huge gang...you know like form an angry mob and rip her vocal cords, ugly hair, and michel jackson nose off of her","Ashlee Simpson is what Robert Plant would be is he was female and talented.","DIE YOU MF ASHLEE RULES!!!!!!!!!!!!!!!!","AHAHAHAAAAAA she just compared her voice to Pat Benatar, who happens to be a trained opera singer.  I cant stop laughing.","please, I am sick of these pop singles artists taking adv. of young america, when they have no talent, it embarasses the music world","I hate that motherfucking cunt. She once said:\r\n\"My record is a rock record.\"\r\nIn her anoyying preppy voice, and I laughed my balls off for a good five minutes. That stupid cunt, lol.","I really think the Simpson family should move to the moon. Let us start with ashlee.","FFFUUUCCCKKK HHHEEERRR!!!!!!","get ur nose fixed","i must say, ashlee simpson is the ugliest girl i've ever seen. why is it that teen actresses automatically get recording contracts and movie scripts? is fuckin' gay. i hate ashlee with a spanish passion.","Well, all i can say is that ashlee = SHIT","Ashley says she hates being compared to her sister and whines about how hard it is being in her shadow. If she were some chick trying to start from ground in the music biz nobody would take her seriously. She is not an artist as she likes to refer to her self but an abomination. Because she's her sister's sister she's had everything handed to her but that wasn't good enough. She had to be famous too. And that was given to her: a band, songs, a major recording contract, ect... She is to the music industry what george bush is to the government. The most extreme cases nepotism awry.\r\nShe should wake up everyday and kiss her sisters ass. I know I'd enjoy it. Oh yeah, I was watching a recent  episode of her show (for some reason I love to watch things that piss me off) where she did a live show for AOL somewhere. MTV showed the live footage but overdubbed her live singing with the studio singing. She's still trying to make fools out the public. And I firmly believe that if sid vicious saw her wearing a sex pistols T-shirt he'd smash his guitar over her stupid skull.","That's \"GRAMMAR,\" you dumb slut.","Maybe instead of BASHING Ashlee, you guys should start bashing into your english books. GRAMMER, KIDS!\r\nP.S. Ashlee rules, you all suck and sound REAL dumb. ","Ashlee Simpson. Now where do i even begin with Ashlee Simpson. she is the biggest fucking moron the owrld will ever see. i mean what was with that whole SNL thing where it was OBVIOUS that she had some fake voice that wasnt even hers it waas tuned and done up so much playing. and then she did that whole hoedown thing. if she thought that made up for her getting exposed then she has more brain problems then i thought. i seriously hope she gets her ugly hair burn off so it wont grow back and then gets burnt at the stake for putting everyone through hearing her awful voice. she should seriously stop while she is way way behind","ashlee simpson is a mole patrol! i hope she dies.i think peoples genitals r the ugliest bodi part eva... and ashlees face is uglier. fukn hell, shes just shit! no-one likes her.i hpoe she gets shot with a nail gun and bleeds to death. save us all & shut the fuck up.","ashlee simpson is a mole patrol! i hope she dies.i think peoples genitals r the ugliest bodi part eva... and ashlees face is uglier. fukn hell, shes just shit! no-one likes her.i hpoe she gets shot with a nail gun and bleeds to death. save us all & shut the fuck up.","ummm ya she needs not sing ever","IM NOT JUMPY ABOUT HER SHES NOT ROCK THOUGH","Fuking disgusting...\r\nnothing else to say\r\nfuking DISGUSTING","Pretty sad that our culture is so easily manipulated.  Most people like whatever MTV tells them to like.  I almost feel bad for Ashlee Simpson because she has to live with herself.  The fake dread-locks are pretty pathetic coming from a rich girl with everything handed to her on a silver platter.  ","does ashlee simpson have large talons?","I LOATHE her.\r\nshe is the worst.. why did SNL bring her back? I turned the channel TWICE when she performed. She looks like a trailer-whore.","I LOATHE her.\r\nshe is the worst.. why did SNL bring her back? I turned the channel TWICE when she performed. She looks like a trailer-whore.","Why does Ashley Simpson act punk, but sing pop?","Ashlee can't sing, dance, or act. The only reason she is in the media is because her agents are trying to make her as popular as her sister. I don't care much for her sister either, but at least her sister can sing. Ashlee, I don't care what people have told you, honey, you really can't sing. I mean you are bad, horrible bad. Ever time I see you on TV or in a music video I am embarrassed for you. I don't understand how you can not know that your singing is horrible. Seriously, do people really lie to you that much that you believe you have talent? There are not many people in the industry that truly have talent, and sadly you are another one. So please, stop ending up on my AOL screen everytime I turn around, it just makes me want to cancel my service.","Ashlee Rocks!!You sucks!!I loveeee ashhh!!Go girl!!(l)","Ashlee has absolutely no talent. On top of that, she isn't even good looking. Why is she famous? I don't get it. I hope I never have to see her ugly face or listen to her horrible music again. ","Ashlee should go die in a hole ","I am sick of that biatch. Dumb@$$ white hos.","She's is without a doubt the FUGLIEST female artist I have ever seen. With all that money she has, she needs to get some plastic surgery on her face before anything. Have you heard her live? It's like nails on a chalkboard. She sounds like pure shit, she's fugly, a poser, and most def. she tries to be everyone(a.e. prep, punk, emo). It's simple, I despise her with a passion.","There's a reason Ashlee stays so popular, girls. Anal. Every teenaged girl's ticket to boys, money, and popularity. Remember that the next time you're in A&F and can't afford that cute little skirt you have your eye on. Ten minutes of sweaty, yummy backdoor sex and you'll be cashing checks like Ashlee! (And don't forget - not only does it feel *awesome*, taking it in the butt is 100% pregnant-proof!)","Punk? What a joke. If Johnny Ramone were still alive, I'd love to see him smash his guitar over her head. ","If I here her new song one more time, I will kill myelf.","I support this petition.","omg!!! ashlee is such a faker loser bitch!!!\r\nshe's like \"omg im like sooooo punk\" nd den goes nd sings bout lurv nd french maids nd cats 4 craps sake!!! jeezish cummon peeples!!! if u like ashlee even tho she cant sing 4 shit (her voice is sooo tuchd up on her albums) she deservs to b attackd by a hairless sandwich 2 wake her up a bit!!! den mayb she'll realise wot a retard she is. Have a nice day ;)","Ashlee Simpson deserves to be attacked with a flesh eating sponge becuz she is the biggest goddamn faker in the history of all gayness. She meks me want 2 put a fork in my eye. sShe makes my ears bleed. She thinks she is so punk but  punk is about being real and original and not using ppl 2 get 2 where u r...hmmmm which one of these has ashlee simpson NOT done? She thinks she is the queen of punk rock well she is not she is the queen of punk rock she wudnt know punk if it crept up behind her and bit her in  her poser ass. She shud DIE DIE DIE DIE DIE and spare my poor ears.","I Hate her..she is so fake. OMG she cannot sing at all....do u agree??\r\n:)","i just hate her. the end.","all you ashlee simspon haters are just plain jelous that you will never i mean never ever get a chance to be even close to where she is today. Give the girl a break come on of course people are going to not like her but saying you hope she dies in a brutal murder..come on thats just going toooo far. get over it just cos you make a petition do you seriously think its going to stop her living out her dream of being a singer??? your just sad and pathetic seriously writing shit like that  get a life and stop dissing her. get over it your all gay....whats to hate with her anyway?? shes pretty and she can sing...?","i hate ashlee simpson. she is the biggest poser i have ever seen. i hope she dies w/ a brutal, bloody death and no one will ever care, except for other posers who pose off the biggest poser-ashlee!!   ROT IN HELL U FILTHY CUNT!!!","Ashlee Rocks...i think everyone who disses her are dumb!","Oh, Ashlee is a poor girl who thinks only because of her black hair she´s a punk girl!","she is just another dallas bitch,a disgrace to punk rock,SHE IS a fake, a POSER,A WASTE OF SPACE!!!!!","Im gonna kill Simpson with a cheese grater and glue!!!!!!!!!!!!!!!!!!!!! !!!!!!!!!!!!!!!!!!!!!!!!! !!!!!!!!!!!!!!!!!!!!!!!!! !!!!!!!!!!!!!!!!!!!!!!!!! !!!!!!!!!!11111 :-)","i hate ashlee simpson and she should rot in hell!!!!","i hate ashlee she is so fake she cant sing a simple little word","i hate ashlee she is so fake she cant sing to save her life.shes living off her sisters fame. before jessica got her a singing career she was jessicas back up dancer she shouldnt be a singer or in the music business at all. shes such a poser to she is far from punk. all shes does is scream on stage i dont consider tahta  good singer.","As long as there is still interest in her, the media will continue to report. You should be writing a petition to stop all Ashlee Simpson fans from liking her. Don't worry, when the next pop diva you're supposed to love is out, Ashlee Simpson will be as forgotten as Dr. Timophony Wilde, the inventer of the plastic cup.","HI","ashlee rocks ::)\r\nshes tha best\r\ngo ash","ashlee is a fake and should not be singing!","I too hate Ashlee Simpson. Hell yeah shes riding on her sisters gravy train. No one even knew Jessica had a sister till she got her show on MTV, because &quot;Hey if one sister is a sexy dumbass that boost late night tv ratings, Maybe the other will do the same.&quot;","i think you all have wrong she can sing very good i love her songs and shes not famous because of her sister and everyone loves her its not hardly any one likes her its evryone loves her\r\nkeep going ashley you can be a bigger star than you are now ","yes she does have little talent but why is she singing? Hardly any one likes her. I try not to listen to her. But when i do hear her it makes me sad that some one with so little talent is getting to be some big star. If it wasnt for jessica she wouldnt even be known. ","I hate that white trash, ugly, no talent, bitch.","I HATE ASHLEE SIMPSON!!!","Please stop singing because when you hit a hi note you chatter glass and bust ear drums.","Please, please, please take her off the air.  She has no talent and is oooggly!!  Makes me cringe when I see her!!!","This petition should send a message to the record labels...you can't create a canned pop star. She had no talent, therefore she doesn't deserve the millions she is making. Her Dad should be laughing all the way to the bank. She should take her earnings and go to college, she and her sister could stand to learn quite a bit.","Even in Slovenia people think that she is a bad singer.\r\nAshlee go to 7th heaven.","I personally think that she has a very good voice I mean maybe I think Britney Spears can't sing but do you see me puttin a petiton up for her....NO! So shut the fuck up and live with it!!","ashlee simpson cannot sing! the only reason she is famous is because of her sister. and its retarded how they splice in the \"good\" parts of her singing into one song to make her sound good. shes just a comercial singer that needs to be banned. shes always talking about the music and how its punk rock and how shes punk rock but shes not shes opposite shes just being a poser and following the crowd by dying her hair and screaming on stage she needs alot of help!","Wow this is sad just deal with it and don't listen to her. You can''t get rid of everything you don't like. I don't like snakes but you don't see me making a petion.","Her album sales say it all - you all need to get a life and get over it. If you don't like her then don't listen - its not that difficult! Do u really think the record companies earning millions from her are really going to pay any attention to you anyway!?","she`s the best ever!!!!!!!!!!!\r\n\r\n","BAD! i hate her","(bleep) Ashlee !","she is commerical crap","she sucks","y'all are so mean, she does so have talent, and it is not up to you to ban her! If you don't like her, don't listen!","bad bad bad","I support this petition.","agree ...\r\n\r\nshe has no talent ...\r\n\r\nit's her sister that's opening up doors for her ...\r\n\r\nnow it's needs to be shut ... permanetly !!!\r\n\r\nevery time she attempts to sing ... my ears start to bleed :)","I support this petition."]}]}