{"title":"Abolish Bank Insufficient Funds Fees","text":"\nAmerican consumers' have reached the boiling point with outrageously exorbitant \"insufficient funds\" fees. These insufficient funds are accrued through use of debit/credit purchases made by consumers directly through banks. As a result of these fees, consumer spending power is destroyed and leaves many working poor and financially struggling families in financial crises.\r\n\r\nAllow me to give you a real life example. I made $20 in purchases recently, and when the bank system updated, I was charged $128 for \"only\" making $20 in purchases! This unjust purchase/fee ratio is an unnecessary financial burden.\r\n\r\nI propose that all banks, within reasonable time, rightfully implement or modify the system so that when a merchant tries to debit a insufficient consumer's account, the transaction is \"simply\" declined. The transaction should not go through if the system sees that it will leave a consumer's account in a insufficient financial state. This, in turn, will ensure that consumers do not make financially unsound purchases.\r\n\r\nFinally, by initiating this proposal, we will help to reduce the number of consumer delinquent bank accounts. By treating consumers fairly, you can join with them in establishing a longstanding business relationship, so that years from now, these same consumers will continue doing business with your bank while avoiding delinquent bank account scenarios because of financially damaging and unjust fees.      \n      ","author":"E Ramirez","signatures":[{"link":"http://web.archive.org/web/20120114090829/http://www.petitionspot.com/petitions/bankfees/signatures/200","comments":["I support this petition.","I support this petition.","I support this petition.","I support this petition.","I support this petition.","I support this petition.  Chase bank has been repeatedly slamming me with these fees for way too long.  They at one point sent a charge to my account from a 7-Eleven that had closed TWO MONTHS prior, of course when I had $1.47 in my account.  Their service and employees at the branches are strictly out to GET YOUR MONEY.  I hate to be a conspiracy theorist, but I\\'m sick and tired of this awful practice.  Why should people be penalized for not having enough money, yet the rich get \\\"rewards\\\" accounts and special treatment?  It\\'s just another way this country really has to change.  Our government can\\'t let companies steal from the actual hard-working people out there anymore.","I support this petition.\r\nLarry dale webb","I support this petition.","You People are STUPID!!!!!! REALLY?????? \r\nMad at the banks for your inability to do SIMPLE math.....IF YOU DONT HAVE THE $$$$ DONT SPEND THE $$$$ its that simple.. \\\" OHH I wrote a check for 3 dollars more than what i know i have in there.....blah blah blah...now i have to pay blah blah blah to cover it\\\".....grow up people!","I support this petition. I just incurred 6 insufficient fund fees in a 6 day period with hsbc bank, totalling $210.00 and a few scheduled payments have not even showed up on my bank account yet. I could possibly be incurring 3 more if I push the issue with them. \r\n\r\nIt all started I canceled a one time payment through their online bill pay service only to find out HSBC let that canceled payment process. I tried talking with them on the phone and through their BankMail feature but I get rude responses. It was clearly their fault and they refuse to clean it up or refund my money. \r\n\r\nIf a US citizens gets caught stealing we go to jail are these banks above the law?\r\n\r\n","I support this petition.","I support this petition.","I support this petition.","I support this petition.","I support this petition.","I support this petition.","I support this petition.","I support this petition.","I support this petition.","I support this petition. And I was charge $42.50 for only 0.97 Of NSF funds Non Sufficient or Negative Funds","I support this petition.","I support this petition.","I support this petition.","I support this petition.","I support this petition. I have been hit with so many bank fees from overdrafting that it hurt me more than the spending had. I feel that banks are cheating the people that trust them with their money. If nothing happens with this I might just take all of my money and start placing it in a mattress in my house. ","I support this petition.","I support this petition.","I support this petition.","I support this petition.","I support this petition.","I support this petition.","I support this petition.","I support this petition.","I support this petition.","I support this petition.","I support this petition.","I support this petition.","I support this petition.","I support this petition.","I support this petition.","I support this petition.","I support this petition.","I support this petition.","I support this petition.","I support this petition.","I support this petition.","I support this petition.","I support this petition.","I support this petition.","I support this petition.","I support this petition.","I support this petition.","I support this petition.","I support this petition.","I support this petition.","I support this petition.","I support this petition.","I support this petition.","I support this petition.","I support this petition.","I support this petition.","I support this petition. ","I support this petition.","I support this petition.","I support this petition.","I support this petition.","I support this petition.","I support this petition.","I support this petition.","I support this petition.","I support this petition because the whole system has been corrupted!","I support this petition.","I support this petition.","I support this petition.\r\nThey charged me over 260 in overdraft fees because of a $20 charge that i disputed. I contacted the bank and they only refunded the initial $35 overdraft fee but did not refund all the subsequent fees that resulted from the negatrive balance from the first OD fee..","I support this petition.","I support this petition. Enough! The banks do not pay interest rates on savings account worth a damn, but their fee income is (od charges, etc) are strong arm tactics that rob the public of their hard earned money.  The CEOs and other high ranking bank officials have fat pockets while the poor working class bleeds dry. What are we going to do about it? What is the President going to do about it? Elect Michael Moore for President!\r\n","I support this petition.  At least try to control it.  It is highway robbery.  I could see at least lowering it greatly.  At least down to $10-$20 and can only have one NSF charge a day rather than $35 for each one.  Sad to overdraft for 15 cents then be charged $300.  Obviously if you overdraft you are hurting and can\\'t take the massive fees applied.","I support this petition.","I support this petition.","I support this petition.","I support this petition.","I support this petition.","I support this petition. Banks are making, well, bank off peoples\\' lack of money and it\\'s wrong.","I support this petition.","I support this petition.","I support this petition.","I support this petition.","I support this petition.","I support this petition.","I support this petition.","I support this petition.","I support this petition.","I support this petition.","I support this petition. my family is broke in  small apartment dad has good job and still cant pay bills need house to sell","I support this petition.","I support this petition.","I support this petition.","I support this petition!!!","I support this petition.","I support this petition"]},{"link":"http://web.archive.org/web/20120114090829/http://www.petitionspot.com/petitions/bankfees/signatures/100","comments":["I support this petition.","I support this petition.","I support this petition.","I support this petition.","I support this petition.","I support this petition.","I support this petition.","I support this petition. The timing is right for this RIGHT NOW! No more waiting! We\\'re being ripped off daily & it has to stop NOW! Technology is available! NO MORE RIP OFFS FROM THE FINANCIAL CONS!","I support this petition!!!!!! yess!","I support this petition.","I support this petition.","I support this petition. **** on BOA! right in the ear!","I support this petition.","I support this petition.","I support this petition.","Suck my hairy dik if you choke on sperm I dont care give me a blow job ladies =)","I support this petition.","I support this petition.","I support this petition. It\\'s beyond all reason for a $3 purchase I made at 10am to somehow magically be processed after a check that didn\\'t clear until 11pm to cause a $39 overdraft","I support this petition.","I support this petition!!!","I support this petition.","I support this petition.","I support this petition.","I support this petition.100% banks should all fail","I support this petition. I have been a victim way too long.","I support this petition.","I support this petition.","I support this petition.","I support this petition.","I support this petition. Bank of America especially is horrible about this. I was charged $210 in overdraft fees, even when I got a sufficient amount of money back into the account within 24 hours. With the economy the way it is, they should really help us out a little; we are the ones that keep them in business.","I support this petition.","I support this petition.","I support this Petition.","I support this petition.","I support this petition.","i want alot of coins in my vouchers..i'll suport the petition.","I support this petition. PNC charging over $400 because they did not make the full amount of a check deposit available to my account.","I support this petition.I overdrafted 89 cents now im being charged $800 + interest could be nine hundred for all i know for an 89 cent taco .","I support this petition.","I support this petition.","I support this petition.","I support this petition.","I support this petition.","I support this petition.","I support this petition. These parctices should be looked at as a type of loan sharking. The fees are out of control.We are allowing the banks to manage our  money in daily transactions in a way so that largest debit items go through first on the same day. This means that if you have enough money to allow 4 out of 5 transaction to go through your 4 debts may become insufficient  if they put the largest debt through first.This allows them to collect the greatest amount of money from you in insufficient fund fees  This is  the worst practice of all..","I support this petition.","I support this petition.","I support this petition.","I support this petition.","Bank of America,  Citizens (key) and HSBC   are stealing from us!!  It is unfair and cruel what they are doing to the hard working individual, just trying to balance their check book.  They keep amounts on \"hold\" so we do not see in our balance ledger....assuming we have more than we thought...and thus go into the negative.  THEN, charge almost $50 an item......  how evil is that.","I support this petition.","I support this petition.","I support this petition.","I support this petition.","I support this petition.B of A is the worst. They don't show accurate account numbers and then charge people hundreds of dollars for making tiny transactions that shouldn't have gone through in the first place. No wonder consumers don't have money","I support this petition. Bank of America took me for $400 dollard today. They changed some things on the sly.","I support this petition.","I support this petition.","I support this petition.","I support this petition.","I support this petition. Many banks are guilty of price gouging innocent people, like my siblings, upwards of $150 (First Hawaiian Bank) for a single transaction.","I support this petition.","I support this petition.","I support this petition. However, I doubt the banks will change.  The banks are a business and as such they are trying to make money any way they can. The banks make so much money off insufficient fund fees. In fact they make enough that the ones that do end up with delinquent accounts are made up for the people who do pay the fees. I can't afford the fees, but I also need to have a bank account so I have no choice but to pay the fees back. Since banks use credit reporting agencies (like chex systems) to determine if you can open an account if you don't pay the fees back it is hard (and becoming increasingly harder) to open an account at any other bank.  This is just another problem added to the long list of problems that the united states has with having banks ran by companies instead of the federal government. If the federal reserve was an actual federal organization and if the banks were ran by the government then we might be able to see a change in these laws.   The only way to force the banks to change their insufficient fund fees is for a massive boycott on banks.  Unfortunately, in today's society not very many people can live without a bank account. The banks know this so they know that they can charge whatever they want because they know they have you by \"the balls\" (figuratively of course) and if they can take full advantage of the situation they will.  The petition should rather be towards a centralized banking structure that is not ran by greedy corporate interests in order to make any change.   \r\n\r\n\r\n\"Give me control of one's money supply, and I care not who makes the Laws.\" -JP Morgan","I support this petition.","I support this petition. Banks insufficient funds fees are an example of a bank sacrificing its customers to make money and show that they have no concern for the horrible economy today by only increasing the credit crisis. Banks were bailed out with my money (tax dollars), so how about they do something in return.","I support this petition.","I support this petition. My bank charged me insufficient fees even though I had the money to cover my purchases with funds moved from my savings to checkings. It seems to be getting worse.","I support this petition.","I support this petition.","bofa adjusts the order items are paid out on/transactions are processed to create fraudulent \"insufficient funds\" scenarios then charge you $35 for each which inturn creates a state of actual insufficient funds and more $35 charges. Sounds like robbery with a suit on.","I support this petition.","I support this petition.","I support this petition. Bank of America is making the working poor ever poorer. Their practice of allowing customers to believe their bank balance and make purchases that then overdraft is fraud.It is costing families basic needs money (like food and rent)with ridiculus fees. They should no be allowed to ruin people's lives.","I support this petition.","I support this petition.","I support this petition.\r\n\r\nGary A. Radig\r\n\r\nTheir 35.00 fee is unfair.  They purposely allow you to overspend even when I complained and asked for it to put a block on the card, it happened anyway.  Because some companies do not send in the transaction right away.  Any bank w/todays technology can see a transaction has went through immediately.  It goes through right away  when they want your money for payment, etc.","I support this petition. Yes, My daughter has a \"STUDENT ACCOUNT\" they still let her overdraft and charge 35.00 each time.  They say you can flag it but that doesn't work either.","I support this petition.","I support this petition.","I support this petition.","I support this petition.","Absolutely! I have been arguing this point for the longest time and the only answer I get is pushing the responsibility on us to manage our spending better. That's not good enough to me. It is my perspective that we live in the 21st century of technology. Debit/Credit Card transactions are authorized electronically. They say \"oh yeah but when you process a debit card as a Visa/MC transaction that transaction can stay dorment or in electronic heaven for 3-4 days until the merchant receives it in their system\" That's BS!! when the card is swiped for aurthorization that information is sent to the merchant to make sure the funds are available, and if not the transaction is denied and subsequently you can not complete the transaction. Right? Then where is the justification in charging an IFC/NSF fee? as soon as the information is sent for authorization/approval, immediately the system queries the merchants records to determine if you are negative or not, or if enough funds are available to complete the purchase. The problem is in the way the information is being accessed from their databases and how it's being authorized. The ONLY reason why they do nothing about it is because it's BIG BUSINESS, plain and simple. What's the sense of having Online Banking if you can not rely on the information that is present? I support this petition to the fullest extent of the law. Let's do something about this now.","I support this petition.","I support this petition.  Bank of America just walked with $140 of MY MONEY in fees.  I'm so angry I could scream.  Something needs to be done about this.","I support this petition.","I support this petition.","I support this petition.","I support this petition.","I support this petition.","I support this petition.Wachovia bank charged me $35 for a pending $1.50 transaction from Kinkos and charged me another $35 when it posted when there were no funds in my account. Just over the last 6 months I lost $400 to insufficient fees cause I am a struggling partially disabled person and don't always make ends meet.","I support this petition.","I support this petition completely!!!!","I support this petition.","I support this petition.","I support this petition.","I support this petition.","I support this petition.","I support this petition."]},{"link":"http://web.archive.org/web/20120114090829/http://www.petitionspot.com/petitions/bankfees/signatures/1","comments":["I support this petition.\r\n\r\ncitizen's bank almost tricks me into over-withdrawing. they don't update purchases on the account fast enough, sometimes taking up to 2 weeks! \r\n\r\nalso, they will charge me for a pending overwithdrawl, and then charge me AGAIN when that purchase goes through, essentially charging me 2 times for over-withdrawing once!\r\n\r\nthey should at least charge like $5 for the first week, and then charge more as it remains in your account. but charging $39, for a pending purchase, and then another $39 for the same purchase when it goes through is just ridiculous! ","I support this petition.","I support this petition.","I support this petition.\r\n\r\n","I support this petition.","I support this petition. I just left the bank with a huge overdraft fee and opened up elsewhere... And when I got there to sign up my account there was a lady screaming at the teller about overdraft fees!!! ","It's sickening to me that they find it fair business practice to steal money from people. I've had over 1000 in overdraft fees taken from me by JP Morgan Chase. 850 actually was credited back to me because they saw what a mess their processing department is, however they still keep stealing from me. A simple bank error to them is my rent to me, and if they have made these errors in the past whats to say they aren't continuously. This isn't a simple bank error. They know what they are doing and it's completely unethical. Despite withdrawing my account, what makes me sick is I try to rectify by depositing money through a wire transfer which technically should go through immediately if not the next business day. Which in my case I did make the transfer on Sunday as the charges the sent me under was that Friday. They still sent through all pending charges before they put my deposit through, sending me into the whole, which in turn gave them their unreasonable right to charge a 140 insufficient funds fee to my account only to bring me under again. I was technically under 90 dollars, in which I put over 200 dollars to fix the problem, only to turn around and be under 21 dollars, in which at the time I looked at my account it had showed I had 119 dollars left from the 200 after the 90 dollars was deducted and not only in the present balance but also the available balance. How can they justify taking that money after my account showed being in the positive, and why is it that every other charge has to show up PENDING and not their insufficient funds fee.","I support this petition.","I support this petition.","I support this petition.","I support this petition.\r\nCitizens Bank will lose my business for unfair fees.","I support this petition. Wachovia is the worse.","I support this petition.","I support this petition.  My husband and I hate Bank of America.  They have made thousands from NSF fees!!!","I support this petition. I have been charged hundreds of dollars a year eventhough I did deposit money.","I support this petition.","I support this petition. and i have been destroyed by BOA and there fees","I support this petition.","I support this petition wholeheartedly.  I am about to leave J.P. Morgan Chase for this very reason.","I support this petition.","I support this petition 100%  When banks choose to calculate overdrafts on pending not yet posted transactions, something is amiss!","I support this petition.","I support this petition.","I support this petition.","I support this petition. I have gone through this over and over with Bank of America. Right Now there is a $10.00 dollar Overdraft Protection Tranfser Fee. Thats what we get for trying to protect ourselves using the system. I asked if there were any fees before I signed up for Overdraft Protection, They said NO. Bank of America are Sharks. They deserve @#*% fee.","I support this petition. Insufficient funds fees should be considered illegal! I was charged $35 by JP Morgan Chase for a transaction of $2.97, it's like charging 1200% interest on a loan of less than $3.00.  Does that seem insane to anyone else out there?","My husband and I inherited 4000 from his grandmother plus we received our stimulus money we were trying to pay off bills as well as get things done for ourselves and children we were charged over a 1000.00 in overdraft fees and then held the 4000 from being available due to the overdrafts. They said they would give us 77.00 back but we have yet to have seen this money. We were again negative 1100 dollars and we have nothing left our bills will remain bounced again and yet they will charge more fees. How is this fair? I am so stressed.","I support this petition. Since May 08 Bank of America has charged me $700.00 in insufficient fees - I've been their customer for over 10 years that didn't matter.  I am so broke right now - I'm a single mom of 4. I have so may bills - what can I do - anything against these ridiculous fees - its unbelievable in this recession banks are aloud to do whatever they please.  I hate them!!!!!!","I support this petition.","I support this petition.","Juliana Souza","I support this petition.","help us now!","I support this petition.","I support this petition.","I support this petition.","Not enough that big business is selling us out to other countries in the name of profit??Now I can\\'t pay rent or feed kids because JP Morgan Chase charges me hundreds in insufficient fees for a few couple of dollars purchases with a debit card.  We pay banks to manage our accounts.  So manage them fairly and stop stealing from the poorest of poor.And why aren\\'t our elected officials protecting us from such harm??  Oh yea, they get fat from siding with big business while the common folk starve.We have got to change !!!","It\\'s so Bad","I support this petition.","these fees are unfair. why does the card let you go negetive? and after you are negative they charge 35.00 for every time it was swipped!!!","I hate Bank of America","This is the biggest bank scam of all. They take money from people who obviouisly don't have it.","I support this petition.","I support this petition.","I support this petition.","I support this petition.","I support this petition.","I agree that the fees charged are ridiculous, but consumers must take reponsiblity and keep a check register and record every transaction to the penny.  Also, use cash for small purchases!  Be smart about it; if you are careful and keep track of everything down to the last penny, you won't have a problem.  Good luck to all!","Sovereign Bank has robbed my family of hundreds of dollars of hard earned money. STOP THE FRAUD!!!","I support this petition.","it just really kills me when they charge all this money for being insufficient for one day, while they continue to make mistakes on my account all the time, can I penalize them for that.","enough is enought robbing from the struguling people to give it to the rich. $35 per transaction is very un fear, in one day i was charge seven time $35.00 per transaction in a $40.00 that I used. the government has do somthing about it.","I support this petition.","Stop the rip off. I am specifically talking about M","I am so tired of that... go over by .01 and pay our 40 dollars. BS","Banks already make enough money just by us depositing our money with them! They ALREADY use our money to make money. Stop this gross abuse of power! Something must be done. The cost of living is too great for most of us to be able to even live comfortably let alone be rest assured that we wont overdraft every so often. We as a human race need to take better care of eachother.","How is this not loan sharking?","I support this petition.","They got me for $245. today in NSFs! They cleared the largest checks first in thier favor of course!","I support this petition.","I support this petition.","Insufficient Funds Fees are unessesary- especially when they are so high!","I too have had issues with this. For example account over 35 cents being charged 32.00 in overdraft fees. This was a merchant issue and the bank said","I support to abolish insuffiecient fund fees. They are unfair and unjust to charge the poor and struggling fees they cannot afford.","just paid my bank 200 for a 10 dollar metrocard","Yes..banks are stealing and  I can't believe the government is letting them.","I support this petition.","I support this petition.","I am now in the same situation. B.O.A's $35/insufficient charge is a ripp-off.unfair. I make $10 pr hour. the charge is way higher...I fully support...","I support this petition.","I support this petition.","I support this petition.","My balance in my checking was over $600.00. I had several small items hit my account the same day along with 1 large item. They could have cleared the all of the small ones causing me to have only one overdraft fee. Instead they went big and bounced everything else. Total Loss to me was $320.00. Whereas the other way it would had only been $32.00.This hurts!","I support this petition.","I support this petition.","I support this petition.","I support this petition.","I support this petition.","7 fees of 35, how is this not loan sharking ?Screw you M","I support this petition.","I support this petition.","STOP adding insult to injury with overdraft charges $35 a pop is rediculous & Illegal!","My bank M&I charges 31.00 for overdraft..soesnt post deposit till following day causing overdraft","I would just like for the banks to stop clearing in order of biggest to smallest.","As little or none - No insufficient Fees!","You can determine the overdraft fee by reviewing the schedule of fees for your account or by calling us at the number on your statement or checks. To help protect against overdrafts, we encourage you to learn more about our overdraft protection plans. If you do not understand, close your checking account and pay cash for everything.\r\n","They hurt the people who are obviously already struggling. How is that fair?","it's time to stop the unfair pratices of banks who are ripping off the poor.","I support this petition.","Being a single parent and living pay check to paycheck, the fact that a bank is making money off the poor is atrocious. ","NO too unfair consumer fees!!!","I support this petition.","My bank likes to wait until the merchant has sent in the paper form of the purchase before making it an actual purchase. If I make a purchase on a Tuesday the money is not made available and it could be 4 to 7 days before the actual bank shows who the purchase was from and if a large check has gone through between that time all the little purchases I made several days in advance are now insufficient causing the bank to charge me an insufficient fee for each one. I have spent over $800.00 this year in fees. The bank says they are being fair in doing this.","I support this petition.","$30 insufficient fee for every purchase. Bank says that I am using money that does not belong to me!! (I robbed them by purchasing for $1). Would not give me overdraft protection for some reason that I still cannot comprehend. Nice business strategy of HSBC.","I support this petition because \r\n","its happened to me so many times... made 3 purchases for 74 cents each and got charged $35 per transaction of 74 cents... thanks, Bank of America!","my bank lets me over draft on the ATM cash balance instead of declining it pays and charges me $33.00.Now they are charging 50 cent at Branch ATMs-legal loan sharking!! ","NO MORE FEES!","Ouch!  That is high.  I'd switch to another bank over that.\r\n\r\nAsk them to change it s it will just decline instead of overdraft.\r\n\r\nThe only time i get an overdraft is when I withdraw to the max or close to it, then they tack on a service fee after tha balance is near 0, otherwise I get declined.\r\n\r\nWhat's really unfair is that the banks are really robbing us all blind.  eg: When you use your card for direct payment, you pay a service charge.  Then the store has to cash the payment, and so they have to pay a service charge.  It's like having to pay for something twice."]},{"link":"http://web.archive.org/web/20120114090829/http://www.petitionspot.com/petitions/bankfees/signatures/300","comments":["I support this petition.","I support this petition.","I support this petition."]}]}