{"title":"","text":"\nThe British government has recognized Kosovo as an independent state and since the  British Airways is the flag carrier airline of the United Kingdom, we believe that it is only right that the airline should change the name of the country the Prishtina airport is positioned as from PRISHTINA SERBIA to Prishtina Kosovo. \r\nWe as citizens of Rep. of Kosovo and frequent flyers with BA strongly ask British Airways to follow the example of many international airlines and change the location of Prishtina airport to Prishtina Kosovo.\n      ","author":"","signatures":[{"link":"http://web.archive.org/web/20100503015438/http://www.petitionspot.com/petitions/BritishAirwaysKosovo/signatures/300","comments":["I support this petition.","I support this Petition.","I support this petition.","I support this petition.","I support this petition.","I support this petition.","I support this petition.","I support this petition.","I support this petition.","I support this Petition.","I support this petition.","I support this petition.","I support this petition.","I support this petition.","I support this petition.","I support this petition.","I support this petition.","I support this petition.","I support this petition.","I support this petition.","I support this petition.","I support this Petition.","I support this petition.","I support this petition.","I support this petition.","I support this petition. Alban Hasani","I support this petition.","I support this petition.","I support this petition.","I support this petition.","I support this petition.","I support this petition.","I support this petition.","I support this petition.","The name needs to be changed as Kosovars do not want to be reminded about the past atrocities ","I support this Petition.  Leaving the name as it  appears is an abomination.","I support this petition.","I support this petition.","I support this petition.","I support this Petition.","I support this petition.","I support this petition.","I support this petition.","I support this petition.","I support this petition.","I support this petition.","I support this petition.","I support this Petition.","I support this petition.","I support this petition.","I support this petition.","I support this petition.","I support this petition.","I support this petition.","I support this petition.","I support this petition.","I support this petition.","BA stance it is more disturbing when you consider the fact that British Government has already recognised Kosova as an independent country. \r\n\r\nI think that British  Airways  should be made to change its position by taking commercial direct actions by the Albanian customers who travel to Prishtina, Tirana and Skopje / Shkup (FYROM),   boycotting its services until it changes its attitude and complies with the British Government and other  22 majority of European Community countries who recognise Pristina as Capital of the Republic of Kosova.","I support this petition.","I support this petition.","I support this petition.","I support this Petition.","I support this petition.","I support this petition.","I support this petition.","I support this Petition.","I support this petition.","I support this petition.","I support this petition.","I support this petition.","I support this Petition.","I support this petition.","I support this petition.","I support this petition.","I support this petition.","I support this petition.","I support this petition.","I support this petition.","I support this petition.","I support this Petition.","I support this petition.","I support this Petition.","I support this Petition.","I support this petition.","I support this petition.","I support this petition.","I support this petition.","I support this petition.","I support this petition.","I support this petition.","I support this petition.","I support this petition.","I support this petition.","I support this petition.","I support this petition.","I support this petition.","I support this petition.","I support this Petition.","I support this petition.","I support this petition."]},{"link":"http://web.archive.org/web/20100503015438/http://www.petitionspot.com/petitions/BritishAirwaysKosovo/signatures/100","comments":["change this destination","I support this Petition.","I support this petition.","I support this petition.","I support this petition.","I support this petition.","I support this petition.","I support this petition.","I support this petition.","I support this petition.","I support this petition.","I support this Petition.","I support this petition.","I support this petition.","I support this Petition.","I fully support this petition.","I support this Petition.","I support this Petition.","I support this petition.","I support this petition.","I support this petition.","I support this petition.","I support this petition.","I support this Petition.","I support this Petition.","I support this Petition.","I support this Petition.","I strongly support this petition.","I support this petition.","I support this Petition.","I support this petition.","I support this petition.","I support this petition.","because Prishtina is in Kosovo... so its pure logic","I support this petition.","I support this petition.","I support this Petition.","I support this Petition.","I support this Petition.","I support this petition.","I support this petition.","I support this petition.","I support this petition.","I support this Petition.","I support this petition.","I like this :)","I support this petition.","I support this petition.","I support this petition.","I support this petition.","I support this petition.","I support this Petition.","I support this Petition. It was a time to change this, as the UK have already recognised Republic of Kosova","I support this petition.","I support this petition.","I support this petition.","I support this petition.","I support this petition.","I support this Petition.","I support this petition.","I support this petition.","I support this petition.","I support this Petition.","I support this petition.","I support this petition.","I support this petition.","I support this petition.","I support this petition.","I support this petition.","I support this petition.","I support this petition.","I support this petition.","I support this petition.","I support this petition.","I support this petition.","I support this petition.","I support this Petition.","I support this petition.","Kosova now has it\\'s own international borders, it\\'s only acceptable that BA recognises this and amends the destination to Prishtina, Kosova. \r\n\r\nAfter all the British government was one of the first countries to recognise Kosova\\'s independence.\r\n\r\n","I support this Petition.","I support this petition.","I support this petition.","I support this Petition.","I support this petition.","I support this petition.","I support this petition.","I support this petition.","Common sense, get it right British Airways - we are not Serbia, we are Kosovo!","I support this petition.","I support this petition.","I support this petition.","I support this petition.","I support this petition.","I support this petition.","I support this petition.","I strongly support this petition.","I support this petition.","I support this petition. I think it is time to stop ironising Kosovar passengers.","The British government has recognized Kosovo as an independent state and since the British Airways is the flag carrier airline of the United Kingdom, we believe that it is only right that the airline should change the name of the country the Prishtina airport is positioned as from PRISHTINA SERBIA to Prishtina Kosovo.\r\nWe as citizens of Rep. of Kosovo and frequent flyers with BA strongly ask British Airways to follow the example of many international airlines and change the location of Prishtina airport to Prishtina Kosovo. ","I support this petition."]},{"link":"http://web.archive.org/web/20100503015438/http://www.petitionspot.com/petitions/BritishAirwaysKosovo/signatures/400","comments":["I support this petition.","I support this petition.","I support this petition.","I support this petition.","I support this petition.","I support this petition.","I support this petition.","I support this petition.","I support this petition. ","I support this petition.","I support this petition.","I support this petition.","I support this petition.","I support this petition.","I support this petition.","I support this petition.","I support this petition.","I support this petition.","I support this petition.","I support this petition.","I support this petition.","I support this petition.","I support this petition.","I support this petition.","I support this petition.","I support this petition.","I support this petition.","I support this petition.","I support this petition.","I support this petition.","I support this petition.","I support this petition.","I support this petition.","John Doe supports this mocement liek he supports his poe","I support this petition. Lots.","I support this petition.","I support this petition.","I support this petition to change \\'serbia\\' to \\'kosovo\\'","I support this petition.","I support this petition.","I support this petition.","I support this petition.","I support this petition.","I support this petition.","I support this petition.","I support this petition.","I support this petition.","I support this petition.","I support this petition.","I support this petition.","I support this petition.","I support this petition.","I support this petition.","I support this petition.","I support this petition. ","I support this petition.","I support this petition.","I support this Petition.","I support this petition.","I support this petition.","I support this petition.","I support this petition.","I support this petition.","I support this petition.","I support this petition.","I support this petition.","I support this petition.","I support this petition.","I support this petition.","I support this petition.","I support this petition.","I support this Petition.","I support this petition.","I support this petition.","I support this petition.","I support this petition.","I support this petition is right and i have raised this problem as many times as i have had flight on british Airways, where i have been told that it\\'s not their problem, REDICULOUS BRITISH AIRWAYS","I support this petition!!","I support this petition.","I support this petition.","I support this petition.","I support this petition.","I support this petition.","I support this petition.","I support this petition.","I support this petition.","I support this petition.","I support this Petition.","I support this petition.","I support this petition.","I support this petition.","I support this petition.","I support this petition.","I support this petition.","I support this petition.","I support this petition.","I support this petition. ","I support this petition.","I support this Petition.","I support this petition."]},{"link":"http://web.archive.org/web/20100503015438/http://www.petitionspot.com/petitions/BritishAirwaysKosovo/signatures/200","comments":["I support this petition.","I support this Petition.","I support this petition.","I support this petition.","I support this petition.","I support this petition.","I support this petition.","I support this petition.","I support this petition.","I support this petition.","I support this petition.","I support this Petition.","I support this petition.","I support this petition.","I support this petition.","I support this petition.","I support this Petition.","I support this petition.","I support this petition.","I support this petition.","Just don\\'t fly with BA until they change!","I support this petition.","I support this petition.","I support this petition.","I support this petition.","I support this Petition.","I support this petition.","I support this petition.","I support this petition.","I support this petition.","I support this petition.","I support this petition.","I support this petition.","I support this petition.","I support this petition.","I support this Petition.","I support this petition.","I support this petition.","I support this petition.","I support this petition.","I support this petition.","I support this Petition.","BA, this does not make sense.\r\nPlease change the name of the country.","BA, this does not make sense.\r\nPlease change the name of the country.","I support this petition.","I support this petition.","I support this petition.","I support this petition.","I support this petition.","I support this petition.","I support this Petition.","I support this petition.","I support this petition.","I support this petition.","I support this petition.","I support this petition.","I support this Petition.","I support this petition.","I support this petition.","I support this petition.","I support this petition.","I support this Petition.","I support this Petition.","I support this petition.","I support this petition.","I support this petition.","I support this petition.","I support this Petition.","I support this petition.","I support this petition.","I support this petition.","I support this petition.","I support this petition.","I support this petition.","I support this petition.","I support this petition.","I support this petition.","I support this petition.","I support this petition.","I support this Petition.","I support this petition.","I support this petition.\r\nIch empfehle es weiter...","I support this petition.","I support this petition.","I support this petition.","I support this petition.","I support this petition.","I support this petition.","I support this petition.","I support this Petition.","I support this petition.","I support this petition.","I support this petition.","I support this petition.","I support this petition.","I support this petition.","I support this petition.","I support this petition.","I support this petition.","I support this petition."]}]}