{"title":"All Cats Should Die","text":"\nAll cats should die please sign it!!!      \n      ","author":"Kevin Driedger","signatures":[{"link":"http://web.archive.org/web/20110828233628/http://www.petitionspot.com/petitions/Catsdie/signatures/1","comments":["I support this petition.","I support this petition.","I support this petition.","I support this petition.","I support this petition.","I don\\'t support this petition. What the **** is wrong with you?","I support this petition.","I support this petition.","I support this petition.Completely because I ****ing hate cats they dont do **** all they should all die","I support this petition.","I support this petition.","I support this petition. OH, DO  I EVER. Every last cat----and-dog----on the planet should be wiped out.","I support this petition.","I support this petition.","I support this petition.\r\n\r\nStefan B. Kaemmer, Ph.D.\r\nProduct Manager\r\nVeeco Instruments Inc.\r\n112 Robin Hill Road\r\nSanta Barbara, CA 93117\r\nPhone: 1.805.967.2700 x2423","I support this petition.Indeed!","You guys are assholes thinking thats just because you don\\'t like catzz you think you have the right to kill them!!!!!!!!If you guys want to say sry or even be a smartass ill kick ur damn asses go ahead my email is lollover21@gmail.com whores!!!","I absolutely despise cats, and I thoroughly wish that those annoying, worthless, stinking, furball-hacking, idiotic, should-be dog food, mother ****ers would ALL die!!!!!!!!!!!!!!!!!!!!!! !!!","I support this petition.","I support this petition. DEATH TO CATS!","I ****in hate cats","Do it! Cats suck!","I support this petition. I hate stupid cats... \\\"Icanhazcheezeburger\\ \" is pathetic!"]}]}