{"title":"1CDKEY.com/call of duty united offensive cd key","text":"         ","author":"","signatures":[{"link":"http://web.archive.org/web/20101218021532/http://www.petitionspot.com/petitions/codoffensivecdkey/signatures/1","comments":["I support this petition.","I support this petition.","I support this petition.","I support this petition.","I support this petition.","I support this petition.","I support this petition.","I support this petition.","I support this petition.","I support this petition.","I support this petition.","I support this petition.","I support this petition.","I WANT A CD KEY","I support this petition.","I support this petition.","I support this petition.","Ð”Ð°Ð¹Ñ‚Ðµ CD KEY Ð´Ð»Ñ� Call Of Duty - United Offence","I support this petition.","I support this petition.","koja je sifra\r\n","I support this petition.","I support this petition.","I support this petition.","I support this petition.","I support this petition.","I support this petition.","I support this petition. because its the best there is","I support this petition.","I support this petition.","I support this petition.","I support this petition.","I support this petition.","I support this petition.","I support this petition.","plz send me cd key","I support this petition.","I support this petition.","cd key","I support this petition.","I support this petition.","cd key online","cd key online","I support this petition.","I support this petition."]}]}