{"title":"","text":"\nPeticija za studente Filozofskog fakulteta u Novom Sadu koji žele da se cena prijave ispita na master studijama (koja iznosi 1.550,00 rsd) promeni (&#269;itaj: izjedna&#269;i sa cenom na osnovnim studijama). Peticija &#263;e biti priložena uz predlog izmene važe&#263;eg cenovnika koji &#263;e biti razmatran na slede&#263;oj sednici Saveta Filozofskog fakulteta u Novom Sadu.\n      ","author":"","signatures":[{"link":"http://web.archive.org/web/20100417100857/http://www.petitionspot.com/petitions/from1550to180/signatures/100","comments":["I support this petition.","I support this petition.","I support this petition.","I support this petition.","PS 20/08","I support this petition.","I support this petition.","I support this petition.","265/05","I support this petition.","I support this petition.","171/07","I support this petition.","769/05","EJ38/08","I support this petition.","111/04","EJ 34/08","I support this petition.","I support this petition.","117/07","711/05","146/05","I support this petition.","I support this petition.","I support this petition.","242/05","EJ 81/08","I support this petition. PM 20/09","I support this petition. 351/05","I support this Petition.","EJ 67/08","I support this petition. \r\n791/04","I support this petition.","I support this petition.","I support this petition.","1414/05","I support this petition. EJ 19/08","I support this petition.","I support this petition.","145/07","12/07","I support this petition.","EJ 47/08","EJ 30/08","I support this petition.","I support this petition.","345/03","Podrzavam ovo, jer su jako bezobrazni sa tim cenama prijava ispita. Em samofinansirajuci na osnovnim placaju vise nego budzetlije (sto je smesno i nelogicno), em nema budzeta na masteru (barem za vecinu), em sad silne pare oce za te prijave taman kad chovek navuce dovoljno novaca da plati skolarinu... pa dokle?!","I support this petition.","I support this petition.","MP 60/09","408/05","1108/05","877/06","I support this petition.","132/07","I support this petition.","I support this petition. 13/07","I support this petition.","882/06","I support this petition.","I support this petition.","I support this petition.","I support this petition.","I support this petition.","I support this petition."]},{"link":"http://web.archive.org/web/20100417100857/http://www.petitionspot.com/petitions/from1550to180/signatures/1","comments":["yes","PODRŠKA!!!","I support this petition.","63/09","EM2/09","37/09","I support this petition.","38/09","Podrzavam!","23/09","21/09","podrzavam!","5/08","I support this petition.","I support this petition.","50/09","46/07","Naravno da treba da se promeni!","I support this petition.","I support this petition.","I support this petition.","I support this petition.","I support this petition.","I support this petition.","I support this petition.","I support this petition.","I support this petition.","48/08","I support this petition.","ps 7/08","PM 26/09","I support this petition.","I support this petition.","12/09","41/09","I support this petition.","I support this petition.","I support this petition.","I support this petition.","I support this petition.","PH2/08","I support this petition.","MP 33/09","I support this petition.","I support this petition.","58/09","I support this petition.","EM 31/09","I support this petition.","I support this petition.","EM 6/09","I support this petition.","I support this petition.","ps 2/08","I support this petition.","I support this petition.","I support this petition.","I support this petition.","I support this petition.","I support this petition.","I support this petition.","I support this Petition.","I support this petition.","I support this petition.","I support this petition.","I support this petition.","I support this petition.","I support this petition.","I support this petition.","I support this petition.","br.indeksa PM40/09","58/08","I support this petition.","I support this petition. 49/09","I support this petition.","06/09","I support this petition.","30/09","I support this petition.\r\nPS72/08","I support this petition.","EM 27/09","I support this petition.","I support this petition.","I support this petition.","MP40/09","EM 47/09","I support this petition.","I support this petition.","I support this petition.","11/08","ps 80/08","I support this petition.","PM 8/09","I support this petition.","I support this petition.","I support this petition.","I support this petition.","I support this petition.","I support this petition.","I support this petition."]}]}