{"title":" Giglianne should be kicked off of If I Can Dream","text":"\nGiglianne has clearly said that she hates living at the Dream House. She is very rude to the other house mates and many times she does not work hard to be a model. We feel like it would be better if she was not on If I Can Dream.\n","author":"person1994","signatures":[{"link":"http://web.archive.org/web/20141014182034/http://www.petitionspot.com/petitions/Giglianne101/signatures/1","comments":["I support this petition.","I support this petition.","I support this petition.","I support this petition.","I support this petition.","I support this petition.\r\nbring someone else on that can appreciate the opportunities  the show is giving them.  Drama is one thing. Being an ungrateful, spoiled brat is another.. not worth watching with Gig on the show.","I support this petition.","I support this petition.","Gig is a ****ing death sentence for this show. If she is not kicked off I will no longer be watching. I\\'m serious.","Giglianni is very beautiful and she knows what she wans to do. She is focused. However, she does little if anything to improve upon her lack of modeling skills. Her personality should not be a factor in whether or not she is signed, but as far as living in the Dream House, she is such a child and she could only serve to bring drama to the group. If the producers of the show keep her on, it is only for the entertainment value of the drama she brings.","I support this petition.","I support this petition.","I support this petition.","I support this petition. Gig is a self centered, egotistical punk who needs to be removed immediately before she poisons the show for everyone.","I support this petition. Get Gig out of the Dream House. Bring someone in who cares.","I support this petition.","I support this petition.","I support this petition.","I support this petition.","I support this petition.","I support this petition.","I support this petition.","I support this petition.","I support this petition.","I support this petition.","I support this petition.","I support this petition.","I support this petition.","I support this petition.","I support this petition.","I support this petition. Bring in someone who cares about their dreams.","I support this petition.","I support this petition.","I support this petition. ","I support this petition.","I support this petition.","I support this petition.","I support this petition.","Get Giglaphoney off this show.  ","I support this petition.","I support this petition.","I support this petition.","I support this petition.","I support this petition.","I support this petition.","I support this petition.","I support this petition.","I support this petition.","I support this petition.","I support this petition.","I support this petition, because Gig is annoying and I can\\'t stand her. I won\\'t ever look at any work she does.","I support this petition.  What will it take to remove her & bring in someone we can root for?  It\\'s ridiculous! Let her find her way to the top by herself! Please!!!!!","I support this petition.","I support this petition.","I support this petition.","I support this petition.","I support this petition. They were smart enough to kick out amamda....kick out gig...i have stopped watching the show now be i don\\'t like watching her...she\\'s not going to make it...and she was mean to andy dick... she\\'s a no go","I support this petition.","I support this petition.","I support this petition.","I support this petition.","I support this petition.","I support this petition.","Gig is a ****ing skanky ass crybaby ***** she doesn\\'t deserve to be there!! I 10000% support this petition!!!","I support this petition.","I support this petition.","I support this petition.","I support this petition.","I support this petition.","I support this petition.","I support this petition.","I support this petition.","I support this petition.","I support this petition.","I support this petition.","I support this petition.","I support this petition.","I support this petition.","I support this petition.","I support this petition.","I support this petition.","I support this petition.","I support this petition.","I support this petition.","I support this petition.","I support this petition.","I support this petition.","I support this petition.","I support this petition.","I support this petition.","I support this petition.","I support this petition.","I support this petition.","I support this petition.","I support this petition.","I support this petition.","I support this petition.","I support this petition.","I support this petition.","I 100% support this petition."]}]}