{"title":" Should Geico Stop Stupid Comercials? YES!","text":"\nGeico makes stupid comercials that dont make sence for example one were they are camping in fleece and at the end of the comercial they say that wont save you any money on car insurance!       \n      ","author":"Samantha Spence","signatures":[{"link":"http://web.archive.org/web/20110325175857/http://www.petitionspot.com/petitions/GNTSSC/signatures/400","comments":["I support this petition.","I support this petition.","I support this petition.","I support this petition.","I support this petition.","I support this petition.","I support this petition.","I support this petition.","I support this petition.","I support this petition.","I support this petition.","I support this petition.","I support this petition.","I support this petition.","I support this petition. Geico ads should not be broadcasted.  It is extremely annoying.  Most current one is the wee wee commercial.  I do not understand the logic and the sense behind this idiotic ad.  These ads trigger decrease market share for Geico.","I support this petition.  I hate their ads so much that I want to contact their President/CEO to voice my opinion.  I\\'ve asked my friends and family/relatives never to buy insurance from Geico.  ","I support this petition. i am tired of the same comercials every single day like geico and other comercials.","I support this petition.","TV. Radio. Magazines. Stadium BATHROOMS, where they FORCE you to look at the stupid ads because theres no dividers between the urinals, forcing you to look straight up at the GEICO AD to avoid seeing too much of your neighbor!!!","I support this petition.","I support this petition.","I support this petition.","I support this petition. Please fire their marketing department.","I support this petition.","I support this petition.","I support this petition.","I support this petition.","I support this petition.","I support this petition.","I support this petition.  Wasting money on advertisements will raise insurance prices.","I support this petition.","I support this petition.","I support this petition.","I support this petition.","I support this petition.","I support this petition.","I support this petition.","I support this petition. The commercials from this year have nothing to do with selling insurance and are completely stupid. What does someone being really tall or making biscuits have anything to do with Geico? ","I support this petition. I never thought anything in the entire universe could be more annoying than those two stupid cavemen, but this latest batch of moronic commercials has even that beat. (the FBI looking douche) Congratulations Geico, you\\'ve managed (somehow) to out-do yourselves. Again.","I support this petition. The Geico commercials are so annoying that they were actually one of the reasons I ditched Geico.\r\nI hate the lizard ones. I hate that stupid lizard, and I hate its British accent. I don\\'t understand how those idiotic commercials are relevant to Geico\\'s service. \r\nThe caveman ones and the most resent \\\"Is John too tall\\\" ones are even worse. They make me really really nauseated. \r\nGeico should learn what witty humor really is!  ","I support this petition.","I support this petition.","I support this petition.","I support this petition. I lost 25% or more on car insurance by switching to Geico so no more switching. Geico idiotic ads actually work agains them.","I support this petition.  They are so unbelievably stupid.  They make no sense; it is like watching an episode of Family guy - brutal.  ","I support this petition. Why not talk about INSURANCE, not cavemen, lizards, and other nonsence that has nothing to do with insurance, ","I support this petition. \\\"Did the Waldens take way too long to say good night?\\\" goes a recent Geico commercial followed by a cacophony of \\\"Goodnights\\\" exchanged between the family. I understand the dynamics of marketing that to make people remember your product you want to make them laugh. But this is plain pitiful and completely unrelated to the product they\\'re getting out there. Never buying from Geico and encourage all my sane friends and colleagues to do likewise.","I support this petition.","I support this petition. I -REALLY- support this petition! After this years long barrage of stupid commercials I wouldn\\'t do business with GEICO if they were the last insurance co. in existence.","I support this petition.","I saved 15% on my car insurance.","I support this petition.","I hate these faggoty commercials so much! SCREW GEICO!","I will not watch or buy any product or service if the Supplier makes such horrible TV commercials.","I support this petition.","I hate those faggy Geico commercials, they piss me off. Every one of them is pretentious and retarded. What\\'s with that gay turd FBI looking douche and how does he relate to some random tall guy or some gay fay douche in a bar playing a violen? I HATE IT!! I hate it so much! SCREW Geico. I\\'ll never use their crap company ever. I hope they get launched into space and die by fire then get raped by a pack of rabid vultures.","I support this petition.","I have Geico but I still feel the commmercials are annoying!!","I support this petition. I hate geicos stupid ****ing commercials, especially the new ones with the stupid ass fiddler dude or the one with the big biscuit, get the **** off my tv you assholes.","Yes. PLEASE. That nasally, grotesque, fake, what-is-it, New Zealand, attempt at a caricatured accent on the stupid CGI lizard. OMG die in a fire already. (feels better now)","I support this petition.","I support this petition.  Their commercials are stupid and that flo girl is annoying, and im won\\'t buy their expensive insurance!","I support this petition.","I support this petition.","I support this petition.","I support this petition.","annoying ads = annoyed customers = no business\r\n\r\nI will NEVER support Geico. Any company that gets the attention of consumers by annoying the **** out of them deserves no business.","I support this petition. Those GEICO commercials are stupid.  The most hated is the \\\"Money\\\" you can be saving with GEICO. ALL of their commercials are STUPID!!!","I support this petition.","I support this petition.","I support this petition.","I support this petition.","I support this petition.","I support this petition.","I support this petition.","I support this petition.","I support this petition.\r\nGeiko needs to wise-up ... \r\nUnless their target audience is brain-dead , How in the world can they possibly offer the lowest rates when they flood every TV channel 24 hours a day with repetitive stupid commercials. \r\nProgressive is NO better, playing the same game . ","I support this petition.","I support this petition.  I have even went to the extent of creating a facebook group named \\\"I hate Geico commercials\\\".","I support this petition. Geico gave me the highest quote I\\'ve ever received. Any company that spends sooo much money on commercials..is supposed to help \\\"me\\\" save money? Talk about hypocrites. Plus the commercials are annoying as hell, that damn lizard is so annoying.","I support this petition.\r\nI so Sick of TV commercials!  They are destroying the fabric and joy of watching TV !!!"]},{"link":"http://web.archive.org/web/20110325175857/http://www.petitionspot.com/petitions/GNTSSC/signatures/100","comments":["I too hate poor grammar and even more - bad spelling!!!\r\n\r\nBut - I LOVE the Geico commercials and I don't even own a car!  They are way better than that irritating \"belly fat\" commercial or the zillions of \"legal\" drug commercials and I could name many more.  I like the humor and I think the Geico ad agency is a winner!","Not only are the commercials dumb, they outright lie. With excellent driving record the best Geico would offer me is twice what I was paying their competition (good competition at that, not some basement insurance joint).","Get rid of the \".. No, but I did just save a bunck of money by switching to geico\".  I will NEVER buy insurance from them because of the countless hours of my life wasted with this dumb commercial.  I support this petition.","Ronny","The Gecko is THE MAN  you dumb bastard.  Keep the commercials coming.  Some people just dont get comedy.. Pray for them","Join the Klan www.kkk.com","I support this petition.","I support this petition.\r\ngheckos should only be kept as pets or fed to larger herps. plus the company sux goat udders.","You need to wake up. Geico is making a fortune from the Gecko commercials. The Gecko is one of America's most recognized advertising icons. And, whether you want to admit it or not, America LOVES the Gecko. Give it up!!!","the commercial doesnt make sense.  IF U LIKE THEM THEN KISS MY BUTT AND HAVE SEX WITH THE GECKO!!!!","I called up to try to save 15% or more on my car insurance, the person on the other end of the line told me a premium that was double what i pay through nationwide, insane!","OH MY GOSH i FREAKiN HATE THOSE COMMERCiALSZ AND ANYONE THAT LiKES THEM SHOULD GO HAVE SEX WiTH THE GECKO","I wouls love to pour drain cleaner on that stupid Aussie frog!","Duh. the comercials are so stupid and turn away most people looking for car incurance. they sould watch the comercials before they air them and then theres a slight chance they'll get a customer. the makers of the geico comercials are cockroaches and i dont mean to insult cockroaches","I support this petition.","Samantha... HELLO, it's spelled SENSE! What school did you go to???\r\n\r\nKaTrina... do you have any idea what the space bar is?\r\n\r\nAaron, get a life will ya?\r\n\r\nJames... there is no Z in advertising!\r\n\r\nMikka, write back when you can actually have an opinion!\r\n\r\nihategeico... if you are punching your radio, you are probably the asshole who caused the 20 car pile-up... STUPID!\r\n\r\nRenae... if your \"personal favorite\" is Nationwide, then why are you wasting everyone's time?  You must have a bad driving record!\r\n\r\nSTUNNED!!!!  I HEAR YOU!!!  Thank God there is another human being in this world who sees bad  grammar and typos as a sign of ignorance... I'm not alone!!!!\r\n\r\nChris... right on!","Get a life, find a purpose! The advert caught your attention cuz it was stupidly funny! That's the essence!","I support this petition.","Geico rocks! wat r u talking about! look at the lil Gecko! how cute! aha","Geico Commercials kick ass!  The Gecko is hilarious!","Ok they are all stupid the only one that needs to be a Tv show is the one about the people in the little house that would be a great TV show! But seriously they are really boring! It's cool your just trying to advertise, but its called billboards people!comeon!But I'll admit I do like the gecko thing!I just wish that there would be no commercials at all esp. during my favorite shows!If someone could start a petition about stopping all commercials for everyone that would be great! But hey w/e works!","you guys are all fucking stupid, the gecko is the fucking shit and if you keep talking bad about him ill fucking kill you guys","I support this petition. STOP THOSE FUCKING ANNOYING COMERCIALS!!!","I support this petition.","I belive the ads need to be taken off the air because their claims of saving most customers money is false. Everytime I had them quote me, they have failed everytime to beat even the more well known and typically expensive insurance companies. I have a clean driving record with nothing that would result in having increased risk as an insuree. There are laws concerning truth in advertising and there claims continually voilate this. Also you have to ask yourself if they spend so much on advertizing on all networks, how can they really save you money?","I support this petition. Ya, the stinking accent doesn't matter a thing, and they start to trick you into thinking that you're watching a REAL commercial!!!! I don't even own a car!!!!","\r\nTHE COMPANY IS GAY AND SO ARE THE COMMERCIALS!!","STOP WITH THE IGNORANT EARTHLINK COMMERCIALS!! Little angels, goofy lookin trolls, weird people talkin about how they can stop spyware and how it is a great thing? IT IS DIAL UP YOU IDIOTS STOP IT NOW!!! thank god for my TIVO!!!","Geico has the best commercails on television. But let me ask you something. This petition may stop the Geico commercials, but will it save you 15% or more on your car insurance?","Fu, the geko is awsome...","i want the old geicko back te funny one the one that did all kinds of cute things who the fuck cares about the accent and where the dam geicko is from it is funny it is meant for us to come home and fucking have a laugh dam it .....i love him the old one that is not this new one he is to serious ......","I support this petition.\r\nI can't explain it but all Geico comercials infuriate me.  I somerimes punch my radio when im driving.  The latest ones with the ventriloquist is bizzare and creepy.  I hate gieco and their advertising agency.","I LOVE THE GECKO ONES.","Why do you think the company is shady? Of course they are! They use the money that should be protecting it's clients to pay the $30,000+ salaries of their irresponsible employees.","GEICO sucks more than anyone knows. Not just in how they handle their insurance, but in how they care for their employees... basically, the same way: they DON'T. I don't trust them as far as I can throw them.","Yes, Geico sucks. Why? I checked prices with many different companies, and their rates were way off, higher than everyone else's. No, It's not due to my driving record, (by the way, no tickets...) Every company based their price on the SAME information. AND it took MORE than 15 minutes.  I gave them info, then they made an appointment to call me the next day???  \r\nThen, I told them no, that they were charging $300 more than full coverage from Nationwide (My personal favorite insurance company). They didn't want to take no for an answer, repeatedly calling with these stupid messages about their customer satisfaction ratings? and repeated emails and letters??? \r\nWHY would I want to pay extra for insurance from someone who lied about giving 15% savings in 15 minutes?\r\nI would not want to trust them with my car, now that I know what a bunch of lies their commercials are....","I'm right there with 10...Perhaps some of you should spend this energy and time going back to school to learn how to spell and use proper grammar.  Your points get completely lost in the garbled spelling and poorly conjugated verbs.  I will say, the laugh I got from the word \"uneducated\" spelled incorrectly was worth plodding through that mess!  If you must petition something (although petitions are long proven to be ineffective), find something to care about that truly matters.  Love the ads or don't, there are much more important things to get upset over.","I happen to be a GEICO employee, and i couldn't love it more!! So while your sitting there with your petty $500 christmas bonus complaining about our commercials know that I am sitting in front of my TV with my $5000 profit sharing check laughing my ass off at those commercials!!!!!","I am a Geico patron and I love the commercials. But WHO is Estabon??","Geico commercials aren't supposed to make sense, retard.","I do not support this petition.","Even the \"I'm lovin' it\" commericials are better then the Geico commercials. But their goal is too make them stupid so that you'll remember them. Their plan is working and the more you keep talking the more they'll keep doing.","geico.com\r\ngeico.com\r\ngeico.com\r\ngeico.com\r\ngeico.com","I've got good news and bad news.  The bad news is I lost another loan to Di-tech.  The good news is I just saved a bunch of money on my car insurance by switching to Geico.  So, with that money I'll go and buy a Bow-Flex because it will make me thin.  Then I'll go to the doctor and get a prescription for Enzyte so I can be smiling all the time like that cool guy Bob in the commercial.\r\n  There's a few examples of the incredibly stupid ads we keep getting beaten over the head with.  The most recent one which irritates me to no end is Earthlink.  I saw the same ad twice during one commercial break.  That's as bad as Geico showing their ads back to back.  I have to ask, is their target audience just complete morons who aren't going to get the message the first time.  Anyway, the Earthling commercial, when the girl at the end of it say, \"I promise to treat your problem like my problem.\"  I don't know what her problem is so why would I want mine treated like that?  The correct wording would be, \"I promise to treat your problem as if it were my own.\"\r\n  If Geico, Di-tech, Enzyte, Earthlink and Bow-Flex have decided stupidity is an artform, they've done it.  If they think beating me to death with their tv, radio, newspaper and junk mail ads is going to make me want to be a customer then they're dead wrong.  I won't feed the beast, I won't pay for those ads.  How much money could all these companies save me if they cut back on their ads?  I called Geico once to get a quote (I wasn't going to do business with them even if they were cheaper) and their price was $700 dollars more than my current carrier.\r\n  I could go on all day but here's where I'll stop for now.  Don't feed the beast!!!!!","First, half the people here are idiots. Yeah if you've been with a company for 5 years you get more discounts and it'll be cheaper. \r\nSecond, COULD save you UP TO 15%. Doesn't say will, says could. Would you like a big blinking red light that says NOT EVERYONE WILL QUALIFY? Sharpen your listening skills.\r\nThird, you can all sign this petition as much as you like. It's not going to do a damn thing. You can't sign a petition to make someone change their marketing strategy. Whoever made this thing needs to grow up.\r\nFourth, the commercials are obviously getting your attention if so many of you remember then, so they're doing what they're created for. You either love them or hate them. Deal with it. There's a mute button for a reason. \r\nFifth, they only do 6 month contracts, as do most companies. There is no extending your contract, only renewal after your 6 months. If you don't pay your bill, you get canceled. Real simple. They don't extend your coverage so they can not get paid even longer. That'd be a great business practice.\r\nSixth, who in their right mind would want to insure only high-risk drivers? Think about that. They're more likely to be paid out for an accident. Hence the high-risk. The companies that cater only to those drivers are much more expensive, and usually fight over every nickle when it's time to pay out.\r\nLast, Geico is a good company. If you stopped speeding or getting into wrecks you wouldn't be paying more. They don't follow illegal practices, if they did they would be shut down. Laws are strict and they're followed up on. \r\nNo, I'm not an employee. No, I don't have their insurance. I DO work for a competitor, and I'll tell you that you could find the same things said about my company. \r\nJust get over it.","I have good news, i just saved 15% on my car insurance.\r\n\r\n","you gys r stupid it dosen't matter bout the comercial just that u cant get go insurence but i no u no at least one comercial was funny i love them and the gecko's so cool","There is absolutely no point to the commercials. They don't have anything to do with car insurance at all. At least we can avoid them, unlike more important matters.","OMG YES THEY ARE SOOOOO FRICKIN RETARDED ITS NOT EVEN FUNNY. I MEAN CAVEMEN ???? CMON..MCDONALDS DOES BETTER COMMERCIALS","Yes cuz those comercials are fuckin gay!!","I support this petition. I HATE THEM!! ","i love the little gecko hes adorible and hu cares wat u think?\r\n","If you don't like them, don't watch them. Isn't there something more significant you spend your time on like AIDS, CANCER RESEARCH, DRUGS, VIOLENCE, THE WAR!!!","I HATE THEM","I'm really convinced that this petition is for real, especially when the author of it can't spell for shit. Imagine that; neither can anyone else who has signed this. Is everyone here illiterate?","they have gone from cute and catchy to annoying as all hell...","Why must Geico put commercials on kids channels? Most kids who watch them don't even know that cars have insurance, or heck with it, what insurance is!!!","wy dos geico do dis ta us?day suk!","No....The geico commercials are the best. My friends and I all laugh at their commercial. If I was old enough I would get Geico insurance. \r\nBesides their commercials catch people's eye because whether or not you like it you still remember the commercial.","Are you fucking kidding me Get a fucking these commercials are so fucking funny maybe all of you out there that dont think that they are funny should get some new friends and maybe a better life","These commercials have turned me off to Geico.","AHHH!!! There so predictable!!","i love geico commercials. if u don't like them change the channel. obviously they're accomplishing something if they're still on the air...","Geico commericals blow.","I support this petition.","yes,they should stop ","I support this petition.","SHUT UP!!! ALL OF YOU!!! I LIVE FOR GEICO COMMERCIALS!!!! IF YOU DON'T LIKE THEM, CHANGE THE CHANNEL!!!","I LOVE Geico's commercials that don't make sense. The one you mention is hilarious; it's a parody of Old Navy's fleece ads, with the point being that their clothes won't save you money on car insurance. It's funny, it's random....and if you don't get it...certainly don't waste time making pointless petitions. Geico makes some of the best commercials in the world.","Samantha,\r\nSense is not spelled \"sence\".  Or is your last name Spense?","NO!","Hell yes, they should stop....it's so annoying! Do u see anyone laughing....i think NOT!!!","Len - you are SO on target. I was reading this asking myself the same things, and, as a marketing professional for over 20 years, wondering how much therapy it would take to help these kids. yikes.  Sure, people can express their opinions. Including this one. Ever heard of misdirected anger kids? ","I love the commercials.  And I love the fact that above the 'Sign the Petition' section is a hyperlink for a Car Insurance ad!  You can do it!","Gotten isn't a word"," Geico commercials have really gotten weird...you're right. I have no fucking idea what they're trying to do anymore...","HOLY CRAP GUYS CALM DOWN!!! I think those commercials are ingenious....just by making these comedic commercials...they attract the attention...they plant the seed in your mind that when you think of car insurance...you think GEICO......maybe their not the best insurance but they are advertising the right way...just by getting they're name out there","It's idiotic, the gys who make these. They should make commercials that make people want to buy from them. Geckos aren't getting that done all the way","I want to blow up my TV when they come on.  And my rates with them would be twice what my rates are with my insurance company.  That is more than 15% isn't it?  The cavemen are cool though.  Death to Geico.","I think the geico commercials are funny...:)","I'm one the 3 percent and I hate being spoke to as if I'm the stupid.","People have every right to come here and express their opinion about geico. It's dumb that you people come here to give your opinion about other people expressing what they wish. If you don't like these opinions get of the computer. ","Geico has the right to advertise however they want to. It's their money, and they spend it accordingly. Regardless of what your opinion of it is, bottom line is they get customers from it. So why should they stop? More importantly, what gives you the notion that you should do something to stop them? If you have a problem with what you are seeing, change the channel, or watch less TV. Oh, and by the way, it \"sense\" not \"sence\".","I stumbled across this site while surfing for something else but was amazed at the self importance of most of the signatures. Those of you that respond to a stupid commercial with such venom really need to re-assess your priorities.\r\n\r\nIt is absolutely hilarious that there is even a site like this with a subject like this and it's getting the response it is.\r\n\r\nYou people watch way too much TV. Which is why ad agencies make such commercials.\r\n\r\nThey are commercials! How can they affect you so personally and so deeply?","Advertising is flooding the USA and its bullshit. I am sick to the point of pukeing. They are wasting our time. People say tv adds pay for the tv channels bills. Well anyone think that mabe these people are getting paid WAY TO MUCH!! So stop the greed and cut some of the bullshit already. There is no reason to have as many advertisements as we do other than greed. Fuck them.","You are stupid to start this pition who cares about that stuff.","It cracks me up how important everyone thinks there individual opinions are ever since the internet.  Whoever owns Geico is obviously better at life than you so how about you get off the couch if you don't like whats on tv and stop sucking at life so much.","Tv Advertising is absolutely needed. That is not a question. Commercials have a purpose. Some are great, some are bad, and some (like geico's) are absolutely crap.\r\n\r\nThe fact that they use the bad situations that many real people have to deal with in pain, and the imperfections of nature to gain market, makes them a bad company with a bad ad agency.\r\n\r\nI can honestly say that this is the only company I've ever hated for their commercials. \r\n\r\nIf they can't win you over with a positive influence, I guess they have to \"get dirty\" and burn their name into your emotions. I just hope that one day, they go through one of those bad situations that they rub in your face with every commercial.\r\n\r\nI am also happy to say that I have helped others prevent the mistake of going with geico. ","When it comes to GEICO's ads, I can't say that they are all bad.  When seeing a new ad of theirs rather than the \"oh another commercial\" response, it's more like \"what the heck is this!\"... and then figuring out is a GEICO ad... it certainly breaks the monotany.","I LIKE THE ONE WITH THE LADY WITH THE BUMPER STICKER ON HER BUTT AND AN AIRHORN","When you call other people trailer trash what does that make you? You probably think you're all high class but really the looser. I doubt you get any enjoyment out of life. Why else waste it putting others down. You probably have a permanent lemon pucker.\r\n\r\nI don't watch most commercials, but when I'm zooming through them and notice a GEICO I back it up and savor it. Some are far better than others. The caveman bit is pure genious! And Tony Little doing a self parody is a riot! You can do it! These commercials would not be the deciding factor in whether I bought their service or not, but it does make their name stick in my mind.\r\n\r\nSome here bring up other commercials, like ditech. I don't really get into those as much. But another company that does make me stop and watch are the BK commercials. Cowboy Hootie, the plasic faced king somehow appearing uncomfortable while sitting in bed with some guy, happily rolling in the floor with the family dog, scoring a douchdown and doing a triumphant ditty, all incredibly funny!\r\n","some are stupid but some are funny and they are funny to different people in different ways. i for one enjoy alot of commercials and use any of the products or services from them unless i want to or they have what i need. but if your going to sell something...... like insurance where everyone knows what it is already and you just need to get your company in peoples heads than what better way than a mindless commercial. at least its entertaining... also they couldnt save me anything on car insurance.","Geico engages in predatory business practices on a routine basis.  How else could they pay for their crap commercials.  Bait & switch tactics from the getgo. & quit paying and they will extend your policy untill you \"owe\" them several hundred, cancel you and send you to collections. Never mind that they should only insure for as long as the funds last.   What a bunch of corporate pirates!","i agree hate the salmon one","An auto insurance company that would intentionally lower their own public perception, by running theese juvenile commercials, is surprising at least.\r\n   As a mature excellent driver, Geico appears inept, and I would never use them, because of their commercials alone.\r\n   I think they are targeting youth and or, the lesser abled of the population of drivers. Assigned risk...higher premiums...they are having the last laugh.\r\n   I hope they get them all soon. Then they will change their direction to target a different demographic.\r\n    ","I went looking for hate comments on the Geico commercials and I could not believe how many people love them!?! I admit the caveman commercials are brilliantly funny, but the \"I've got good news\" commercials are some of the most mindlessly un-funny commercials I've ever seen. I can't beleive people love them. One gratifying aspect: the people who love them all seem to be lowlife trailer trash. So apparently it's an intentional Shakespear-esque allusion on the part of Geico, and as their car insurance market is predominantly lowlife trailer trash.  Therefore, these awful commercials too are brilliant.","Just think, all the money you could make if you owned a tv station. Companies just clawing to buy 30 to 90 second spots to get their products advertised on your network. It measures in the $$THOUSANDS$$ Time on your tv station well earned.","Without commercials, no matter how stupid some may be. They keep our favorite tv stations on the air.","So whats gonna happen when you get all of your signatures?  Which may I add half are for Geico.  You gonna send it to them and what?  Expect them to say, \"Hey Samantha has a petition with 50 names on it... Maybe we should stop doing commercials and just stick to magazine ads.\"  Right... maybe next time.  \r\n\r\nAs far as fuck commercials, because most of you are juvenile and uneducated, commercials are a must and they do work.  By the way these stupid commercials pay for all of your 30 min TV shows.  They cost A LOT of money, if they werent working, Geico wouldnt make them.","your ad with the bear and the salmon was in very poor taste. I have never felt so strongly as to react to my feelings..Sorry"]},{"link":"http://web.archive.org/web/20110325175857/http://www.petitionspot.com/petitions/GNTSSC/signatures/200","comments":["I support this petition.","I support this petition.  He's too far down the food chain to talk.  He's not cute, and it's not really his voice.  Some English person with a deviant sexual preference provides the voice. ","I agree.... they need to stop making the most retardest commercials","I support this petition. They could save everyone a lot more money if they weren't spending profits on irritating ads. Insurance is something we are FORCED to have. Why advertise it. We'll find you. I will never purchase Geico. Save money. Cut rates!","I support this petition.","I support this petition. The commercials are stupid and have no meaning. The newest cavemen ones are good examples. And the geiko is getting old.","I support this petition.","I support getting rid of the cavemen... Just like the caveman and when he sees Geico and becomes angry. I see the Geico caveman and become angry.","I support this petition.\r\n\r\nKill the horrible ad campaign and kill that damned gecko!","I support this  petition ... They are so thick and stupid they are actually advertising on this page. Give us a break GEICO. Oversaturation of ads just makes people hate you and trust you even less. ","I support this petition.","I hate that stupid gecko","kill the lizard,all gieco ads are iritating but the lizard has to be the worst","I support this petition.","I support this petition.","I support this petition. GEICO won't get my business just because people stupid enough to run these commercials are too stupid to handle my money.","You spelled \\","I REALLY HATE THOSE ADS THEY ARE SO STUPID. THEY SURE DO HAVE A LOT OF CLAIMS. SOUNDS LIKE A SCAM TO ME TO HAVE SO MANY CLAIMS.SOMETHING ILLGEAL IS GOING ON THIER. LETS DUMP THE ADS THEY STINK","I support this petition.","I support this petition.","This is one of the most stupid and ANNOYING commercials I have ever seen. DEATH TO THE LIZARD!!!!!!!","I support this petition.","Geico commercials make no sence! I called to see if my rates would be better last year and I was on hold for more than 40 minutes! whatever happened to the 15 minutes could save you?","I am really, really, really, really sick and tired of all the Geico commercials. They seem to advertise more than all the fast food places and beer companies COMBINED!!!Not to mention, they advertise EVERYWHERE! TV, radio, magazines, even airplanes! Geez! GO AWAY GEICO, GO AWAY!!!","Geico&amp;amp;amp;#039;s commercials are fuKIN stupid and pointless WASTE OF MY LIFE!!!!!!!!!!!","lame, stupid cavemen crap","I've got a camera!","*The Final Geico Commercial*   An entire advertising agency is rounded up and publicly hung in the center of a large city","Stupid f*cking lizard. I hope you die.","Geico's comercials are getting stupider all the time.","Geico needs to fire their ad agency!!! Period","Commercial is thinly veiled racism. It makes light of matters whose historical dimensions its creators fail to understand.","I think that the Geico commercials were annoying from the start. The cavman ones get played over and over and everyone is sick of them. Do they think that with time people will start to like them? They are rediculous!","People...you're overlooking the obvious.  It's called the POWER button, and it's on the front of your TV.  If you find these commercials that objectionable, then turn the @#$% TV off!  You should probably spend more time reading, anyway.","I support this petition.","I just downright hate the cavemen and that damn gecko!","Geico commercials do not relate to what they are about, I think they are trying to hard to make it different, but with no class and the wit is just careless","can i make more comments about this ass fuck go shit in a hat gecko fuck or only one fucking signature","geico is a bullshit company i want to step on that fucking gecko,stupid fucking accent","Your a dope.  Florida has no fault insurance and it pertains to your injuries.. dumbass.","I support this petition.","The gecko commercials are old and not entertaining anymore.  Especially when they went to the heavy British accent.  The commercials used to be funny but are just annoying now.  They should switch over to the caveman commercials from now on.","I support this petition.","EVERY 5 SECONDS....give me a BREAK~~~~~","  I'm sure \"Little Richard\" saves you 15% on your car insurance! For the love of God, please cancel your Geico Insurance.","Cheap, evasive, deceptive, and devious - that's the best thing I can say about Geico and any of the other SOB insurance thugs that OWN our state legislatures.  They screw you and expect you th say \"thank you!\"  There's a place in Hell reserved for Geico personnel and the many others like them in the insurance industry.","I just saved a bunch of money on my car insurance by switching to Geico!","TV can't even be watched in peace anymore. Everytime a stupid Geico ad comes on, we have to change the channel or just barf.","The Geico ads have the intellect of a caveman, the appeal of a reptile and are outright annoying.","I truly hate geico commercials. I now make it a point to kill every lizard i come across. I had to use geico for a year back in the 90's,never had an accident or ticket,but had many rate increases. \r\nTHEY SUCK LARGE CAVEMAN COCK!!!!!\r\n Thanks to this petition site for letting me vent.","It's one thing to have really stupid annoying commericals but to have stupid annoying commercials on EVERYTIME there is a break is VERY annoying. I mute the commercial everytime one comes on and refuse to ever go with Geico because of this harrassment. The commercials are the stupidist I have ever seen which should reflect on the company. From what I have heard the company rates are really high (they must be to pay for commercial after commercial and to pay someone to come up with a commercial even stupider than the previous one). I have gotten several of my friends to change insurances because of the higher rates (I found them much lower rates, one in particular went from 158.00 a month to 64.00!) I keep wishing the commercial terrorisim would stop and I hope this helps! I am so glad others are taking a stand against this company. Makes you wonder why they have to try so hard getting customers resorting to stupid commercials over and over again. It is a bad company with terrible service from what I have heard. They should put more effort into lowering their rates and having better customer service than to put their resouces into those ridiculous commercials. KILL THE LIZZARD with the fake accent!","All they can say about themselves is they give a FREE QUOTE is that all they got? I like the Cavemen but that lizard make me puke.","Gecio could suck my nuts  :0","  hello al there mates.its me mate, the talking geico from geico.I'll tell ya all you mates a harry potter story.This is how it goes...harry potter woke up in the morning in hogwarts.ron was next to him and said\"harry i heard lord voldomord when i was sleeping and he said he was gonna murder you!\"\"is that true?\"yelled harry.\"yes,but i have some very good news!\"snortd ron\"realy, you know da speel to kill him?!?!?!\"cried harry\"no, i just saved a bunch of money on my car insurance by switching to geico,abracadraba!\"now mates wasnt that good ol' harry potter story?","A petition?? What a great idea. Because we all know internet petitions always work. Instead why don't you guys go outside Geico's headquaters and commit mass suicide. That will probably get more attention. If any commercials should be taken off the air it should be the self serving, pretencious Truth anti-smoking ads. ","Geico can f**k me anytime.  Call me @ 509-525-6460","i think they should get rid of all commercials in general.. i hate waiting for a good show to come back on.... except for movie trailers, i want to see the new movies.","I support this petition.\r\nIn 2001 I was run off the road by a drunk driver, my car had a lot of damage, as did I.\r\n Geico told me \"Florida does not have No-Fault Insurance\"!!\r\n Get rid of them.","THey cancelled my insurance .  for over 2 months I drove with no insurance and didnt even know it!!!!   they never even gave me a phone call to tell me..   shut these scumb bags down","you fucker suck dick and get on with your fucking lives you bitchs\r\n\r\nfuck you dumb bitchs","i love the geico gecko you fuckers if you have a problem e-mail me at mtymty21@comcast. net \r\n\r\np.s. you can die you fuckers ohhhh you got told off by a 8th grader","you all fucking suck dick the geico gecko rocks you ass fucks\r\n\r\nfrom someone who hates all you fuckes\r\n\r\np.s. you can burn in hell bitches","I support this petition.  I gave that gecko the name \"Jar Jar Crumpets\"  Well yeah, the thing looks like that particularly annoying Gungan and ever though it has a british accent, it still has the same annoying as that Gungan. ","Ok, I'm watching tv and there is a mock talk show with a talking lizard.  Not only that, it has an english accent.  Then it insults you be reminding you how stupid you are for watching a commercial that poses as entertainment.  What a fucking moronic ad campaign.  I understand branding is important, but is it more important than annoying OTHER potential client base, you know, the ones that arent idiots who buy auto insurance because of talking rats or whatever but because the insurance might actually be worth a shit.  Oh ... well that might explain it ...\r\nGeico touts 97% satisfactions rate.  I bet that's the rate for overall policy holders.  Wonder what the satisfaction rate would be for only those who had to actually file a claim. Bet not 97%.\r\nGIECO is pure shit.","I support this petition.  I used to like the Geico ads before they brought that damn gecko in every damn commercial.  Now they're doing the same with the cavemen, who were also not very interesting to begin with.\r\n\r\nBTW, that \"camping\" commercial they did was meant as a spoof of the ridiculous, godawful Old Navy ads...how about a petition against them?","Every time someone supports this petition the Geico Gecko dies a little inside.\r\n\r\n\r\n\r\n\r\nDIE YOU FUCKING BASTARD DIE!","I support this petition.  I mean, they get on my nerves!  DIE YOU STUPID GECKO!!!","I dont support this I LOVE the Geico gecko you fuckin'idiots","i need to take a shit","I do not support this petition. It is only a commercial and obviously someone is making quite a connection.","go you people!!!!!!!!!!!!!!!!!!! !!!!!!!!!!!!!!!!!!!!!!!!! !!!!!!!!!!!!!!!!!!!!!!!!! !!!!!!!!!!!!!!!!!!!!!!!!! !!!!!!!!!!!!!!!!!!!!!!!!! !!!!!!!!!!!!!!!!!!!!!!!!! !!!!!! !!!!!!!!!!!!!!!!!!!!!!!!! !!!!!!!!!!!!!!!!!!!!!!!!! !!!!!!!!!!!!!!!!!!!!!!!!! !!!!!!!!!!!!!!!!!!!!!!!!! !!!!!!!!!!!!!!!!!!!!!!!!! !!!!!!!!!!!!!!!!!!!!!!!!! !!!!!!!!!!!!!!!!!!!!!!!!! !!!!!!!!!!!!!!!!!!!!!!!!! !!!!!!!!!!!!!!!!!!!!!!!!! !!!!!!!!!!!!!!!!!!!!!!!!! !!!!!!!!!!!!!!!!!!!!!!!!! !!!!!!!!!!!!!!\r\n","I support this petition. ARe you guys a bunch of up tight litle bitches or what? it's a friggin commercial for christ sakes. ","I support this petition.wat is up with there gay commercials first it was a geico and then it turned british and then it did the robot is this some stupid tactic to get teenagers to buy there car insurance cuz i don't kno if they kno but no one does the robot anymore! and its america","I do NOT support this petition. I think those commercials are funny and they give me a break from the boring ones.","I support this petition.","I support this petition.","The point of a commercial is not to get you to buy Geico insurance, eveidently no one that signed this petition went to college.  the point of a commercial is get you talking about a product and inquire about said product.  Obviously, since all of you are resorting to signing this petition, Geico ads are extremely successful.  I mean, serioulsy, how you can you not like their ads, \"they're like free pie and chips.  its pie, and its chips, and its free\"\r\n\r\nGo back to work and do something productive","I support this petition and hate that british pie and chip eating lizard.  quick, someone stab it with a sharp stick.","I support this petition.\r\nBTW< I was a GEICO customer for quite a few years. Auto and home. They sent me a letter saying they were cancelling me, the letter was dated over 30 days after this took effect. I (and my wife) was driving 'naked' for over a month! They later dropped my home insurance after I had a claim. ALSO: Geico owns a company that makes RADAR UNITS for you friendly local Police department. Get a radar ticket?  GEICO will raise your rates! Neat huh? BTW the \"Gecko\" has a Cockney accent.. the Aussie accent probably came from that. I don't expect GEICO to stop the stupid ads, as stupid works if people talk about it. But I hope people will not deal with them, if for no other reason as the Cop Radar cited above. RE: some of their other stupid ads :\"Estaban\" and \"Tony Little\" are Whores!","I support this petition. I have despised the GEICO commercials since they started using the gecko. First off, the ad agency they used must have run out of ideas or have no imagination to come up with the gecko thing which makes no sense to me at all. When the ad campaign first started people were calling the gecko trying to reach GEICO? Give me a break.. Second, the core of the campaign is to \"save you money on your car insurance\".. Just for grins I got a quote from them and not only did they NOT save me 15 percent or more they were in fact 100 percent higher for the same insurance I have now. Just my 2 cents.","I support this petition.","I DO NOT support this petition.  I really like the \"Sign up for Geico -- it's so easy a caveman could do it\" series, particularly the one that ends in the restaurant; one caveman orders duck with mango salsa and the other looks very resentfully at Stupid Spokesman Guy and says, \"I don't have much of an appetite.\"\r\n\r\nIt's a funny poke at people who are thoughtless about what they say...","#155 Mitsuko-chan\r\n\"There is absolutely no point to the commercials. They don't have anything to do with car insurance at all.\"\r\n\r\nthe commercials are obviously working. You are talking about them on this forum.  Funny or not, which I find them creative, they are getting people to talk about GEICO. BTW - i do not support the petiton. and what if everyone in the world signed the petition, would GEICO pull the commercials? ah... NO. so that makes this \"petition\" stupid and useless and you people need to find something better to do with your time. \r\n\r\n","NO!!! That Aussie gecco is amazing! He rocks my socks off! \"Hello, you've reached Gecco, not to be confused with Geico, which could save you hundreds on car insurance!\" lmao :D cute guy!","fuck u guys the geico commercials are awesome","thank you for all the free advertising you've done for Geico... ;-)\r\n\r\nYou people truly are ignorant.. it says COULD not WILL save you 15%.. \r\n\r\nMorons.","Tell that little gecko to shut the hole under his nose. I've compared their rates, and I'll be dammed if I can find the 15% savings. Since the commercial where the station wagon drives off the road trying to keep from hitting a squirrel, and the rodent starts high 5ing his friend, many a squirrel has died under my tires. It's not just the little lizzard, it's all those geico tv ad's. They've gotta go","I support this petition.","LMAO anyone who has some or all of those comercial clips!\r\n\r\none good one is the hair transplant one LOL","I support this petition.","GEICO KICKS ASS. Just face it! BTW for those of you who don't know......Internet Petitions Mean NOTHING! They are not legally binding considering that you have to be a legal registered voter and have ACTUAL Signatures. GEICO RULES! HA!","So an Ad on TV is supposed to get the name of the company into your mind right.  So this one got your attention so well, that it sparked a petition like this.  And now Geico is in your mind.\r\n\r\nVoila - it served its purpose, and well.\r\n\r\nAs for Pie and Chips, it's Meat Pie and Hot Chips (or \"french\" fries as you like to refer to them as)\r\n\r\nThese ad's are hillarious, the accent is not fake it's rather authentic Cockney British accent.  \r\n\r\nPeople need to lighten up, and get a sense of humour.  \r\n\r\nI love the Gecko, and now know about Geico.","yea...what the hell is \"pie and chips.???? Is it apple pie and lays potato chips? Is it cherry pie and doritos?  What the hell is it and what does it have to do with car insurance????","What is with the english accent..I thought we lived in the US..I don't think most of America know what \"pie and chips\" are!  Maybe that commercial flys over across the big pond, but it is not suited for us here in the states.  I like the Geckco, but can't stand the accent. ","Are you retarded?  GEICO has the best darn commercials on TV!  Heck, the Gecko was voted \"Ad Icon of the Year\" in the U.S.  Plus, to you schmucks who didn't save 15%...they say they COULD save you 15%, not that they WILL save you 15%.  Therefore, it's not a lie.  If GEICO sucks so bad, why are they the fastest growing major auto insurer in the country???","yall are crazy 1- they are funny 2- how can u not get them they are easy to under stand 3- u live in a place where istead of starvation ppl are sufering from obisety and consant violance do something useful like joining the army duh","You watch too much tv.  The commercials are brilliant parodies of Old Navy commercials -- which they themselves make NO sense.","I support this petition. I fucking HATE those new ones with the accented lizard talking to other lizard about ???? - no one in the USA could possibly understand anything about chips and pie. What the fuck? Enough already.","I support this petition. they make the stupidest comecials on earth. the make no sence.","Get those stupid commercials out of here!"]},{"link":"http://web.archive.org/web/20110325175857/http://www.petitionspot.com/petitions/GNTSSC/signatures/1","comments":["At first I figured Geico must have had their employees submit all those pro-Geico comments. Closer examination reveals they were posted by the same slackers who find Vonnage and Dietec commercials clever and amusing. These are the same folks whose idea of quality television are reality shows where contestants eat bugs and crawl through slime. PATHETIC.","there funnyness has turned to annoying and they are too stupid to see it. That does not seem like someone that I want to handle my insurance.  I feel that if they did they would laugh at me or treat the whole thing like a joke. when there is nothing to laugh at.","They saturate the air with there dump comm. and there is no need for it. in 1hr of tv I saw 4 on one channel. This should be considered polution.","Yes, but I dont care right now because I got a great deal on my car insurance! LMAO yah i agree. PS they HAVE STOPPED!!","These people are the worst in teh industry. The are kings and Queens of the old Bait and Switch! I hate Geico...what a waste of time and money. ","CORRECTION.... Geico DID make some of the best commercials, or so I thought, until they decided to pick one of the most annoying, fruitiest, fruitcakes to do their commercial...Tony Little...I have hated him for years, and this latest skit is no acception. When you get Tony Little to represent for you, you must be desperate. Geico has lost faith from me.","I agree with you they get on my last nearve I get sick and tired of the stupid things they make up they just need to get of the  stupid shit they call high class commercials.","Geico makes some of the best commercials","..This petition's so simple, even a caveman could write it.","IVE GOT SOME GOOD NEWS...YOU ARE ALL STUPID BASTARDS\r\n\r\nPRAISE THE GECKO\r\nHAIL THE GECKO\r\nWHAT WOULD THIS WORLD BE LIKE WITHOUT THE GEICO GECKO","YOU STUPID BASTARDS\r\n\r\nDAMN YOU ALL TO HELL\r\n\r\nTHE GECKO IS MY PERSONAL TEEN IDOL<\r\nAND HOW DARE....OH MY GOD...HOW DARE YOU CRITICISE HIS AMAZING TALENT AND HIS HIGHLY ENTERTAINING COMMERCIALS.","I laugh with my friends. We crack jokes when we are together. Only a fat, stupid, consumer whore could replace a genuine reason to smile with a geico commerical. ","WHY ARE SOME OF YOU DEFENDING COMMERCIALS?  Have you forgot all commercials are annoying! I DON\"T NEED SOME ASSHOLE TRYING TO SELL ME SHIT 5 TIMES BEFORE I CAN GET TO THE END OF MY 30min Program!!  TELEVISION COMMERCIALS ARE JUST LIKE SPAM!!  What The Fuck are some of you thinking? You guys must not be thinking at all!  I mute my commercials as often as I can.  \r\n\r\nFUCK COMMERCIALS!!!!!!!\r\n\r\nALL COMMERCIALS SUCK! BUT AT LEAST SOME COMPANIES DON'T ABUSE THAT FORM OF ADVERTISEMENT AND MAKE HONEST, PROFESSIONAL COMMERCIALS\r\n\r\nSOME OF YOU PEOPLE ARE FUCKING STUPID.  ","fuck geico and their failure to realize that humour turns to annoyance after it is played out \r\n\r\ntry state farm if you have a clean driving record.\r\n","I think there taking the commericals are getting boring","Most Geico's commercials are incredibly clever. The reality tv satire and the ones featuring the cavemen in particular, although many of the \"But I've got good news\" spots are also entertaining. The gecko is generally annoying, but manages to be funny once in a while.\r\n\r\nSummary; no one takes this petition seriously.","The Geico commercials rule!  The caveman spots are hilarious.  I had just noticed the other day that on their livingroom wal is a wall apinting a' la Lascaux.  Beautiful!!","Geico commercials are far too low brow.  \"False appearance of a real commercial\" followed by \"unexpected entry of a standardized slogan\" just means \"bad marketing.\"","I like the gecko (sp?). That&amp;amp;amp;#39;s about it. I&amp;amp;amp;#39;m so fucking sick of the &amp;amp;amp;#39;I have great news, I just saved a bunch of money on&amp;amp;amp;#39; blah blah blah. It makes me so sick that I can&amp;amp;amp;#39;t finish typing it.\r\n\r\nAnd I would just like to say.. If you were looking for a petition for the goverment, then why the hell are you looking in this category? Doesn&amp;amp;amp;#39;t make much sense. ","Geico commercials are funny,though I do think you need a certain mental capacity to see the humor.It seems that the stupid fucks that created a petition need to get a life soon after they fuck themselves. Get real you stupid fucks and instead why not focus on a  petition to change something in the government,but no you&#39;d rather fuck around with an insurance company that probably will get more business because of this stupid petition.","yeah the guys who started this petition are overreactive morons whose own inadequacies in life translate to the bashing of little everyday things that make other people smile. The king of this idiocy is the starter of this petition who was so emotionally inconvenienced by 30 second spots that he views probably no more than twice a day, which he could not watch by changing the channel, who in spite of it all started an online petition to rid his/her probably already disturbed life of something that doesn&#39;t even merit a rational thought from most people. Stand tall dumbshit you&#39;re a lord amongst assholes. ","Learn to spell.\r\n\r\nHey there Samantha,\r\nstupid fucking idiot\r\nsuck it please, right now.  ;)\r\n\r\n|-|@1|","0220202\r\neat me....","has any1 noticed that every1 on this petition is bashing the shit out of this petition? this petitions gay. Im make a petition 2 stop this petition!","I WAS LOOKING 4 MORE GEICO  COMMERCIALS CUZ THEYRE THE ONLY GOOD FUNNY COMMERCIALS ON TV BESIDES THE OCCASIONAL BEER OR ESPN COMMERCIALS. ANY1 WHO WANTS TO STOP GEICO COMMERCIALS IS A LOSER W/NUTTIN BETTER 2 DO IN THEIR LIFE...DUMBASSES","hey i like there comercials. there soo silly","Woow. \r\n\r\nI am so horny\r\nanyone want to cyber?\r\npress 0220202\r\n\r\nASL?","will u eat me","YEAH GEICO SUCKS AND THE COMMERCIALS ARE FOR THE MENTALLY WEAK. A GECKO OR A CAVEMAN. WOW SELL ME SOME INSURANCE. FUCKING MORONS. CLEVER ONE PERSON SAYS. MEM PROBABLY LIKES WATCHING GRASSHOPPERS FUCK. GO KILL YOURSELF SO YOU DONT SPREAD YOUR DNA....","I love Geico commercials! They are so cleaver and original. I love the fact that when you first see the commercial, you don&#39;t expect it to be a car insurence commercial. But seriously, whosever idea was to make the petition is stupid, I mean, fuck, they are just tv commercials, they aren&#39;t going to kill you and if you don&#39;t like it, change the channel, no one is forcing you to watch it. ","gieco ads are great whoever made this petition is a dumbshit the fleece ad is great. i would rather watch ads that make no fuckin sense than ones that are not funny at all","OMFG, Geico commericials are the shit! i rather watch them instead of a car selling commericial","Nope, their catch phrase is pretty funny .","HILARIOUS!!! FUCKING HILARIOUS!!! GEICO HAS SOME FUNNY COMMERCIALS AND ALL YOU WHO DISAGREE HAVE NO SENSE OF HUMOUR. KEEP IT UP GEICO\r\n","Well, I happen to like those ads. They&#39;re rather clever. Anyways, all ads are annoying. what do you people do? Watch TV and rate which ads are the most annoying? LOSERS...\r\n","DO YOU ALL ACTUALLY TAKE ALL THESE GEICO COMERICIALS SERIOUSLY? ALL 64 OF THOSE DUMBASSES WHO SIGNED THAT PETITION CAN SUCK MY COCK. I ONLY FOUND THIS SITE BECAUSE I WAS LOOKLING FOR THEIR COMERCIALS BECAUSE THEY KICK ASS","Get a life, people! Geico ads are supposed to be stupid, and anyone who would take any of them even slightly serious are morons! Geico is right now at the top of their game, and their commercials are spot-on! Keep &#39;em coming, Gecko...er...Geico!","They made a petition on the internet, believing their narrow opinions would somehow convince a large insurance company to change their marketing tactics, but in the end this ordeal won&#39;t save them any money on car insurance!","Most of my commercials are a cheap shot at minorities and their inabilty to pronounce the company&#39;s name. They tend to mispronounce it as GECKO, hence the mascot. The caveman sketch is just a parody on bleeding-heart PC minorities whining to HR about discrimination, blah, blah, blah. The ROBOT, The Interview, The squirrels slapping five, etc. I hire minority ad people to come up with this stuff! I love it. You should too! Its a rich white mans world again under the neocons. So like Enron, Tycho, Xerox, Arthur Anderson (aka Accenture), etc. we can do whatever the hell we want. LIVE WITH IT!","Geico along with all of the insurance companies are just screwing the american public ordered by the government.. if you don&#39;t buy it you can&#39;t drive or you will fined big bucks.  Government subsidizing corp. america.  Geico Sucks.  even if the commericals are funny the first 3 times.  after that even the best commercial get old.  just like the caveman...  LOL  :)","Those comercials are very funny. I love them. \r\n\r\nOn the stupid meter this petition is a 9.5/10.\r\n\r\nPower to teh Geico Lovers! ^^","Man, i feel bad for the people on this petition, a bunch of people walking around with a big stick up their asses. Hahaha i mean seriously. Have you nothing better to do? I came across this on accident and i thought this was some retarded joke someone made up. When i kept reading though i saw that the people were actually brain dead and very dull. Well, this is a waste of time and its not worth my time to say anymore than, the Geico commercials are really good, humerous, and better than watching lame serious commercials like a few people said on here.\r\n\r\nP.S. Geico should make a commercial of an angry Midget running a few of the tight asses on this site over :D. \r\n\r\nBye. ","i cant stand them","I hate the one where that one family is driving in the middle of nowhere while singing &quot;she&#39;ll be coming &#39;round the mountain when she comes&quot; and half way through the song that gay gecko starts singing &quot;kung fu fighting&quot;, that is the dumbest fucking commercial ever, the cavemen commercials come in a very close second. The only Geico commercial I thought was good is the speed racer one, even though is pretty gay too. The one where they&#39;re making fun of the Old Navy commercials are pretty good as well. Yeah, I totally agree that they should be banned because they&#39;re stupid, the Old Navy commercials should be banned as well.","I am sick and tired of seeing that geico commercial and the insurance is three times higher for one  than what i pay for two cars.","these are the most annoying commercials!!!","I thought it was just me. I turn the TV off every time one of their bleeping ads come on. ","I love u hallie","&quot;I&#39;ve seen the &quot;small house&quot; commercial a few times, but it wasn&#39;t until tonight that I noticed something very inappropriate. In the scene where the husband wants sex and the wife says, &quot;Are you kidding me?&quot; and walks away, look closely at the husband. He has a VERY PROMINENT ERECTION.&quot; \r\n\r\nI WOOD have one to \r\nI think shes HOT very Hot!! I could give a shit about what their selling!!!\r\n\r\nI hope she keeps making more apperances \r\n","I am in love with the chick in that &quot;house too small&quot; commercial. Who is she and where can I see more of her.","GEICO ROCKS, ONLINE PETITONS DO NOT MATTER!","I am so absolutley sick of Geico ad&#39;s, they&#39;re everywhere! On every cable channel, and all over the radio too. Every commercial break, you can&#39;t get away from them. It&#39;s driving me insane.It&#39;s obnoxious.","The caveman commerical was funny the first time but the rest are stupid.  Every time a show breaks for commercial there is atleast one Geico commercial.  It gets so sickening and by the way Geico charges double of what any other companies does.  If they wouldnt advertise every 2 seconds they wouldnt have to charge so much.  ","of course not there comersials rock i like the robot 1 and any ways i cant drive i dont care","noooooooo  theire funny i like them","Oh yeah.... Mr. Prof. L, I&#39;m sure you would like a Hugh G. Rection to cum your way!!! This is a petition about GEICO commercials not a freakin&#39; english lesson idiot!!!","Geico is a rip off. When an absurd amount of MILLIONS of premium dollars are going to f upped commercials you know something is wrong. The commercials drive me crazy so I hit hte mute button or change channels. Of course everything made sense to me when I realized GEICO stood for Government Employee Insurance Company!!","Geico commercials are obnoxious.  I will NEVER have Geico insurance just because their commercials annoy me so much.  The most obnoxious thing about Geico commercials is that they THINK they&#39;re more clever than they are, and they won&#39;t shut up.","geico commercials are soooooo stupid!","my sister brittany looks like the geico but fatter","geico commercials are sooo stupid!!!","People are just puttin some humor in stuff!! Too bad people today are to fuckin serious, I think there funny. Id rather have funny commercials than see some famous celebrity selling fucked up shampoo","GEICO COMMERCIALS ARE GAY AS BARNEYS ASS","umm, geico commercials can be funny ya the small house one was the best...And greenday rocks","this site is dumb. i would rather watch geico commercials than watch those stupidass reality shows.","What can I say?  If you wish to label Geico's tv spots \"stupid,\" then I suggest you work on your grammar and spelling unless you intend to label yourself instead. For example, \"dont' is not a word, although \"don't\" is a contraction of \"do not.\"  \"Sense\" is a correct spelling, and mixing up \"were\" and \"where\" is inexcusable.  Punctuation does exist, believe it or not. Ergo, USE IT!  Could it be that the commercials you fail to understand are actually too deep for you?  Hmmm. . . I agree with #33: Argue for your limitations, and sure enough--they're yours.","I hate Geico","Amazing the stupidity here.  The commericals are fine...even funny.  As far as Geico goes - PEOPLE - it's a flippin INSURANCE company.  When you show up with your 14 tickets and 8 accidents over the last few years - yeah, they're gonna lay the pipe to ya.  All insurances companies are a scam -- think about it.  Over the course of your natural life, you'll pay $150,000+ to insurance companies in premiums.  Will you get that much benefit back out of them?  Doubtful...unless you can put a price on \"peace of mind.\"\r\n\r\nAnd Haywood - you're just a racist fuck.  I suppose your life sucks because \"the man\" continues to hold his foot on your forehead?  Maybe if you'd lose the Jesse Jackson mentality and believe a bit more in yourself, you'd find life opens more doors of opportunity.  Remember - Argue for your limitations, and sure enough - they're yours.","yeah","Oh ya, greenday doesn't \"rok\"","The last one I thought was super duper funny was the soap opera one.  Maybe the squirrel on too.  Now they just try to hard.  New pitch people.  But ya, uhh, who would think to start a petition about it?  I don't even know how I got here.  I clicked some link I guess.  Mass confusion taking over......ahhhhh! ","they are better than the fido commercials","who gives a fuck. some commercials are funny some are gay. its not like their gonna do anything about just because some people think they can do a better job at making commercials.\r\n","I think that the Geico commercials are all right.  I would rather whatch girls jumping on a trampoline.  Sex sells baby.  ","SAMANTHA \"YOU'RE\" AN ASS and HAYWOOD \"YOU'RE\" a Psycho.\r\nAll Cavemen know this.","SAMANTHA YOUR AN ASS,\r\nHAYWOOD YOUR A PSYCHO.\r\nEVEN A CAVEMAN KNOWS \r\nTHIS.","geez guys and girls i mean c'mon those comercials are the best in fact im always waiting for them to come on when ever i get time to watch tv i mean there the best ever so damn funny but i guess some people are so fuckin stupid and serious about every thing in life they just cant find anything funny well get a fuckin life and a sense of humor you fuckin goofs this shit is very funny","When first got my car insured with geico I thought they were ok. I soon realized that they were thieves. My third year with them I was paying more than my last car insurance agency. I dropped geico and switched.\r\nBeware of geico they really are a bunch of scam artists. ","Geico starts new customers with a low payment, but 1 to 2 years you are back up to high payments. WARNING! Geico is a dirty & cheating company. Their Goal is to take you in Lie to you start you off fair rate then raise your payments as fast as they can. THEIR COMMERCIALS ARE SERIOUS OR PROFESSIONAL JUST LIKE THEIR SERVICES.","\r\nkillem all!\r\n\r\ngeico has the faggiest commericals, linch that honky and lizrd on that faggot robot commerical.... fuck geico and the faggot red wagon those homos rode in on... FUCK THOSEFAGGOTS!\r\n\r\nevery person on that ad campaign needs to be castrated like the ballless cluless cock sucking faggots they are...\r\n\r\nFUCK U TOOO","GEICO has the faggiest lamest stupid cock sucking faggot commericals,  the ad agency needs to be hung and killed... stupidest waste of 30 second incremenets in my life.\r\n\r\nfucking kill that lizzard and that honky faggot ass faggot in their robot commerical,,, gut that faggot","I tried to get on at Geico....and I couldn't get hired. I applied for a claims representative position and went through the interviews, etc. until the final assessment. The assessment was a 'simulation' of phone calls based on material I was given. What I saw was the most unprofessional and malicious torture I have ever seen. People 'calling in' purposely acted rude and uncooperative! Not having ANY claims exp., I freaked out and submarined my own chances. \r\n\r\nGeico should change their commercials and mascot from a gecko to a shark. They'll act nice to you one minute, then kick you in between the legs next. \r\n\r\nI have the utmost respect for Warren Buffet because I think he's the only honest (or at least upfront) business man right now. But he needs to look at what Geico is doing. If he saw their practices, he would be ashamed. ","I dont have an opinion about geico as a company, but the commercials are comedic genious.  If you don't get it well then close your mouth you slack jawed simpleton, you are drueling all over yourself.","I've seen the \"small house\" commercial a few times, but it wasn't until tonight that I noticed something very inappropriate.   In the scene where the husband wants sex and the wife says, \"Are you kidding me?\" and walks away, look closely at the husband.  He has a VERY PROMINENT ERECTION.  ","Oh 9 and 11, if you are so sorry to be associated with this, why the fuck did you sign this...You both must either be Geico Employees or Biotches for Buffet. You all need to do your homework, there is nothing funny about Geico, NOTHING. They routinely (and falsely) claim they can save you 15% on car insurance. Ofcourse, when they say this and when they say the site is so simple a caveman can use it, they're obviously refering to you two. Pull your heads out of your assess. Geico sucks...and apparently so do you both...","even if SOME of these Geico commercials can be considered complex, do we really need to see the SAME ONE during EVERY commercial break of a show's one hour time slot?  Get real!","these commercials are so stupid and should'nt be aired on tv.","I think we all can agree that Geico commercials are stupid...except the Small House one- I think it's hilarious!","yup, well put number 11 and number 10.  I suppose it takes some sort of intelligence to understand these \"complex\" commercials.  Alas, it sucks not all of us are created equal, eh?  boycott geico?  maybe if they fucked you on your car return, but common, these commercials are great, you fuckin whips.","wow, i have never been more dissapointed to be associated with a species as lame as you people.  I STUMBLED across this site and am thoroughly outraged to share the same ancestral lineage as you fucks.  Yes most of the commercials don't have anything to do with Geico.  Would you really want to watch a bunch of boring shit on TV?  These commercials are the ONLY thing I can laugh about on TV in the last 5 years.  Its terrific marketing.  In particular im talking about the HOUSE IS TOO SMALL commercial.  I don't know about you but i was really excited to see that show the first time i saw the commercial.  But....oh my god, im turing in to one of you fags.  Go sign a real petition about something that matters.  Do something for your country instead of bitching about advertising geniousness.  Fuck it","YOU people are so dumb. Look at the first comment: \r\nyou spell \"sense\" as \"sence.\" And if you had any brains, you would know that camping commercial is a spoof on OLD NAVY commercials. You all think they are stupid because you have no SENSE (not sence) of HUMOR.","why dont all you whiny little bitches shut the fuck up and find something else better to do..... aww you have 8 signitures.. and mr buffet is a billionaire so you can never stop his corparate machine","agreed geico is gay","THE GEICO MAN DOING THE ROBOT IS THE MOST RIDICULOUS THING IVE SEEN, HE IS SO STUPID HE DESERVES A SLAP IN THE FACE RIGHT ALONG WITH ALL THE OTHERPEOPLE IN THE COMMERCIALS. WHOEVER MADE UP THESE STUPID COMMERCIALS MUST NOT HAVE A SENSE OF HUMOR, MY 5 YEAR OLD DAUGHTER CAN MAKE A MORE HUMOURUS COMMERCIAL THEN THAT JUNK ON TV.\r\nGEICO PLEASE STOP MAKING THE PUBLIC VIEWERS SUFFER WITH THOSE DUMB COMMERCIALS.\r\n\r\n#4 HAPPYDUDIE, YOU MUST BE OUT OF YOUR MIND TO THINK THAT THOSE COMMERCIALS ARE FUNNY.","I THINK GEICO HAS THE MOST STUPIDIST COMMERCIALS ","Oh my god. After what I've heard and looked up, it couldn't hurt to sign this. Good luck!","No i love the Geico commercials they are so funny!","Hey Warren, what's it like to know that you are a part of a company that is a bigger slave driver than KL Gifford? Insurance Commissioners in all 50 state, Please Investigate and SHUT DOWN GEICO NOW. They discriminate employees, segrigate employees, use intimidation tactics in training employees, which include verbal abuse an public humiliation, and public firings just so the rest of the charges can see what happens to those who don't meet sales quotas. If you are an Insurance Commisioner, please investigate Geico, they need and deserve to be shut down. As for the gecko, the commercials are pointless and without a doubt the most fucking stupid thing on TV today. They make no sense, and prey on those who do not know better. Most consumers know very little about Auto Insurnance. Geico depends on a consumer to be undeducated regarding car insurance. That's one of the many misleading ways they make money. Geico also goes out of their way to sue anyone who opposes them in anyway. I just wonder what would happen if Mr Buffett one day decided to divest Brookshire Hathaway from Geico...let's see those bastards survive that! Geico, do us all a favor, drop dead and fuck off! PS: I am an ex-employee who was fired, and I know lots about their operation, I wish NBC Dateline would go in their with a hidden camera and have a reporter pose as a sales trainee, if America saw what goes on, they would be so shocked that they would cancel their policies. If you are a Geico policy holder, please cancel and go to another company, any company. You'll be better off, trust me. As for Geico Management and Executives and HQ in Washington DC, well let's just say you can go FUCK YOURSELVES. Boycott Geico!!!!","From personal experience, Geico is nothing more than a bunch of rip off artist and lying motherfuckers! Not only do the commercials need to be stopped, Geico needs to be stopped too! DO NOT PATRONIZE GEICO. You will be sorry!","i don't own a tv. so i don't see any geicos  oh and for chrismas i want a beautiful plunger"]},{"link":"http://web.archive.org/web/20110325175857/http://www.petitionspot.com/petitions/GNTSSC/signatures/300","comments":["I support this petition.","I support this petition...100%!! Any company that spends that much money on stupid advertisement deserves NO business.  I avoid companies that do this...AT ALL COST! Geico was actually the highest quote I received on auto insurance...probably paying for all that wasteful and annoying air-time!! PLEASE STOP!!","I support this petition...100%!! Any company that spends that much money on stupid advertisement deserves NO business.  I avoid companies that do this...AT ALL COST! Geico was actually the highest quote I received on auto insurance...probably paying for all that wasteful and annoying air-time!! PLEASE STOP!!","I support this petition.","I support this petition.","I support this petition.","I support this petition.  I hate those commercials.  I will NEVER buy geico insurance thanks to them.","I support this petition.","I support this petition.\r\nI personally avoid services who use retarded commercials. The gecko was pushing it but the money stack with eyes blacklisted geico in my choice for insurance.","your commercials are so f-ing stupid!  Who\\'s the idiot that came up with the stack of money thing, he should be fired asap, if not already.  whoever started this petition, thank you and I hope this works.  I hate geico and I will never use them, ever!!\r\n","I support this petition.","I support this petition.","I support this petition.  Stop these stupid commercials,  think of it this way.  The more stupider you get with these commercials,  I am sure its losing you business.  Advertise smarter, not dumber!","I support this petition.  I hate those stupid commercials!  Their so annoying!","I support this petition.","I support this petition.","I support this petition.","I support this petition.","I support this petition. And will vote with my $$ by switching to another provider.","I support this petition.","I support this petition.","GEICO COMMERCIALS SUCK STOP MAKING THIS STUPID ****!!!!!!","I support this petition.","I support this petition.","I support this petition.  I agree with Robert Dvorak and all the rest who find nothing redeeming about these ads. These idiotic, humorless incessant commercials are driving me crazy too.  I wonder if the cable/tv stations who accept campaigns with nefarious, insufferable tv spots realize what they are losing in RATINGS and viewers by running those ads.  Most commercials, I can stand, but when it comes to these, I change the channel and you should too.  \r\n\r\n*geiko=clearly the Insurance For Stupid People.  \r\n\r\n","I support this petition. Those ads make me sick!!!","I support this petition. \\\"This is the money you could be saving....\\\" RARRRRH!","I support this petition.","I applaud this petition. Death to Geico and their non-stop saturation advertising!!!","I support this petition.  These idiotic, humorless incessant commercials are driving me crazy.  Every time I turn on the TV I am bombarded with this endless crap.  Progressive Insurance is another one.  If they can afford an advertising campaign like this, their profits have to be excessive.  I will NEVER buy insurance from GEICO!!!!!! NEV-ER!!!","I support this petition.  The commercials alone and that damn voice of that \\\"thing\\\" ....I\\'m about to switch insurance carriers just for that reason.\r\n","I support this petition.","I support this petition.","I support this petition.","that little gecko gets on my nerves SO much.","I support this petition.","I support this petition. They suck.","I support this petition. get yourself a tiger and let the tiger have a geico snack.","I support this petition. Can\\'t stand it anymore!!!!","I support this petition.\r\nSICK to DEATH of Geico and their endless repetitive commercials!","I support this petition. They are the worst commercials on TV. Please stop them!","Geico\\'s commercial are tasteless, stupid, and absolutely gay. I support this petition.","I support this petition.  I\\'m sick of these commercials!  The cavemen, the gecko, and now the money!  What does this have to do with insurance!  Enough already!","I support this petition.","I support this petition.","I support this petition.","I support this petition.Enough with the STUPID dollar bills with eyeballs BS","TRIPLE ADVANTAGE IS WORSE THAN GEICO!!","the geico bombardment must stop,the guy that does voice overs for geico, i wanna stick a 38 in is mouth and blow his vocal cords out the bac of his head.yesterday im food shopping & they have geico commercials on the muzac thats piped in.i go to a baseball game and in the concources they're playing geico commercials on the p.a system, is there no end to this shit.","I never used to watch that much TV to begin with, but I watch even less now just because I'm really sick of their crap.  I feel as though my brain is being stabbed by a stupid stick when I happen to catch one of their commercials.  I don't care if they offered me full coverage for a dollar a day.  I'll never use Geico as long as they continue with their pointless marketing.","I support this petition.","I support this petition.\r\nIts a waste of money they could drop rates and not waste money on these dumb commercals as well as if they would cut back big time on the amouth of mail they send out with this cut back the insurance rates could be alot less for people esp with this hard times the US is dealing with and people on low income then can affored insurance. I am with gico my self but want change ","I support this petition.","I support this petition.","I never saw such low creativity commercials....i run for my tv remote when i see geico commercials ....Please stop these stupid commercials for God's sake !!!","I support this petition because Geico is owned by the richest person in the world Warren Buffet who does not need to advertise his obnoxious annoying wasteful Geico insurance commercials any longer because he has the extra money to waste and throw away on petty insurance commercials while millions of decent US citizens lose their life savings, their homes, their families, their pets and their lives !!!!  Forget Geico forever!!!! ","I support this petition.","I support this petition.","I support this petition.","I support this petition.","I support this petition.  I'd rather be hit with shrapnel than watch, yet another Geico Commercial.  Pleease stop the madness.","I support this petition. How can Geico save their customers money when they broadcast commercials every 20 seconds somewhere? ","I support this petition.","I support this petition.","I support this petition.","I support this petition.","I support this petition.  The wad of cash with the STUPID eyes is beyond RETARDED. who the hell thought of this...no, who the hell APPROVED this commercial? seriously? thats all u got? my 3 year old niece could come up with something a trillion times better, buncha retards, i change the channel when this stupid commercial comes on","Thank you Geico Supporter. All of you make me sick. Our commercials are funny.","I LOVE THE GEICO COMMERCIALS, I DONT THINK THEY SHUD BE STOPPED","the dumpest commerial on TV. So retared I will make sure no one I know uses them for insurance. That company is clueless","I support this petition.","I support this petition.","I can't imagine how terrible it would be to sit in on a meeting where the writers are discussing how funny this shit is. A bunch of fatcats with no senses of humour at all, laughing at each other and blowing up their egos. Fuck I would rather die, I honestly think you'd have to make a concious effort to even TRY to be that unfunny.","To think how much money they've wasted with all the advertisements (stupid money, tired gecko, caveman) To think I would get a great deal for insurance from them?  I think not!","I support this petition.","I support this petition.","Geico commercials continue to be the dumbest commercials in the history of television, freecreditreport commercials a close second.","I support this petition.","Everytime I see the stupid eyeballs-on-money commercial I change the channel and watch something else as much as I was enjoying the program. Geico, please, just stop advertising","I support this petition because each time I'm subjected to a Geico commercial I feel a bit dumber.  I try to avoid them but they are so pervasive. I'll never buy from this company and long for the day when they close their doors forever.","I support this petition. It is amazing that GEICO Management thinks these are effective and meaningful commercials.","I support this petition.","these commercials made me switch to usaa","New low with the \"watching me\" commercials.  Please, fire all advertising writers.  Start from scratch.","I support this petition.","I support this Petition. The new commercials are more retarded than the last. These new ones have money with eyeballs sitting on top. REDICULOUS and guess what...i did the geico insurance price comparison and its way more than my own company...pffft what a sham.","I support this petition.","I don't purchase products or services from any company that has stupid commercials because it just supports their advertising compaign. I don't care if they could save me money or not. I don't shop at Old Navy for the same reason. ","I support this petition.","Seeing Geico's commercials, doesnt make me want to get their insurance. The caveman and gecko are cute, but all the other commercials are DUMB AS HELL!","I support this petition. The stupidiest commercials by GEICO, stuck, I would not get Geico just cause of their stupid commercials. I hope they go out of business. ","I support this petition.","I support this petition.","I support this petition.\r\n\r\nCommercials like these are annoying and, since they are trying to appeal to ignorant people, it makes me suspect the quality of their service.\r\n","I support this petition.","I support this petition.","Enough already! The caveman and the gecko-and-\"naturalist\"-stalker ads are both played out. ","stop stupid ads!","Omfg yes I swear, those commercials are annoying as f uck!! I hate them and their jokes fall flat on their ass, like almost every annoying f ucktard commercial out there.","Those stupid commercials just aren't funny.  The one where a celebrity interviews a regular person is just obnoxious.  Same with the thing with the gecko.  And I hated the \"I just saved a bunch of money on my car insurance\" thing -- THESE AREN'T FUNNY.  The caveman ones initially weren't bad, but the other ones are awful, the stupidest things on TV that make me want to buy from Allstate just so Geico would be put out of business and I won't have to see any more stupid commercials."]}]}