{"title":" stop godshategoths.com","text":"\nThis site needs to g away. most goths don't worship Satan, and they hate rape and murder like everyobdy else. Not all goths belong the vampire cult nad there are Christans goths. not goths are druggies, nor do all goths have periceings. not all goths listen to explict music and not goths listne to black, or death or doom meta or slayer metal or stoner. they odn't glamourixe deaht since they write how they are. not all goths cut. There's different subcultures of goth and they write about injustice and goths can be happy. This site spews out hate and is prejudiced and racist\n","author":"angel tina","signatures":[{"link":"http://web.archive.org/web/20141014182114/http://www.petitionspot.com/petitions/gothhaters/signatures/100","comments":["I support this petition.","I support this petition.","I support this petition.","I support this petition.","I support this petition.","I support this petition.","I support this petition.","I support this petition.","I support this petition.","I support this petition.","I support this petition.","I support this petition.","I support this petition.","I support this petition.\r\nThis website is pathetic. Grow up and get a life","I support this petition.","I support this petition.","I support this petition."]},{"link":"http://web.archive.org/web/20141014182114/http://www.petitionspot.com/petitions/gothhaters/signatures/1","comments":["I support this petition.","I support this petition.","I support this petition.","I support this petition.","I support this because it is a complete lie.I have plenty of Gothic friends who aren\\'t like this...","I support this petition.","I support this petition.","These people of hate are as bad as the people from the Westboro church that run the \\\"God Hates Fags\\\" site. I myself am a corporate musical goth, but I don\\'t cut myself, nor do I drink, do any drugs, participate in rituals that contradict my Christianity, and the like. The people on \\\"God Hates Goths\\\" are nothing more than a group of false prophets who are trying to ruin the good name of true Christianity, which really is about loving the sinner. We only hate the action, but we DO NOT hate the person doing said action.\r\n\r\nI\\'d love to see the site shut down. =D","I support this petition. That website is the most vile and disgusting piece of bigotry Ive ever seen. Something definitely needs to be done about this. This \\\"church\\\" is going to cause people to be hurt, if it hasn\\'t already. And they are spreading hateful vicious ideas about all kinds of people, trying to \\\"cleanse\\\" the earth of goths and the handicapped. we cant let them do this to innocent people.","I support this petition.","I support this petition.","I support this petition.","I support this petition.","I support this petition.","I support this petition.  the site is stupid","It\\'s easy to frown upon another\\'s way of life, especially when you don\\'t know what their life is like.  ","I support this petition.","I support this petition.","I support this petition.","I support this petition.","I support this petition. I feel that too many people are being brain-washed into thinking that goths are bad people. We\\'re not, we\\'re like everyone else and have rights like every other human being.","I support this petition.","I support this petition.","I support this petition.","I support this petition. i wear a pentagram necklace for protection from generally just bad things in the world. i got called a goth, and i was like so frickin what. i hate the discrimination against goths and emos. its stupid. :/","I support this petition.","I support this petition.","I support this petition.  We will all be judged by God when that times comes.  Were ALL differenty!  And its allowed.","I support this petition.","God loves everyone! I support this petition!","God bless you all! God loves us ALL!","I support this petition 100%. people always need a scapegoat, don\\'t they? besides, how do these people (the ones who run godshatesgoths.com) know what god is thinking? Nut jobs...","I support this petition.","I support this petition.","I support this petition.","I support this petition.","I support this petition.  My future Husband Alexander Stering is a GOTH!!!!!!!!!!!!!!!!!  who cares??????????????","I support this petition.","I support this petition.","I support this petition.","I support this petition.","I support this petition.","I support this petition.","I support this petition. ","I support this Petition.","I support this petition.","I support this petition.","I support this petition.","I support this Petition.crazy how people think that!ugh it eats me up inside!!!","I SO support this petition. I couldn\\'t even get through reading the whole retarded website without bursting out into hysterical laughter. Goths are responsible for the falling of the Twin Towers???!! That website is the funniest and stupidest thing I have ever seen in my LIFE.\r\n\r\nPeople are free to be whatever they want to be! Screw the Bible!","I support this petition. That whole idea is twisted.","i fully support this petition .","People are free to be whatever they like.","I am a christian born an raise. That is a sick man twisting gods words to benefit his NeoNazi beleifs. He is on the same lvl as hitler in my book. I know many goths that attend my church.","I support this petition.","I support this petition.","I support this petition.","I support this petition. Een though I'm not gothic. Or whatever they call it. I just support it because it's a free country. Just butt out.","I support this petition.","People can't give up being prejudice ","I DONT support this petition.\r\nJAY KAY.","I support this petition. ","I support this petition.","I support this petition.","I support this petition.\r\ni also know what it is like to be hated for being who i am and not being one of the sheep they hate me because i am a goth although i may not look it","I support this petition.","I support this petition.\r\nheck yea!\r\ngo for it \r\nthat was weird\r\ni think ill try to pass this on\r\n\r\nyou said it","I support this petition.\r\nwow....im speachless whats this world coming to","I support this petition.","OMG! This is a black humor site. Did you guys not read the disclaimer? The site was made by goths. I've spoken with the owner himself. It's calling out Christian <u>Extremists</u> who follow the old testament to an extreme level. There's also godhateswomen  in which Christian Extremist males think it's ok to beat thier wives. There's a godhates website for everything. It's funny. Haha. Laugh.","How about we stop something important like euthinasia? or cyber bullies finding out where kids live? I'm an african american and theres an entire website contributed to how disgusting we are. I can't help what i'm born as but im not going to complain about it. Because I care about taking care of things that matter.","fuck that site.  its spewing out shit about goth and the whole punk culture.  bring it down!","I support this petition.","I Dont support this petition. HeHehe","Dumbfucks like that give the rest of us Christians with a brain a bad name. Don't judge us just by dumbass mothers PMSing all over the internet","I support this petition.","I support this petition. I am a dovout catholic I know many goths and they don't worship satin, they go to church (catholic) every sunday with me. I feel this website is an outrage and needs to be stoped for the glory and good of GOD!","WELCOME TO THE INTERNET FUCKTARD YOU CAN'T MAKE THINGS SIMPLY GO AWAY. OTHERWISE WE'D FIND A WAY TO BAN YOU FROM THE INTERNET WITH PETITIONS LIKE THESE!!!!!!!!!!!!!","Steriotypical morrons. I'm not even considered goth and I support this pettition! You're disgusting and need to be stopped. Hate sites can be just as dangerous as those you hat and think are dangerous. You may cause some people that do not support goths to think it's okay to kill a goth by saying it's a sin punishable by death, for instance. If you were really concerned for saftey, you would try to help, not harm.","Totally agreed with Twisted Desires! Goth people are just as bad as emos! I mean just look at them they arent unique they wear the same damn Hot Topic clothes. They complain about life and they are rich. Those clothes are hideous, the makeup is stupid, and their attitude is fukin obnoxious!","God does hate goths they are the scum of the earth along with emo and scene kids.","You all have been had that is a fake site...(From what i heard) They are just trying doing that to get money by getting traffic(is what i heard) lol google the rev.'s names you will see","People should just be who they are without getting judged for it.","I'd never even heard of that site, but that's just sick. Goths are just like you or me, they just have a different way of life. That's no reason to say God hates them or anything. I respect them.","Yeah sure why not? I support this petition. Just because Goths are different doesn't mean we can't except them. Besides I love them in the Sims they're funny!","I support this petition.","I support this petition. Ew. Why do people think stupid things? I'd say about half my friends are/were goth, and geez, most of them hugged people at random and squeed and stuff.\r\n\r\nI mean, the ones who do glorify death and rape and whatever need to get a shrink, but as for the satan thing, bah. Don't agree, but we live in a free country, don't we? Free to worship who we want.","I support this petition. That site sounds like a load of cr#p. Some people need to grow up something chronic. Get a new hobby! They are goths, not imbeciles; they are perfectly capable of making their own choices which dont include rape and Satan (if they want)","Let people do what they want...if it makes them happy and they arent bothering anyone in anyway, who are we to stop them","that sucks screw that site","That's right!","I support your petition,Stop Christofascists","If they want to be Gothic, who are these people to stop them? It violates the Constitution's philosophy: Life, liberty, and the pursuit of happiness. If being Gothic makes these people happy, then don't try and stop them. They are human like everyone else.","thats fucking digusting, and i agree on your side","I support this petition.","I support this petition.","I support this petition.","MAKE IT STOP NOWWW","dudeee it sucks","lol yeah stop it!"]}]}