{"title":"Alternative Resources","text":"\nWe must rely less and less on fossil fuel and petition our Government to look for other sources of energy to protect our planet earth.  We have the technology to seek other alternatives that are less damaging to the environment.  I propose that we look into other alternatives such as Solar energy, or nuclear energy.  We cannot allow Corporate greed to continue the exploitation of our natural resources while destroying our environment for their own personal gain. HELP PROTECT OUR PLANET!!      \n      ","author":"TKE512","signatures":[{"link":"http://web.archive.org/web/20110520033947/http://www.petitionspot.com/petitions/helpusobama/signatures/1","comments":["I support this petition.","I support this petition.","I support this petition.","I support this petition.","I support this petition.","I support this petition.","I support this petition.","I support this petition.","I support this petition.","I support this petition.","I support this petition.","I support this petition.","I support this petition.","I support this petition.","I support this petition.","I support this petition.","I support this petition.","I support this petition.","I support this petition.","I support this petition 100%.","I support this petition.","I support this petition.","I support this petition.","I support this petition.","I support this petition.","I support this petition.","I support this petition.","I support this petition.","I support this petition.","I support this petition.","I support this petition.","I support this petition.","I support this petition.","I support this petition.","I support this petition.","I support this petition.","I support this petition.","I support this petition.","I support this petition.","I, Mikel Moreno support this petition to demand the government rely more on fossil fuels less damaging to the environment.","I support this petition.","I support this petition.","I support this petition.","I support this petition.","I support this petition.","I support this petition.","I support this petition.","I support this petition.","I support this petition.","I support this petition.","I support this petition.","I support this petition.","I support this petition.","I support this petition.","I support this petition.","I support this petition.","I support this petition.","I support this petition.","I support this petition.","I support this petition. President Obama! Act now or forever be remembered as another President who talked the talk but couldn\\'t walk the walk.","I support this petition.","I support this petition.","I support this petition.","I support this petition.","I support this petition.","I support this petition.","I support this petition."]}]}