{"title":" JUSTIN BIEBER TO OPRAH before she goes off air!!","text":"\nI want to bring Justin Bieber to the Oprah show before she goes of air in 2011!! he deserves to be on her shoe because he is a inspiration to all!! Please lets bring Justin to OPRAH now. she is missing out on meeting and AMAZING person!!!\n----------------------------------------------------\nAdded by: shivani margaitis on December 11, 2009, 4:36:45 pm\n----------------------------------------------------\n\nwant to bring Justin Bieber to the Oprah show before she goes of air in 2011!! he deserves to be on her shoe because he is a inspiration to all!! Please lets bring Justin to OPRAH now. she is missing out on meeting and AMAZING person!!!\n----------------------------------------------------\nAdded by: shivani margaitis on December 11, 2009, 4:37:21 pm\n----------------------------------------------------\n\nwant to bring Justin Bieber to the Oprah show before she goes of air in 2011!! he deserves to be on her shoe because he is a inspiration to all!! Please lets bring Justin to OPRAH now. she is missing out on meeting and AMAZING person!!!\n----------------------------------------------------\nAdded by: shivani margaitis on December 14, 2009, 12:06:41 pm\n----------------------------------------------------\n\nDear oprah,\n\nThis is shivani, and I am sure you have all heard of the newest tween sensation from Ontario Canada name Justin Bieber. He originally started out posting videos of him singing at a singing competition on youtube for his friends and family who couldn't go along with him to see. As he posted more and more of his videos, he started getting more and more hits until he had a million hits!! In 2007, Justin Bieber was discovered on youtube by the one and only Scooter Braun the So So Def marketing executive. Scooter was so impressed and flew the then 13 year old Justin to Atlanta. As Justin was going into the studio in Atlanta, he ran into none other then Usher. Justin then asked Usher if he could sing him one of his songs only to be brushed off and left in disappointment. Within a week Usher contacted Scooter Braun after watching Justin's videos on youtube and flew Justin back out to Atlanta where Justin finally got to sing one of ushers songs for him. And then Usher wanted to sign him right there and then. But there was a problem, Justin Timberlake also wanted to sign Justin. Justin and his \"crew\" decided to go along with Usher. Then he came out with his first hit single \"One time\" then he had many more hit singles that came out during the year 2009! Then he had two music video releases one for \"One Time\" and the other for \"One Less Lonely Girl\" AS OF RIGHT NOW HE HAS: 108,937,288 Total Video Views, HE HAS : 13,488,414 Channel Views, HE HAS 342,734 Subscribers, HE HAS 60381friends. He is a inspiration to all and tells everyone to follow their dreams, and that your dreams CAN come true. He also has 1,134,789 fans on FACEBOOK!! On twitter he has 679,768 followers, and a lot of them are groups of people that have made fan pages for him to support him. He has 324178 friends on MYSPACE! He deserves to be on the Oprah show and i feel so strongly about this, that I have made a petition for him to be on the show. http://www.petitionspot.com/petitions/jbtoOPRAHbe4shegoes\n----------------------------------------------------\nAdded by: shivani margaitis on January 9, 2010, 12:24:55 pm\n----------------------------------------------------\n\n\nThis is what my firend from youtube said on her petition! \n\nI think Justin Bieber should go on the Oprah Winfrey Show before there are no more episodes!!!! Justin Bieber should be interviewed and he should perform. If you think Justin Bieber should go on the show please sign this petition. Maybe if enough people sign, Oprah may consider/allow Justin on the show!!! Please sign and tell your friends!!!\n\nhttp://www.ipetitions.com/petition/justinbieber/\n","author":"shivani margaitis","signatures":[{"link":"http://web.archive.org/web/20141014182124/http://www.petitionspot.com/petitions/jbtoOPRAHbe4shegoes/signatures/100","comments":["I support this petition.","I support this petition.","I support this petition.","I support this petition.","I support this petition.","I support this petition.","I support this petition.\r\nJustin is the best in the world, he saved my life, and he don\\'t know it. Please bring him to Oprah show!","I support this petition.","I support this petition.","I support this petition.","I support this petition.","I support this petition.","I support this petition.","I support this petition.@@@@@","I support this petition.","I support this petition.","I support this petition.","I support this petition.","I support this petition.","I support this petition.","I support this petition.","I support this petition. i love justin","I support this petition.","I support this petition.","I support this petition.","I support this petition.","I support this petition.","I support this petition 100%. Go Justin! (:","I support this petition.","I support this petition.","I support this petition.","I support this petition.","I support this petition. i thiink justin B. should really get to be in the oprah show bfore she gets off air because i think he would really like it and i defenetly think he deserves it","i support justin bieber all my life ","I support this petition.","PLEASE BRING JUSTIN TO OPRAH. HES AMAZING AND DESERVES IT...:) ","I support this petition.","I support this petition.","I support this petition 100%\r\n:)\r\nJustin Bieber is sooooo AMAZING!!!","I support this petition.","I support this petition.","I support this petition.","I support this petition.","I support this petition.","I support this petition.","I support this petition.","I support this petition 110% ","I support this petition.","I support this petition !","I support this petition.","I support this petition.","I support this petition.","I support this petition.","I support this petition.","I support this petition.","I support this petition.","I support this petition.","I support this petition.","I support this petition.","I support this petition.","I support this petition.","I support this petition.","I support this petition.","I support this petition.","I support this petition.","I support this petition.","I support this petition.","I support this petition.","I support this petition.","I support this petition.","I support this petition.","I support this petition.","I support this petition.","I support this petition.","I support this petition.","I support this petition.","I support this petition.","I support this petition.","I support this petition.","I support this petition.","I support this petition.","I support this petition. and i LOVEE justin bieber ! <333","I support this petition.","I support this petition.","I support this petition.","I support this petition.","I support this petition.","I support this petition.","I support this petition.","I support this petition.","I support this petition.","I support this petition.","I support this petition.","I support this petition.","I support this petition.","I support this petition.","I support this petition.","I support this petition.","I support this petition.","I support this petition."]},{"link":"http://web.archive.org/web/20141014182124/http://www.petitionspot.com/petitions/jbtoOPRAHbe4shegoes/signatures/300","comments":["I support this petition.","I support this petition. Justin Bieber Should be on the Oprah show before she ends it.","I support this petition.","I support this petition.!!! i LOVE JUSTIN BIEBER so much and i would love it if he were on Oprah!!!:DDD ","i have signed on the petition because i think justin should be on the oprah show, he is an amazing singer and he\\'s the most kindest and sweetest 16 year old boy in the world, and he\\'ll make everyone laugh, he should be on the top of the list.","I really want Justin Bieber to go on b cause everyone will be glad and he will be glad to be on a show.","I support this petition. ","I support this petition.","I support this petition.","I support this petition.","I support this petition. Justin Bieber is so talented.","I support this petition cuzz justin bieber is an awesome singer and i think he deserve to be in Oprah!!!!!!!!","I support this petition.","I support this petition ALL THE WAY. \r\nGO JUSTIN!! ","I support this petition.justin bieber deserves it and i never been to any of his concerts befors so i think its better if just one time he goes on the opera winfea show!justin bieber rocks!","I support this petition so bring JUSTIN BIEBER TO OPRAH!!!","I support this petition because justin bieber is such a talented boy. ","I support this petition.","I support this petition. <3","I support this petition.","I support this petition. (:","Justin Bieber is  really great person who is from a little town in Canada.Justin is my inspiration.He has so many fans that love him to death.Justin has 1 out of millions of chances to be on Oprah.If she had heard him sing then she would be blown away.Justin had the guts to set his mind to something he loves to do either if people make fun of him or not.He is a great person with a great attitude.He has so many fans that love him that includes me.We all love you Justin.Jsutin is so great with his music and his fans.He is so amazing for all the things he does.He is the best of the best that i have seen of any body.I am surprised of what he does with himself.He is great at skateboarding too. Justin we all love you very much.\r\n\r\n                              Sincerely your forever and and a great fan for you,\r\n                            Krissy","I support this petition.","I support this petition.He is wonderful I wish he noticed me:(. Still love him:)","I support this petition. I believe that Justin Bieber should guest in Oprah because a lot of celebs visit those shows, like Oprah, but also Ellen, Tyra, and others too. Justin Bieber had already appeared on Ellen, so I thought that that was great. Justin being on Oprah will add A LOT more viewers watching Oprah because of all these JB fans (including me). =) ","I support this petition.","I support this petition.","I support this petition 100 % and TOTALY agree he should be on the show before she quits.","I support this petition.","I support this petition.  Please ask Justin to be on your show.  His music is amazing!  He makes his fans ecstatic!  He is a really good person.  He has a lot of love in his heart.  He really loves his fans.  He makes the world a much, much better place!!  oooooooooooo","I support this petition.","I support this petition,i support iht because he is a wonderful sinqetr and if qod blessed him lyke he has blessed many pplz den we shoiuld help the word spread dht he is a talented boii not onlii beacuse he is HOT!!!!!!!!i just feel lyke he is a good boii and has qotten far 4 some1 who just started","I support this petition.we want him on the showw people","I support this petition.","I support this petition.","I support this petition.","I support this petition.","I support this petition.","I support this petition.","I support this petition.","I support this petition.","I support this petition.","I support this petition.","I support this petition.","I support this petition.","I support this petition. Justin Bieber deserved it!!!!!","I support this petition.","I support this petition.","I support this petition.","I support this petition.","I support this petition.","I support this petition.","Justin Bieber is a rising star and would be perfect to go on such a show. Plus, it would make Oprah a lot more popular.","if he comes i want to see that show","if he comes i want to see that show","**** you all I\\'m gay I like guys butts please I want a dude to **** on my chest oh yes baby!!! <3333","I support this petition.","I support this petition.","I support this petition.","I support this petition.","I support this petition.","I support this petition!! ","I support this petition.","justin deserves this!","I support this petition.","I support this petition.","I support this petition.","I support this petition.","I support this petition.","I support this petition.","I support this petition.","I support this petition.","I support this petition.","I support this petition.","I support this petition.","I support this petition.","I support this petition.","I support this petition. and i love justin bieber and opra","I support this petition.","I support this petition.","I support this petition.","I support this petition.","I support this petition.","I support this petition.","I support this petition.","I support this petition.","I support this petition.","I support this petition.","I support this petition.","I support this petition.","I support this petition.","I support this petition.","I support this petition.","I support this petition.","I support this petition.","I support this petition.","I support this petition.","I support this petition.","I support this petition.","I support this petition."]},{"link":"http://web.archive.org/web/20141014182124/http://www.petitionspot.com/petitions/jbtoOPRAHbe4shegoes/signatures/400","comments":["I support this petition. because i think justin bieber is so talented and i think ophar final day special for her ","I support this petition.","i support this petition becuz i love jb. he is soooo hot. and when is he going to come to laredo,tx u have a lot of fans that really want to see u in bruni middle school to","he is extremely talented and deserves to be on oprah","I support this petition. I heard he will be on Oprah on 11 May :)","I support this petition.","I support this petition.","I support this petition. i love u jb","I support this petition.","I want to see justin on oprah cause oprah you askk good questions and ur interviews are great","I support this petition. <3","I support this petition.","I support this petition.","I support this petition. it will be a nice idea","I support this petition.","I support this petition.","I support this petition.","I support this petition.","I support this petition.","I support this Petition!!!! hes hoooot and has amazing talent . he super sweet :))","I support this petition.","I support this petition.","I Supprt this 110%! iLoveYou Justin Drew Bieber <3.","I support this petition.","I support this petition. i think he needs to go on the show ","dEAR oPRAH IM ONE OF Justins BIGGEST FAN i love him to death.I have over 40 posters in my room and i have a picture of him in my locker at school.i would do anything for him because he did the thing that every kid dreams of doing and never had the guts to do so he is truley one of my idols.Im trying to get my \\\"c\\\" up because she told me if i get my grades up i will be allowed to go to his concert in the summer. i try my best soo hard just for Justin and if one day i could meet him then i will umm.. i dont know it would be so amazing i would be speeceless i mean  just to see him on tv makes me scream haha and i knoe im not the only one who feels this way so if emough people sige the patition Oprah might let Justin on her show.Please signand tell evevry one you know!!!!!;)","I support this petition.","I totally support this petition :)","I support this petition.","I support this petition.","I support this petition.","I support this petition.","I support this petition!!! <3","I support this Petition !!!! ^__________^","I support this petition.","I support this petition.  i really want justin on opera i want to watch it please justin go on it and prove u are not gay i hate my friends for saying you are gay please prove to me that you are not gay please, please help me prove them wrong","I support this petition.","I support this petition.BECAUSE I LOVE JUSTIN BIEBER","I support this petition.","I support this petition.","i love  you   justin  bieber and  i  love   your   singing","I support this petition.","I support this petition. Go Justin Bieber!!","I support this petition.","I support this petition.","I support this petition.","I support this petition. I love Justin Bieber! Who doesn\\'t?","I support this petition.","I support this petition.","I support this petition.","I support this petition. Justin is a talented singer and deserves to be on oprah before she goes off air(:","I support this petition.why does the hotte have to so gay !!!!!!!!!!!!! Why why why so sad the good ones go bad but really i am the boy that he is dateing i turned him gay !","I support this petition. <3","I support the idea of the petition.Justin is truly a good man.Whoever dont think that is wrong.He chased his dreams and went trough up and downs.But he still did it.So you should also support it","I support this petition.","hello justin bieber you biutiful is happy\r\n","I support this petition because Justin Bieber is very talented and i love him very much!\r\nilu Justin Bieber <3","I support this petition. because i love himmmmm","I support this petition.","i support this cause i love justin bieber and he is an amazing singer <3","I support this petition. <3","I support this petition. I think she should also have a contest to have all fans in the audiece. We live in Philadelphia & my daugher is 15 and would love to see him.","I support this petition.","I support this petition. I LOVE JUSTIN BIEBER HE IS SO SEXY WHO WON`T PUT HIM ON THEIR SHOW!","I support this petition.  i love him so much","I support this petition. omg!Justin beiber is sooo hot if ur reading dis justin please com to bell middle school every one der is a fan of yours but im da biggest one please i know ur busy but squeeze us in lol","I support this petition.","I support this petition.","I want to bring Justin Bieber to the Oprah show before she goes of air in 2011!! he deserves to be on her shoe because he is a inspiration to all!! Please lets bring Justin to OPRAH now. she is missing out on meeting and AMAZING person!!!\r\n\r\n","Justin Bieber is the cutest boy ever, he has a great voice to go with his great dance moves. He is an inspiration to me just like you are to me he also is not gay I dont care what all the other *****esvand ass holes are saying he is the best sorry for the bad words","I support this petition.","I support this petition.","I support this petition.","I support this petition. I Love Justin Bieber<3","I support this petition.","I support this petition. for sure JUSTIN NEEDS TO GO ON OPRAH PLUS ITS NEAR ME!! :)","Justin should defiantly be on the Oprah show! He deserves it and has worked extremely hard on achieving all he has. Also Justin is very talented, he can play; piano, guitar, drums and a bit of trumpet. Justin is an inspiration to many teenagers so he should be on Oprah before it ends! Also I watch Opera often and hope he can be on it! Love you Justin x","I support this petition.","I support this petition.","I support this petition.JUSTIN BIEBER IS THE BEST SINGER EVA HE DESERVES TO B ON DA OPRAH SHOW I LOVE HIS MUSIC SO YEA HE SHULD B ON THERE","I support this petition.......yes he deserves it","I\\'m from chile, I\\'m far from being able to know justin but never lose my hope. and from here far from where he is in my country everyone realize how much great talent he has Justin and this can go to the Oprah Winfrey Show is a very good opportunity for the exploited and as much as your fans Justin Bieber and deserves this and much more.\r\njustin you want your fans from Chile.","I support this petition.And because i love Justin Bieber!!!!!!","I support this petition because Justin Bieber is a VERY talented singer and it would GREATLY help him out and be noticed more for the freaks that don\\'t know who Justin Bieber is. PLEASE BRING JB 2 THE OPRAH SHOW!!!","hello opra only ask you that before you invite your progarma justin he is a good singer and it\\'s nice like but if for some reason you do not want to invite your have your reasons, but just if you can and want to invite him","I support this petition.","I support this petition.He is a great singer!","I support this petition.","I support this petition....!!!!\r\ni very2 support this petition!!!!","I totally support this petition.[ily u justin..muah]","I support this petition! Bring Justin Bieber on your show. He\\'s a great singer, and deserves it; he works so hard.","I DO SUPPORT THIS BUT PLEASE GO HERE NOW I LOVE THIS WEBSITE AND I REALLY MISS IT PLEASE DO HELP YOUR OUR ONLY HOPE AND SPREAD THE WORD. LOOK AT MY PROFILE AND GO TO THE SCAPENATION ONE.","i think justin bieber should be on the oprah cuz hes a very talented 16 year old who plays every instrument theree is out there.i thnk he deserves to be on ths show just like every other celeberity.","I support this petition. PLEASE JUSTIN IS A SUPPORTING PERSON PLUS HE ADMIRES YOU OPRAH","i love justin bieber and he deserves 2 be on oprah","I support this petition.Justin is a big star and ever big star should be able to meet oprah.Oprah should let justin be on her show for those people who do nto know Justin Bieber to see who he is and what the buzz is on him.He is very talented and needs to be on t.v.","I support this petition.","I support this petition. I Love Justin Bieber and he should go on Oprah before she goes off air! He\\'s the teen popstar sensation! ","I support this petition.","I support this petition, and if Justin is on the show, I want tickets to see him!!!! I live right by Chicago :)"]},{"link":"http://web.archive.org/web/20141014182124/http://www.petitionspot.com/petitions/jbtoOPRAHbe4shegoes/signatures/200","comments":["I support this petition.","I support this petition.","I support this petition.","I support this petition.","I support this petition.","I support this petition.","I support this petition.","I support this petition.","I support this petition.","I support this petition.","I support this petition.","I support this petition.","I support this petition.","I support this petition.","I support this petition.","I support this petition.","I support this petition.","I support this petition.","I support this petition. <3","I support this petition.","I support this petition.","I support this petition.","I support this petition.","I support this petition.","I support this petition.","I support this petition.","I support this petition.","I support this petition.","iHope Justin Bieber gets on the Oprah show for all of the Justin Bieber fans so they will be so happy.","I support this petition. Justin Bieber really needs to be on here before oprah goes off air! She is an inspiration and that would be good for justin:)\r\n                   ~with love,\r\n                                     Jessica:)","I support this petition.","I support this petiton","I support this petition.","I support this petition.","I support this petition.","I support this petition!\r\nget him there now!","I support this petition.","I support this petition. <3","I support this petition.","I support this petition.","I support this petition.","well ofcourse i support this petition!! wudnt it b awesum if justin waz on the last episdoe of Oprah Winfrey?!","I support this petition.","I support this petition. because i LOVE Justin Bieber <3333","I support this petition.","I support this petition.","I support this petition.","I support this petition.","She would be a fool for NOT bringing him onto the show!!!!","I support this petition.","I support this petition.","I support this petition.","I support this petition.","I support this petition.","I support this petition!!!!! PLz plz let Justin go on Oprah..plllleeeezzzz! we all love him to bits and hes  an amzing person and deserves to meet oprah and be on her show! plz plz let him...we love u justin!!! x x x =D","I support this petition. :)\r\ni love justin bieber!","I support this petition.","I support this petition.","I support this petition.","I support this petition.","I support this petition.","I support this petition.","I support this petition.","I support this petition.","I support this petition.\r\n","I support this petition.","I support this petition.","I support this petition.","I support this petition.","I support this petition.","I support this petition.","I support this petition.","I support this petition.","I support this petition.","I support this petition.","I support this petition.","I support this petition.","I support this petition.","I support this petition.","I support this petition.","I support this petition.","I support this petition:D.","I support this petition.","I support this petition.","I support this petition.","I support this petition.","I support this petition.","I support this petition.","I support this petition.","I support this petition.!!!he DESERVES to be on this show!!!!he is such an inspiration to me & a lot of other people!!!(& besides I LOVE HIM!)....but seriously..if he isn\\'t on that show before it ends & i was Oprah i would go insane!!! she would be missing out on such an AMAZING person to be on her show!!! JUSTIN BIEBER BETTER BE ON OPRAH BEFORE IT GOES OFF AIR!! I THINK TELEVISION WOULD GO INSANE!!;) OR AT LEAST I KNOW I WOULD!!!!....***JUSTIN BIEBER ON OPRAH*** :))","I support this petition.","I support this petition.","I support this petition.","I support this petition.","I support this petition.","I support this petition. :))","I support this petition.","I support this petition.","I support this petition.","I support this petition."]},{"link":"http://web.archive.org/web/20141014182124/http://www.petitionspot.com/petitions/jbtoOPRAHbe4shegoes/signatures/500","comments":["I support this petition.","I support this petition.","I support this petition.(:","I support this petition.","I support this petition. :)","I support this petition.","I support this petition.","I support this petition.","I support this petition.","I support this petition.","I support this petition.","I support this petition.","justin bieber should totally be on there cause almost every girl in the world loves him.i love him.his posters r on my wall.i have his name on a necklace and a bracelet and im gettin his t shirts :D so put him on claims thy teen","I support this petition.","I support this petition.","I support this petition.","I support this petition.","Dear Oprah, My grandma is always watching your show. Then I found out that Justin Bieber was going on your show. He is amazing and so many people would watch him on your show..... PLEASE get him on there.","I support this petition.because oprah needs to see him perform and because iam his number one fan truly i know every thing about him ask me any question and i know how 2 answer it","I support this petition.","I support this petition.","I support this petition.","I support this petition.","I support this petition.","I support this petition.  justine beiber is my granddaughters favorite he is very talented","I support this petition.","I support this petition.","I support this petition.","i support this because i want to know it the rumors about him are true.","I LOVE JUSTIN BIEBER AND I THINK I WOULD WELL SUPPORT IT XXXXXXXXXXXXXXX","I support this petition. ","I support this petition.","I support this petition. ","I support this petition.","I support this petition. :)","I support this petition. i love jb he is the bomb !!!","I support this petition. i love justin bieber:)","I support this petition.","I support this petition.","Pleasee <3 Ilovee you Jb"]}]}