{"title":"","text":"\nLeaving us on a cliff hanger, Veronica Mars stopped so abrupt that we are left wanting more. Giving us the viewers another season will not only delight us but will help rise the view rates on other shows. So, please those who have not been able to have the luxury of see Veronica Mars come here to see season 1 and then season 2 on 12/14/09- http://www.thewb.com/shows/veronica-mars \n      ","author":"","signatures":[{"link":"http://web.archive.org/web/20100408194857/http://www.petitionspot.com/petitions/LetsGetVeronicaMars/signatures/1","comments":["I support this petition. !. Veronica Mars is a great show,i apsolutly love it!, i watch the seasons over and over agian, theres nothing else like it. i wish someone can do something to bring it back, and want it back as much as i do.","I support this petition.","I support this petition.","I support this petition.","I support this petition.","I support this petition.","I support this petition.","I support this petition.","Please bring it back!","I support this petition.","I support this petition.","I support this petition. I\\'d love to seea new season of the best show ever made.","I support this petition.","I support this petition.","I support this petition. I LOVE VERONICA MARS!","The show was awesome!!!","I support this petition.","I support this petition.","I support this petition. This was an excellent show with a great cast. I miss it!","I support this petition.","I support this petition.","I support this petition.","I support this petition.","I support this petition.","I support this petition.","I support this petition because I love this show; it one of my favorite. ","I support this petition.","I support this petition.","I support this petition.","I support this petition, baby! ","I support this petition.","I support this petition.","I support this petition. I love Veronica Mars and it never really ended, please end the series and bring it back for good with Logan.","I support this petition.","I support this petition.","I support this petition.","I support this petition.","I support this petition.","I support this petition becuasee i totally lovee veronica mars","I support this petition.","I support this petition.","I support this petition.","I support this petition!!!!!It\\'s an awsome but I haven\\'t seen it in so long i forgot the channel it waas on xD tell my at lollover21@gmail.com plz ty","I support this petition.  Veronica Mars was one of the best shows ever bring season 4!!!!!!!","I support this petition.","I support this petition.","I support this petition.","I support this petition.","I support this petition.","I support this petition.","I support this petition.","I support this petition.","I support this petition.","I support this petition.","I support this petition.","I support this petition.","I support this petition.","I support this petition.","I support this petition.","I support this petition.","I support this petition.","I support this petition.","I support this petition.","I support this petition.","I support this petition.","I support this petition.","I support this petition.","I support this petition.","I support this petition.","I support this petition.","I support this petition.","I support this petition.","I support this petition.","I support this petition.","I support this petition.","I support this petition.","I support this petition.","I support this petition.","I support this petition.","I support this petition.","I support this Petition."]}]}