{"title":"","text":"\nSS501\\\\\\'s Love Like This has been rising continuously on the MYX charts. This is all due to all our hardwork as fans. Now, we need your support for another venture. SS501 is known on MYX but we have yet to hear their songs played on our radio stations. \r\n\r\nPlease sign this petition in the hopes that we can convince WARNER PHILIPPINES to release SS501\\\\\\'s current hit LOVE LIKE THIS on Philippine airwaves.\r\n\r\nYou know our guys deserve to be heard. So, join us. Sign this petition and show your MAD LOVE for SS501!\n      ","author":"","signatures":[{"link":"http://web.archive.org/web/20100509122757/http://www.petitionspot.com/petitions/llt4radio/signatures/1","comments":["I support this petition.Hope this song on the radio soon.","I support this petition.","I support this petition. SS501 fighting!","I support this petition.","I support this petition. SS501 & TSPH FIGHTING!!!","I support this petition.","I support this petition.","I support this petition.","I support this petition.","I support this petition.","I support this petition.","I support this petition.","I support this petition.","I support this petition.","I support this petition.","I support this petition.","I support this petition.","I support this petition.","I support this petition.","I support this petition.","I support this petition.","I support this petition.","I support this petition.","I support this petition.","I support this petition.","I support this petition.","I support this petition.","I support this petition.","I support this petition.","I support this petition.","I support this petition.","I support this petition.","I support this petition.","I support this petition.","I support this petition.","I support this petition. Its high time that our five gorgeous SS501 be known and make it on top in our country....","I support this petition.","I support this petition.","I support this petition.","I support this petition.","I support this petition.","I support this petition.","I support this petition.","I support this petition.","I support this petition."]}]}