{"title":"","text":"\nLove Like This from SS501 has been rising continuously on the MYX charts. This is all due to all our hard work as fans. Now, we need your support for another venture. SS501 is known on MYX but we have yet to hear their songs played on our radio stations. \r\n\r\nPlease sign this petition in the hopes that we can convince WARNER PHILIPPINES to release the SS501 current hit LOVE LIKE THIS on Philippine airwaves.\r\n\r\nYou know our guys deserve to be heard. So, join us. Sign this petition and show your MAD LOVE for SS501!\n      ","author":"","signatures":[{"link":"http://web.archive.org/web/20100509122627/http://www.petitionspot.com/petitions/lltonradio/signatures/100","comments":["I support this petition.","I support this Petition.","I support this petition.","I support this Petition.","I support this petition.","I support this petition.","I support this petition.","I support this Petition.","I support this petition.","I support this petition.","I support this petition.","I support this petition.","I support this Petition.","I support this Petition.Triple S fighting!!!","I support this petition.","I support this petition.","I support this petition.","I support this petition.","I support this petition.","I support this Petition.","I support this Petition.SS501 Fighting !!","I support this petition because i love ss501 and love like this is a great song.","I support this petition.","I support this petition.","I strongly support this petition.  It is Warner\\'s duty to make their artists and their artists songs more popular to the listeners.  :)","I support this petition.","I support this petition. Love Like This and SS501 should be known all over the Philippines!!! They\\'re a great group!","I support this petition.","I support this petition.","I support this Petition.","I support this Petition.","I support this petition.","I support this Petition.","I support this petition.","I support this petition.","I support this petition.","I support this petition.","I support this petition. Because SS501 deserves to be heard by millions of people here in the Philippines. :)","I support this petition.","I support this petition.","I support this petition.","I support this petition. ","I support this petition.","I support this petition.","I support this petition.","I support this petition.","I support this petition.Please Please air LLT on Radio stations in the PH","I support this Petition.","I support this Petition.","I support this petition.","I support this petition.","I support this petition.","I support this petition.","I support this petition.","I support this Petition.","I support this Petition wiht my whole heart!!!","I support this petition.","I support this Petition.","I support this petition!","I support this petition.","I support this petition.","I support this petition.","I support this Petition.","I support this petition.","I support this petition. Go SS501! TRIPLE S PH FIGHTING! <333","I support this petition.","Put SS501\\'s Love Like This is on Philippine airwaves~ Spread their awesomeness and adorableness. PUT IT ON THE RADIO!! AND PUSH RE PLAY RE PLAY OVER AND OVER AGAIN.","I support this petition.","I support this petition.","I support this Petition.","I support this Petition.","I support this Petition.","I support this Petition.","I support this petition.","I support this petition. SS501 Fighting! Aja Aja! Haha. <3","I support this petition.For the love of SS501, TSPH FIGHTING!!!","I support this petition.","I support this Petition.","I support this petition.","I support this petition.","I support this petition.","I support this Petition.","I support this petition.","I support this petition.","I support this petition.","I support this petition.","I support this petition.","I support this petition.","I support this petition.","I support this petition.","I support this petition.","I support this petition.","I support this petition.","I support this petition.","I support this petition.","I support this petition.","I support this petition.","I support this petition.","I support this Petition.","I support this petition."]},{"link":"http://web.archive.org/web/20100509122627/http://www.petitionspot.com/petitions/lltonradio/signatures/200","comments":["I support this petition.","I support this petition.","I support this petition.","I support this petition.","I support this petition.","I support this petition.","I support this petition.","I support this petition. because I am a TRIPLE S . of course SS501\\'s fan . xD","I support this petition.","I support this petition.","I support this petition.","I support this petition.","I support this petition.","I support this petition.","I support this petition.","I support this petition.","I support this petition.","I support this petition.","I support this petition.","I support this petition.","I support this petition.","I support this petition.","I support this petition.","I support this petition.","I support this petition.","I support this petition.","I support this petition.","I support this petition.","I support this petition.","I support this petition.","I support this petition.","I support this Petition.","I support this petition.","I support this petition.","I support this petition.","I support this petition.","i love LLT and SS501!!!SS501, fighting!!!i love u 4ever!!!!","I support this petition.","I support this petition.","I support this petition.","I support this petition.","I support this petition.","I support this petition.","I support this petition.","I support this petition.","I support this petition.","I support this petition. Let SS501\\'s music be spread in the Philippines. :)","SS501 Fighting! ","I support this petition.","I support this petition. ","I support this petition.","I support this petition.","I support this petition.","I support this petition.","I support this petition.","I support this petition.","I support this Petition.","I support this petition.","I support this petition.","I support this petition.","I support this petition.","I support this petition.SS501 FIGHTING!!!","I support this petition.","I support this petition.","I support this petition.","I support this petition.","I support this petition.","I support this petition.\r\nSS501 4ever","I support this petition.","I support this petition.","I support this petition.","I support this petition.\r\nPlease play Love Like This on radio..\r\nand please release this amazing song on Philippine airwaves....\r\nYou won\\'t regret it at all ^__^","I support this petition. And hope that I can enjoy the song on the radio.","I support this Petition.","I support this petition.","I support this petition.","I support this petition.","I support this petition.","I support this petition. <3 SS501!","LLT on RADIO!!!! <3 <3","I support this petition.","I support this petition....^_^","I support this Petition.","I support this petition.","I support this petition.","I support this petition.","I support this petition.","I support this petition.","I support this petition.","I support this petition.","I support this petition.","I support this petition.","I support this Petition.","I support this Petition.","I support this petition.","I support this Petition.","I support this petition.","I support this petition.","I support this Petition.","I support this Petition."]},{"link":"http://web.archive.org/web/20100509122627/http://www.petitionspot.com/petitions/lltonradio/signatures/1","comments":["I support this petition.","I support this petition.","I support this Petition.","I super support this petition!! :) come on!!! play it!! :D","I support this petition.","I support this petition.","I support this petition.","I support this petition.","I support this Petition.","I support this Petition.","I support this petition.\r\ni want LOVE LIKE THIS to be heared on radio station :)","I support this petition.","I support this petition.","I support this petition.","I support this petition.","I support this petition.","I support this petition.","I support this petition.","I support this petition. i support SS501","I support this petition.","I support this petition.","I support this petition.","I support this Petition.","I support this petition.","I support this petition.","I support this petition.","I support this petition.","I support this petition.","I support this petition.","I support this petition.","I support this petition.","I support this petition.","I support this petition.","I support this petition.","I support this petition.","I support this petition.","I support this petition.","I support this petition.","I support this petition.","I support this petition.\r\n\r\nI support SS501! ^_^\r\n\r\nTriple S aja!","I support this petition.","I support this petition.","I support this petition.","I support this petition.","I support this petition.","I support this petition.","I support this petition.","I support this petition. PLAY LLT. NOWW!!!!!! SS501 the besT!!!!","I support this petition.","I support this petition.","I support this petition.","I support this petition.","I support this petition.","I support this petition.\r\n","I support this petition.","I support this petition.","I support this petition.","I strongly support this petition. SS501 is a great group and should be heard and be recognized as one. ","I support this petition.","I support this petition.","I support this petition.\r\nSS501 Fighting!!!!!","I support this petition.","I support this petition.","I support this petition.","I support this petition.!!!","I support this petition. We love SS501 501%","I support this petition.","I support this petition. Please release LLT on radio and all the songs of SS501. I think it\\'s time Filipinos get to hear their songs. ","I support this petition.","I support this petition.","I support this petition.","I support this petition.","I support this petition.","I support this petition.","I support this petition. ALL THE WAY! TRIPLE S AND SS501 FIGHTING :D","I support this petition.","I support this petition.","I support this petition.","I support this petition.","I support this petition.","I support this petition.","I support this petition.\r\nSS501 FIGHTING!!! <3","I support this petition. SS501\\'s voices should be heard not only in television!","I support this petition.","I support this petition. Warner Philippines, it is about time that you hear the voices of Triple S Philippines. Thank you.","I support this petition.","let the Philippines hear SS501\\'s song. they deserve to be heard! ^^","I support this petition. SS501..fighting~!! ","I support this petition.","I support this petition.","I support this petition! SS501 and Triple S FiGHTiNG~!! We can do this! ^ w ^","I support this petition.","I support this petition.","I support this petition.","I support this petition.","I support this petition.","I support this petition.","I support this petition.","I support this petition.","I support this petition."]}]}