{"title":"Appeal to TTD to promote Unpolished rice","text":"\n\r\n\r\n\r\n\r\nService to Man is Service to God\r\n\t\r\n\r\n\r\nBristol, United Kingdom,\r\n04-04-2009\r\n\r\nTo \r\nThe Chairman,\r\nTirumala Tirupati Devasthanam\r\n\r\nCopy to                                                                                                                        \r\nThe Chief Minister\r\nAndhra Pradesh Government\r\n\r\nSub: Appeal to promote whole grain / unpolished rice as part TTD’s Nithya Annadanam\r\n\r\nRespected Sir/Madam,\r\n\r\nThis is a sincere appeal from thousands of humanitarians and hundreds of social service organizations to adopt unpolished rice for TTD’s Nithya Annadhanam which could inspire millions of people to follow healthy practices.\r\n\r\nFirst we thank you for providing the divine blessing and Annadhanam to all, irrespective of status, caste and religion.\r\n\r\nWe are delighted to write to you and pleased to introduce a humanitarian, social service organization called Viswa Manavata Samstha (www.Manavata.org) and Charity Together (www.charitytogether.org) a forum of social service organizations. We are mainly working on promoting good health across the globe.\r\n\r\n“Yuktahara - viharasya yukta - cheshtasya karmasu\r\nyukta - swapnavabodhasya yoga bhavati dukhaha.”\r\n- Bhagavadgita, Chapter 6, Verse 17\r\n\r\nWe have been working on several health awareness programs in India, UK and USA. It has been observed that many people are suffering with illness due to their wrong food habits irrespective of their financial status. It is also observed that the problem around the world is usage of fine processed grains rather than whole foods. Specifically in southern part of India most of the people are using fine polished white rice which is causing several nutritional deficiencies in people. As part of our health camps we have also realized that, it is very difficult to make people to understand importance of unpolished rice. Forum strongly felt that temples are the best places to promote any best practice.\r\n\r\nHealth Benefits of unpolished (brown) rice:\r\n\r\n   1.       Provides all necessary carbohydrates requirements.\r\n   2.      Rich in fibers.\r\n   3.      Helps to control blood sugar.\r\n   4.      Helps to control cholesterol\r\n   5.      Beneficial for stomach and intestinal ulcers and for diarrhea. It is easily digested starch food.\r\n   6.      Because of the mineral content, it supplies important nutrient for the hair, teeth, nails, muscles and bones.\r\n\r\nTirumala Tirupati Devasthanam has always been the initiator of many good activities. For example, the ‘Vanamahotsavam’ scheme to turn the planet green is very well commended by everyone. It has been always a leader in promoting any good initiatives. And obviously rest of the country follows the leader.\r\n\r\nHaving highlighted the nutrition values of the unpolished rice we request the respected TTD, to promote unpolished rice by adopting them in Nithya Annadhana. This will create awareness in people and promote good health and nutrition. This may eventually make a healthy India and healthy world.\r\n\r\n\r\n\r\nThanks & Regards\r\n\r\nSrinivasa Chowdary Alluri\r\nFounder President,\r\nwww.manavata.org /www.charitytogether.org / http://en.wikipedia.org/wiki/Manavata\r\nPhone: +44-7906364554 /+91 - 40 – 23347233 / +91-9849057179\r\nEmail: info@manavata.org\r\n\r\n\r\nOther Benefits:\r\n\r\nRice is the staple food for India. Surprisingly the cure of the diseases is at its veritable base as we will read through shortly. Unpolished whole meal rice is healthier than the Polished white rice, by Vitamin B3 by 67%, Vitamin B1 by 80%, Vitamin B6 by 90%, Iron by 60%, Dietary fiber by 349%, Fatty Acids, Half of the Manganese content and Half of the Phosphorus content. The Curability properties of whole meal rice are listed here, Cures impotency, Reduce obesity and reduce weight, Lower Cholesterol level, Significant Cardiovascular benefits for postmenopausal women, Protection against heart diseases, Lowers Type 2 Diabetes, Reduction in High Blood pressure, Migraine, Asthma and Heart attack, Protection against Breast cancer, Prevent Gallstones, and Improves Immunity and health in Children. Etc.\r\n\r\n\r\nSignatures:\r\n\r\n\r\nWe strongly support this initiative and we sincerely request TTD to implement this change:\r\n\r\n\r\nName \t   \t\t\tOrganization\t\t\tSignature\r\nDr.Manthena Satyanarayana Raju  Prakrithi Jeevana Vidhanam\r\nDr. Sudarshanachariy \t\tLeadIndia 2020\r\nDr. T. Hanuman Chowdary\t\tPragnya Bharathi\r\nDr. P. Sudarshan Reddy\t\tMalakpet Yoga Kendra\r\nMr. Suryanarayana Cheakala\tVivekananda Seva Samithi\r\n\r\nhttp://docs.google.com/Doc?id=dg8gxz38_36d6rm9cf8\r\n      \n      ","author":"manavata","signatures":[{"link":"http://web.archive.org/web/20110519153809/http://www.petitionspot.com/petitions/manavatattdur/signatures/1","comments":["I support this petition.","I support this petition.","I support this petition.","I support this petition.","I support this petition.","I support this petition.","I support this petition.","I support this petition.","I strongly support this petition.","I support this petition.","I support this petition.","I support this petition.","I support this petition.","I support this petition.","I support this petition.","I support this petition.","I support this petition."]}]}