{"title":" recognise motion capture as acting ","text":"\nMotion capture is not voice over work, it's acting. The actor is physically on set like all the other actors, and should be recognised as such.\n","author":"Irfon Williams322","signatures":[{"link":"http://web.archive.org/web/20141014181842/http://www.petitionspot.com/petitions/motioncaptureacting/signatures/1","comments":["I support this petition.","I support this petition.","I support this petition.","I support this petition.","I support this petition.","I support this petition.","I support this petition.","I support this petition.","I support this petition.","I support this petition.","I support this petition.","I support this petition.","I support this petition.","I support this petition.","I support this petition.","I support this petition.","I support this petition.","I support this petition.","I support this petition.","I support this petition.","I support this petition.","I support this petition.","I support this petition.","I support this petition.","I support this petition.","I support this petition.","I support this petition.","I support this petition.","I support this petition.","I support this petition.","I support this petition.","I support this petition.","I support this petition.","I support this petition.","I support this petition."]}]}