{"title":" NEW PS2","text":"\nPS2s may not be so up-to-date however they are fun.I enjoy the games but I think people SHOULD NOT stoping makeing them.I think there should be new games at a midium price($20).In signing this you can help there be more PS2 games,thankyou for reading.\n----------------------------------------------------\nAdded by: Tyler Fox278 on October 20, 2009, 5:54:36 pm\n----------------------------------------------------\n\nplease sign this this petition as soon as you can.\n","author":"Tyler Fox278","signatures":[{"link":"http://web.archive.org/web/20141014181847/http://www.petitionspot.com/petitions/newps2/signatures/1","comments":["I support this petition.","I support this petition.","I support this petition.","I support this petition.","I support this petition.","I support this petition.","I support this petition.","I support this petition.","I support this petition.","I support this petition.","I support this petition.","I support this petition.","I support this petition.","I support this petition.","I support this petition.","I support this petition.","I support this petition.","My cow bite my friend\\'s hand,did you know that he then killed my cow?R.I.P. Hamburger.","I support this petition.","I support this petition.","PS2s are fun!","I support this petition.","I support this petition.For god damn sake let us all revive this ps2 the legend console.I know we all dont want the ps2 to die slowly and disappear!","I support this petition.","I support this petition.","I support this petition.","I support this petition.","I support this petition.","I support this petition.","I support this petition.","I support this petition.","I support this petition.","I support this petition.","I support this petition.","I support this petition.","I support this petition.","I support this petition.","I support this petition.","I support this petition.","I support this petition.","I support this petition.","I support this petition.","I support this petition.","I support this petition.","I support this petition.","I support this petition.","I support this petition.","I support this petition.","I support this petition.","I support this petition.","I support this petition.","I support this petition.","I support this petition.","I support this petition.","I support this petition.","I support this petition.","I support this petition.","I support this petition.","I support this petition.","I support this petition.","I support this petition.","I support this petition.","I support this petition.","I support this petition.","I support this petition.","I support this petition.","I support this petition.","I support this petition.","I support this petition.","I support this petition.","I support this petition.","I support this petition.","I support this petition.","I support this petition.","I support this petition.","I support this petition.","I support this petition.","I support this petition.","I support this petition.","I support this petition.","I support this petition.","I support this petition.","I support this petition.","I support this petition.","I support this petition.","I support this petition.","I support this petition.","I support this petition.","I support this petition.","I support this petition.","I support this petition.","I support this petition.","I support this petition.","I support this petition.","I support this petition.","I support this petition.","I support this petition.","I support this petition.","I support this petition."]}]}