{"title":"Address Rising Housing costs so NJ citizens can li...","text":"\nHonourable Governer Corzine & State Legislative Members:\n\nWe would like to point your attention to one of the pressing issue faced by many NJ citizens. In last few years, House prices in NJ have increased to significantly high values, and with increasing interest rates, it is making it very difficult for Middle class folks to afford decent housing in NJ. Even though many of us have significantly hige education & income levels compared to National standard, but are finding it difficult to afford a house, especially in Northern & Central part of the state. We would like to point out few observations from the Brookings institute,\n\n* New Jersey is the 5th least affordable housing in the nation.\n* New Jersey workers have some of the longest commutes in the nation.\n* Although wages in New Jersey are very high, more than onefifth of homeowners (about 635,000 households) still spend more than 35% of their income on housing costs.\n* During the entire decade of the 1990’s two-thirds of New Jersey’s municipalities built ZERO multifamily\nhousing units.\n\nWe want your office to consider approaches recommended by experts to make housing more affordable in NJ. Some of the recommendations we support are:\n\n* Promote Smarter development patterns that can help level the playing field between established communities and newer ones; and also between poor and wealthy places.\n* Greater housing choices which will benefit families by improving their access to educational, employment and other opportunities; it will also benefit businesses by enabling workers to live closer to their places of employment.\n* New Jersey should consider cabinet-level realignment as well as other interdepartmental and coordination reforms to bring together agencies and programs with strong potential synergy.\n\nMany of us have lived in NJ their entire life, while many of us have chosen to relocate to NJ as it offers many economic choices. We love the state and feel part of the community. Today we are facing this acute housing issue that is making it difficult for us to consider other options. \n\nWe would truely appreciate if your office takes this issues in consideration and implements appropriate policies.\n\nThanking you.\n\n\n\nBrookings institute article available at,\n\nhttp://www.brookings.edu/metro/speeches/20060501_Trenton.pdf\n","author":"Shailesh Gala","signatures":[{"link":"http://web.archive.org/web/20140811002305/http://www.petitionspot.com/petitions/njhome/signatures/200","comments":["I support this petition.","I support this petition.","I support this petition.","I support this petition.","I support this petition."]},{"link":"http://web.archive.org/web/20140811002305/http://www.petitionspot.com/petitions/njhome/signatures/100","comments":["I support this petition.","I support this petition.","I support this petition.","I support this petition.","I support this petition.","I support this petition.","I support this petition.","I support this petition.","I came","I support this petition.","I support this petition.","I support this petition.","I support this petition.","I support this petition.","I support this petition.","I support this petition.d","I support this petition.","I support this petition.","I support this petition.","I support this petition.","I support this petition.","I support this petition.","I support this petition!!","I support this petition.","I support this petition.","I support this petition.","I support this petition.","I support this petition.","I support this petition.","I support this petition.","I support this petition.","I support this petition.","I support this petition.","I support this petition.","I support this petition.","I support this petition.","I support this petition.","believe in kangin","I support this petition.","I support this petition.","I support this petition.","I support this petition.","I support this petition.","I support this petition.","I support this petition.","I support this petition.","I support this petition.","I support this petition.","I support this petition.","I support this petition.","I support this petition.","**** this petition! suck my \r\n\r\n  |\r\n  |\r\n  |\r\n  |\r\no|o that\\'s my dick.","I support this petition.","I support this petition.","I live here.... my ","I support this petition.","I support this petition.","I support this petition.","I support this petition.","Testing","Testing","I support this petition.","I support this petition.","I support this petition.","هذي تجربة للموقع","I support this petition.","I support hyh.","I support this petition.","BASTARDLY CANARY BOY HAS SPOKEN!","I support this petition.","I support this petition.","No Thank You","I support this Petition.","I support this petition.","I support this petition.","I support this Petition.","I don't live in NJ, but I want to later in my life. Then I can ride Kingda Ka hundreds of times! It'll be awesome!","i need a petetion for example camplain about a demanding of sht.","I support this petition.","I support this petition.","I hate leaving family and friends, but my husband and I can't afford to live in this state anymore. All of the homes we looked at in our price range, $300,000 were filthy and in need of extensive repairs. Time to get out, and buy a brand new house in TN for half the price.","Both McGreevey and Corzine have caused this increase in living costs of NJ.  NJ residents need to send them a message by voting them all out of office!","  ","  ","  ","  ","  ","  ","  ","Very interesting.\r\n   ","  ","Looks great! I found lots of intresting things here. Many thanks. Nice site. Cheers!","  ","  ","  ","  ","  ","This is really fresh idea of the design of the site! I seldom met such in Internet. Good Work dude!","  ","Looks great! I found lots of intresting things here. Many thanks. Nice site. Cheers!"]},{"link":"http://web.archive.org/web/20140811002305/http://www.petitionspot.com/petitions/njhome/signatures/1","comments":["  ","  ","  ","  ","Looks great! I found lots of intresting things here. Many thanks. Nice site. Cheers!","Wow, avtorul site-ului acesta este foarte ingenios!\r\n    ","FUCK YOU","Many thanks to Webmaster\r\n    ","Who wants to live in that shit state anyway","Hello, very good site.\r\n    ","Thanks a lot for such a wonderful site i see that you created it going the whole hog!!\r\n    ","Excellent work!\r\n    ","Looks great! I found lots of intresting things here. Many thanks. Nice site. Cheers!","  ","  ","I have already enjoy your website, and it is so nice and cool. I will visit your website again. Thank you. Please More updates","  ","  ","Your site best","  ","  ","  ","  ","This is really fresh idea of the design of the site! I seldom met such in Internet. Good Work dude!","  ","  ","I have already enjoy your website, and it is so nice and cool. I will visit your website again. Thank you.\r\n\r\n\r\nmobic","I have already enjoy your website, and it is so nice and cool. I will visit your website again. Thank you.\r\n\r\n\r\nmobic","I have already enjoy your website, and it is so nice and cool. I will visit your website again. Thank you.","Hello. My compliments to a very nice website. I have a great time on your to see your lovely cat. Lots of succes in breeding.","  ","asdfghj","  ","asdfghj","asdfghj","I have already enjoy your website, and it is so nice and cool. I will visit your website again. Thank you.","  ","  ","  ","  ","  ","  ","  ","  ","  ","  ","  ","  ","  ","  ","  ","  ","  ","  ","  ","  ","  ","  ","  ","  ","  ","  ","  ","  ","  ","  ","  ","  ","  ","  ","  ","  ","  ","  ","  ","I have already enjoy your website, and it is so nice and cool. I will visit your website again. Thank you.","  ","  ","  ","  ","  ","  ","  ","  ","  ","dmboefiq bkenvhsw rhqgexdsy smkond fuxmebcz jsgrpc gqiyj","When will a home worth 120k not be sold for 400k? Soon I hope because the dumps I been looking @ for 400k in NJ is a travisty!","Home prices in NJ are wayyyy out of control. Greedy Sellers make me sick!","I support this petition.","I support this petition.","I support this petition.","Stop Whinning\r\n\r\nNext you'll want a welfare check","I support this petition.","In addition to concept of retaining as much of the existing community as possible, if NJ is to keep its working force and be able to actually continue collecting taxes at all, you have to make NJ living affordable.  Property taxes are excessive, water bills are excessive, and soon, heating will be excessive. Where can one turn when all these bills hit? To keep your core, you have to assist in reducing their debt load, and the best option is property tax reduction in line with government spending reductions.\r\n","I was born and raised in NJ and it sucked then and it still sucks now.\r\nMove...you will not be sorry....","I think keeping home prices affordable is very important for longer term health of New Jersey economy.\r\n\r\nâ€¢\tHigher prices force people work hard just to be able to pay the mortgage.\r\nâ€¢\tIt pushes people living farther from their work place and makes them commute for 2-4 hours a day with is really a unproductive activity. Also, this is a drain on our limited energy resources.\r\nâ€¢\tThere would not be any chance for some one to be free innovative and entrepreneurial, because one has to worry about expensive sheltering.\r\n\r\n\r\n","I support this petition.","I support this petition.","N.J. Home Prices are out of control I have to buy a home in P.A. in order to make ends meet this is a sham.","I support this petition."]}]}