{"title":" Punk'd (on MTV), who should As...","text":"\nWho do u think Ashton should punk. And if u want; how should he punk them\n","author":"youdontknowme","signatures":[{"link":"http://web.archive.org/web/20141014182155/http://www.petitionspot.com/petitions/punked/signatures/100","comments":["I think he should punk Aaron Carter bc he is so freaken sexy and I wanna see if he cries just like Jesse Mccartney did!","George Bush totally","Michael Jackson.....that would be cute:)","I support this petition.","He should PUNK himself to death. Ashton Kutcher is a stain on the human race! Either, celebrities are total morons, or they're just acting when they get PUNK'D. Are celebrities really that dumb?","GEORGE BUSH!! I HATE HIM!!"," my chemical romance yea that would FUNNY FUNNY","hey i think the used should get punkd ha ha that would b HILARIOUS I ","Sarah Michelle Gellar (Buffy)","he should get it in the ass bc hes so gay   i hate that show its so fuckin stupid and so are all of u","raven symone","I support this petition.","he should Punk'd Billie Joe Armstrong","jim carey","he shud punk jesus christ","I would love for Ashton to punk Demi Moore and Bruce all in the same  scandal... they can say the divorce papers were never final...Ashton can be a person.. actor.. in it! that would be hilarious!!!:P","George Bush...\r\nor maybe Hailey and Hilary ","simple plan! yea seb got them... Simple Plan.... they're too smart for punk'd... green day! or avril!","Ok, i love MTV. Punk'd is awesome, its my 2nd favorite show, because my first is Andy Milonakis! Its so funny, LOL i luv it. But the ultimate, would be Ashton Kutcher Punking Andy Milonakis, getting him all mad and stuff! Cmon, this'll b amazing!","Dale Jr.!!","GEORGE BUSH HECK YAHH!","You should punk Kelly Clarkson...that would be funny...or Billy from GC","Dean cain or teri hatcher\r\n","Simple plan!!\r\nthey tried to punk them but sebby got them lol","Maroon 5. =)","george bush","i dont really watch the show that much unless he punks sum 1 good... but if he punked jenna jameson, or sumone from jackass or andy milonakis cuz theyre cool","You should get hilary duff again.","courtney love\r\nGERARD WAY\r\naxl rose\r\netc.","Ashton should get your mom....I did, she was ok.","PARIS HILTON GODDAMN IT!!!!!!\r\nAND ALL OF HER DISGUSTING FRIENDS, THE fucken muppets!","he should punkd anyone that is dumb and unsuspecting...like...tom  cruise","Ashton she could punked ! It would be hilarious if someone toke over just once and get Ashton punked !","nelly","I would love to see Gerard Way from My chemical romance get punk'd","Oprah HAS to get punk'd this season!!! That would be so hilarious!","i agree with doom lol but when did he punk hillary duff i hate her i wanna c hercry sOoOo bad...","gerard way!!! i wanna see wut he would do","i think Ashton should be punked","That would probaly be realy hard though...","He should Punk Jim Carey. ","Ryan Sheckler, please please","i think he should punk jess simpson","simple plan!! i heard ashton's punk'd team failed to punk them. try again, ashton! dont give up! haha.. u just need to b more careful coz u wont get SP easily... ","Bam or Steve-o-\r\nThat would ROCK!!","Gerard Way\r\nFrank Iero \r\n(MY CHEMICAL ROMANCE)","billie joe \r\nbenji madden\r\ntre cool \r\nmike dirnt\r\n","get haylie duff and joel madden and jess simpson, punk ryan cabraro","234","Someone should get him...then again..someone who needs it...","i think he should punk green day, bam margera and ville valo i think dat would rock. it would b really kool if he got bam into the prank on ville lol","he already punk'd ciara on the fifth season i think he got the game too and he got raven symone. i think he should get eminem, demi moore,xzibit,bam margera","Ying Yang Twins, LL Cool J, and Lil' Jon\r\n","I support this petition.","HE SHOULD PUNK DEAD PEOPLE'S FAMILIES HE SHOULD DIG UP AALIYAH'S GRAVE AND WHEN HER MOM COMES OVER AND COMPLAINS HE SHOULD JUMP OUT FROM BEHIND A TREE AND SAY \"LOLLERZ YOU GOT PUNKD BITCH!!!\" AND THEN PUNCH HER IN THE FACE AND WHATS GOOD IS THAT THERES LOADS OF DEAD CELEBRITIES SO THIS FORMAT CAN BE REPEATED OVER AND OVER AGAIN\r\n\r\nALSO ASHTON CANT ACT FOR SHIT HE ALWAYS PLAYS THE SAME CHARACTERS TALK ABOUT DEVELOPING YOUR ART :ROLLEYES: funny :)","BAAAAAAAAAAAAAAAM\r\nMARGERA !!","some body shud punk ashton\r\n","Tom Cruise WOULD BE FUNNY! I HATE THAT DUDE!","Ashton has already punk&amp;amp;amp;#39;d Hilary Duff, Ciara, Mya, and Beyonce. He should punk Oprah~!","asthn should punk ciara","Gerard Way, and eminem!","Ashton should punk keira Knightly!\r\n","id love ashton to punk.. tom cruise.. a follow up on the water gun issue...","i think they should punk beyonce&#39;","yeah, i&#39;ve been saying forever he should get Bam Margera!! that would totally rock and be friggin hilarious! bam would be so pissed! lol. its like &#39;Viva La Punk&#39;d&#39; lol. that was really lame! but Bam would be great! and yeah, Green Day would be great too!!","~*~I wanna see him Punk Eminem...thats would be funny shit!!!LOL!!!","i think he should punk nelly","OMG HE SHOULD PUNK DEAD PEOPLE&#39;S FAMILIES HE SHOULD DIG UP AALIYAH&#39;S GRAVE AND WHEN HER MOM COMES OVER AND COMPLAINS HE SHOULD JUMP OUT FROM BEHIND A TREE AND SAY &quot;LOLLERZ YOU GOT PUNKD BITCH!!!&quot; AND THEN PUNCH HER IN THE FACE AND WHATS GOOD IS THAT THERES LOADS OF DEAD CELEBRITIES SO THIS FORMAT CAN BE REPEATED OVER AND OVER AGAIN\r\n\r\nALSO ASHTON CANT ACT FOR SHIT HE ALWAYS PLAYS THE SAME CHARACTERS TALK ABOUT DEVELOPING YOUR ART :ROLLEYES:","hillary duff cuz i want to c her supprised","DEMI MOORE","Simple plan ppl or Bam Margera thats a funny idea ","Simple plan ppl or Bam Margera thats a funny idea ","Ashton Kutcher should Punk Bill O&#39;Reilly, Ellen Degeneres or Xzibit from Pimp my ride Have him go to get a car from someone and before he gets in the car to drive it to the detail shop it blows up completely on fire!  ","He should PUNK Bam Margera,it&#39;d be cool to see Bam PUNK him back.","christina aguilera","I think he should Punk Yo Momma!","SNAPE KILLS DUMBLEDORE PAGE 606SNAPE KILLS DUMBLEDORE PAGE 606SNAPE KILLS DUMBLEDORE PAGE 606SNAPE KILLS DUMBLEDORE PAGE 606SNAPE KILLS DUMBLEDORE PAGE 606SNAPE KILLS DUMBLEDORE PAGE 606SNAPE KILLS DUMBLEDORE PAGE 606SNAPE KILLS DUMBLEDORE PAGE 606SNAPE KILLS DUMBLEDORE PAGE 606SNAPE KILLS DUMBLEDORE PAGE 606SNAPE KILLS DUMBLEDORE PAGE 606SNAPE KILLS DUMBLEDORE PAGE 606SNAPE KILLS DUMBLEDORE PAGE 606SNAPE KILLS DUMBLEDORE PAGE 606SNAPE KILLS DUMBLEDORE PAGE 606SNAPE KILLS DUMBLEDORE PAGE 606SNAPE KILLS DUMBLEDORE PAGE 606SNAPE KILLS DUMBLEDORE PAGE 606SNAPE KILLS DUMBLEDORE PAGE 606SNAPE KILLS DUMBLEDORE PAGE 606SNAPE KILLS DUMBLEDORE PAGE 606SNAPE KILLS DUMBLEDORE PAGE 606SNAPE KILLS DUMBLEDORE PAGE 606SNAPE KILLS DUMBLEDORE PAGE 606SNAPE KILLS DUMBLEDORE PAGE 606SNAPE KILLS DUMBLEDORE PAGE 606SNAPE KILLS DUMBLEDORE PAGE 606SNAPE KILLS DUMBLEDORE PAGE 606SNAPE KILLS DUMBLEDORE PAGE 606SNAPE KILLS DUMBLEDORE PAGE 606SNAPE KILLS DUMBLEDORE PAGE 606SNAPE KILLS DUMBLEDORE PAGE 606SNAPE KILLS DUMBLEDORE PAGE 606SNAPE KILLS DUMBLEDORE PAGE 606SNAPE KILLS DUMBLEDORE PAGE 606SNAPE KILLS DUMBLEDORE PAGE 606SNAPE KILLS DUMBLEDORE PAGE 606SNAPE KILLS DUMBLEDORE PAGE 606SNAPE KILLS DUMBLEDORE PAGE 606SNAPE KILLS DUMBLEDORE PAGE 606SNAPE KILLS DUMBLEDORE PAGE 606SNAPE KILLS DUMBLEDORE PAGE 606","i think he should get billie joe armstrong of green day that  would be awesome!!","There are lots of people who should be punkd and that list includes george bush and tony blair and jache chirac and saddam hussain an osama bin laden and maybe if dey punk mr rogers o crap he died alreddy didnt he well they should punk da olsen twins and maybe some other losers frum full house like bob saget and the very little known loser dave coulier and john stamos an da others andrea barber bill cosby want sum pudding? and hulk hogan ahahhahahahahahahahahahah ahahaha and maybe dick cheney and arnold shwaranegger in callyfornia and martha stewert and hillary clinton an bill clinton an how da heck is dis a petition were just givin ideas unless your petitoning to punk these peeple and ive only reely seen this show once but its kinda cool an i didnt know they ever punkd famous peeple cool ahah da mans and dey should also punk andy milonakis from dat show now that show is funny i was lmao the entire time you should watch it good quality comedy if ive ever known it","ok u should PUNK all the stupid stars (lyk eminem, britney, green day, 50 cent, nelly, ashley, pink, christina aguilera......)","i already kno he punk&#39;d jesse mccartney but it was soooooo funny and he looks so cute when he&#39;s scared!!!lol he should totally do it again!!!","i think he should punk jessica simpson! if he hasn&#39;t already","Ashton should totally punk Stevie Brock or Mya","i think he should punk demi moore","He should punk Bam Magera","I think he should punk Oprah,I think that would be hilarious.","i think you should punk tre cool of green day ","I think the rest of the cast members should punk ashton","He should punk G. W. Bush, I&#39;d watch that episode. World leaders should be punk&#39;d on a daily basis to keep public relations in good condition. After Bush he should punk Blair, then Chirac, then anyone else I forgot.","Wow theres so many but I just started watching the show because befor ei didnt have time so I dont know who they already punked so I wont list them all. ","dasdf","d","Someone should fucking punk Ashton Kutcher. I mean, sure it&#39;s funny watching people get &quot;punked&quot;, but, why is it so funny? Because they are rich assholes who get everything they want. I don&#39;t watch PUNKED because I can&#39;t fucking stand seeing Ashton Kutcher&#39;s stupid ugly face. Plus, he&#39;s a  rich asshole who gets everything he wants...he&#39;d probably cry if he got punked. Anyways, can&#39;t they &quot;accidentally &quot; kill him or something. That right there..would be entertainment. Fuck all these stupid whore stars. They are whores. They are tools...","I think he should punk eminem or 50 cent ","Reese Witherspoon","Mary-Kate and Ashley would be very entertaining to watch","i wanna see him punk your mom...jk...had 2 say it cuz no1 else has yet...ya i think he should get Paris, now thatd b sum entertaining stuff rite ther","to comment #82 from bayan... he already punk&#39;d jesse mccartney, they had his limo drive run into the guy&#39;s motorcycles and then the bike guys got all pissed at jesse... i felt sorry for jesse cuz he had tears in his eyes... he was so scared of those biker guys cuz they were BIG!... but anyways i wanted u to kno that he already punk&#39;d him","backstreet boys for sure\r\n","u should punk DENNIS QUAID or punk PARIS HILTON now that would b somthin 2 watch haha "]},{"link":"http://web.archive.org/web/20141014182155/http://www.petitionspot.com/petitions/punked/signatures/1","comments":["u should punk DENNIS QUAID or punk PARIS HILTON now that would b somthin 2 watch haha ","i think david beckham would be a good one, he&#39;s really famous but to dumb to think that somethings going on!! ","he should really really punk aaron carter","he should punk bam margera for playing all those jokes on viva","you should punk aaron carter","He should totally punk Joel Madden!!!","FUCK OFF YOU LITTLE CUNTS. ALL THE WAY KILLER SHOW THEM WHOS THE FUCKEN MOTEHR FUCKERN BOSS. COMEONE CUNTS TAKE ME ON LITTLE WHORES!","I think he should suffer excrutiating pain for all eternity. \r\n\r\nPS: Get the hell out of this establishment. This is my website.","i think they should punk billy martin from gc that would be hott and sexy ok so i have problems but im not complaning i love billy and if anyone has a problem with it will get a bull horn up the ass!!!!!!!!!\r\n ","I support this petition.","i think they should punk hilary duff. but they shouldnt punk her they should kill her....seriosly they should i want that bitch to burn in hell.","oh yeah but seriousy david from sp\r\n","hi you should punk me im famous in my own world!!! its ok they know me here.","hi you should punk me im famous in my own world!!! its ok they know me here.","michael jackson.... you know that whether youre for him, or against him, thatll get a LOT of viewers","I think some of the crew members other than Ashton should get together think of a really good plan and then punk Ashton!!!!","i want to see paris hilton get punk&#39;d .yeah.","i want to see the look on lindsay lohans face. Shes way to cool to get PUNK&#39;D.","punk&#39;d Christina Aguilera, Jet Li and Jackie Chan.","Michael Jordan","He should punk Ashton","you  should punk jesse mcartney\r\n","bam margera should be punkd and u should sign my petition called punk bam margera","ha. Ashton tryed to punk SP but they&#39;re to smart1","punk don vito!","They already tried to punk SP. It didnt work. They found a camera in a tissue box.","adam sandler, jim carrey, and lessser-known actors..and jessica simpson if she hasnt already been punk&#39;d","Oh my fucking GOD this web-site has the some of the dumbest people on earth..","I think he should do Chad Michael Murray to see his reaction. Or did he punk him already. ","I say he should punk some random bum off the street. Goodbye all.","punk his mom.","They should Punk SP!!! lol that would be soo FUNNY!!! lol Or John Cena from the WWE!!","He should punk any one of the guysz of SP or the whole group:d or he should punk billy martin from good charlotte","ashton should punk Pierre Bouvier from simple plan ","I THINK YOU SHOULD PUNK JOHNNY DEPP, \r\nOR THE MAN ROBERT DENIRO","i think you should punk katie cassidy","I think he should punk Oprah.","JESSE MCCARTNEY... BUT HE ALREADY GOT PUNKED + IS ON THE NEW SEASONQ","Amanda Bynes , Mary-Kate & Ashley Olsen, Jesse McCartney, Lori Loughlin, Jennie Garth","Although i love Jesse McCartney so much i think he should get Punked because iwant to know how he will react durring everything\r\n ","I think you should punk Tammy Hoch lol shay ","I think you should punk Tammy Hoch lol shay ","You all know that punk is an old jail slang term that means to fuck in the ass right?","punk Jet Li!!!","MICHEAL JACKSON HELL YES!","I disagree, i strongly think that Jesse McCartney would be a great target. Personally, i just think he is a no talent prettey boy. many seem to agree....","Don&#39;t punk Jesse Mccartney! You suck if u do!!!!!!!!!!!!!!!!!!!!!!! !!!!!!!!!!!!!!!!!!!!!!!!! !!!!!!!!!!!!!!!!!!!!!!!!! !!!!!!!!!!!!!!!!!!!!!!!!! !!!!!!!!!!!!!!!!!!!!!!!!! !!!!!!!!!!!!!!!!!!!!!!!!! !!!!!!!!!!!!!!!!!!!!!!!!! !!!!!!!!!!!!!!!!!!!!!!!!! !!!!!!!!!!!!!!!!!!!!!!!!! !!!!!!!!!!!!!!!!!!!!!!!!! !!!!!!!!!!!!!!!!!!!!!!!!! !!!!!!!!!!!!!!!!!!!!!!!!! !!!!!!!!!!!!!!!!!!!!!!!!! !!!!!!!!!!!!!!!!!!!!!!!!! !!!!!!!!!!!!!!!!!!!!!!!!! !!!!!!!!!!!!!!!!!!!!!!!!! !!!!!!","I would love to make love to him.\r\n\r\nI want to touch his muscular ass.. and wear women&#39;s undrewear!","punk Jesse McCartney","punk adam sessler&morgan webb","PUNK MICHAEL JACKSON!!!!!","Ben Moody! The Bastard! For Leaving Evanescence.. Tsss.. Dumbass!","i think he should punk pierre fomr simple plan . ppl he already punk hilary during her driving exam or somethn . b ut anyway it was very funny(she was soooo clueless)\r\n","i wish he could punk britney spears n give her a huge scare making her quit or someth but they have made a stupid deale that they cont punk her!!!","DON'T PUNK GREEN DAY! THEY ROCK!!!!!!!!","aston;s show is quite boring, he should stick to films, which is (sorta) best at","He should get punk'd, hes a freaking idiot.. and ugly. Okay im done","i think they should punk kelly clarckson","i think Ashton should punk Shanna Barker (travis barker(from the former band Blink 182)'s wife)","chris meloni should get punk'd","Bob Hoskins","freaks rock i bloody agree with you and \"howdys other entry there\"\r\nlol u rok","im black im a chav i am into shitt that no1 like greenday rule sorry for writing such shit i was tying to write it while sucking off my mum sos i'll go to a GREENDAY PETITION AND DIS GREENDAY ON THERE AND GET FUCKING KILLED Y THE MILLIONS OF GREENDAY FANS im black im a chav i am into shitt that no1 like greenday rule sorry for writing such shit i was tying to write it while sucking off my mum sos i'll go to a GREENDAY PETITION AND DIS GREENDAY ON THERE AND GET FUCKING KILLED Y THE MILLIONS OF GREENDAY FANS im black im a chav i am into shitt that no1 like greenday rule sorry for writing such shit i was tying to write it while sucking off my mum sos i'll go to a GREENDAY PETITION AND DIS GREENDAY ON THERE AND GET FUCKING KILLED Y THE MILLIONS OF GREENDAY FANS im black im a chav i am into shitt that no1 like greenday rule sorry for writing such shit i was tying to write it while sucking off my mum sos i'll go to a GREENDAY PETITION AND DIS GREENDAY ON THERE AND GET FUCKING KILLED Y THE MILLIONS OF GREENDAY FANS im black im a chav i am into shitt that no1 like greenday rule sorry for writing such shit i was tying to write it while sucking off my mum sos i'll go to a GREENDAY PETITION AND DIS GREENDAY ON THERE AND GET FUCKING KILLED Y THE MILLIONS OF GREENDAY FANS im black im a chav i am into shitt that no1 like greenday rule sorry for writing such shit i was tying to write it while sucking off my mum sos i'll go to a GREENDAY PETITION AND DIS GREENDAY ON THERE AND GET FUCKING KILLED Y THE MILLIONS OF GREENDAY FANS im black im a chav i am into shitt that no1 like greenday rule sorry for writing such shit i was tying to write it while sucking off my mum sos i'll go to a GREENDAY PETITION AND DIS GREENDAY ON THERE AND GET FUCKING KILLED Y THE MILLIONS OF GREENDAY FANS im black im a chav i am into shitt that no1 like greenday rule sorry for writing such shit i was tying to write it while sucking off my mum sos i'll go to a GREENDAY PETITION A","PUNK Hilary Duff!","I think my signature was deleted? Please put it back... with explanation.","britney spears","Definitely GC! I have to agree with that... or My Chemical Romance.. haha..","He should punk michael jackson Haha\r\nAnyway,Howdy yall that was a hell long post ;S ","Ash Ketchum should Punk'd James Dean's cold hard ass! MTV is the law, you will obey!","i think he should punk howdy yall cause i like to see that mother fuckn pussy shiteating fuckn poser to look like a fool cause green day and goodcharlotte rocks its too bad you can't do shit so fuck off!!!!!!!","dude, ashton should punk either the rest of good charlotte or MUTHERFUCKING GREEN DAY!/like...during like sound check or something, he should punk GC, and i have no fucking idea how he should punk green day!dude, ashton should punk either the rest of good charlotte or MUTHERFUCKING GREEN DAY!/like...during like sound check or something, he should punk GC, and i have no fucking idea how he should punk green day!dude, ashton should punk either the rest of good charlotte or MUTHERFUCKING GREEN DAY!/like...during like sound check or something, he should punk GC, and i have no fucking idea how he should punk green day!dude, ashton should punk either the rest of good charlotte or MUTHERFUCKING GREEN DAY!/like...during like sound check or something, he should punk GC, and i have no fucking idea how he should punk green day!dude, ashton should punk either the rest of good charlotte or MUTHERFUCKING GREEN DAY!/like...during like sound check or something, he should punk GC, and i have no fucking idea how he should punk green day!dude, ashton should punk either the rest of good charlotte or MUTHERFUCKING GREEN DAY!/like...during like sound check or something, he should punk GC, and i have no fucking idea how he should punk green day!dude, ashton should punk either the rest of good charlotte or MUTHERFUCKING GREEN DAY!/like...during like sound check or something, he should punk GC, and i have no fucking idea how he should punk green day!dude, ashton should punk either the rest of good charlotte or MUTHERFUCKING GREEN DAY!/like...during like sound check or something, he should punk GC, and i have no fucking idea how he should punk green day!dude, ashton should punk either the rest of good charlotte or MUTHERFUCKING GREEN DAY!/like...during like sound check or something, he should punk GC, and i have no fucking idea how he should punk green day!dude, ashton should punk either the rest of good charlotte or MUTHERFUCKING GREEN DAY!/like...during like sound check or something, he sh","himself\r\n","I think Ashton should get the guys from Simple Plan. That would be awesome.","KIM ROCKS THEY SHOULD PUNK THE REST OF GC. AND GREEN DAY!","HE SHOULD PUNK HILLARY DUFF. THAT WOULD BE SOME FUNNY SHIT.","Pierre from Simple Plan! then Pierre could get back at him with some Damadge Control! War! lol.","he should punk me =)","demi moooore!","i want ashton to punk the fool on that show seasame street i think his name is elmop or is it elmo? ","He should punk fucking simple plan because they suck.","dude, ashton should punk either the rest of good charlotte or MUTHERFUCKING GREEN DAY!/like...during like sound check or something, he should punk GC, and i have no fucking idea how he should punk green day!","Eminem, Hilary Duff for a 2nd time and how about Demi Moore.. ;)","The rest of Good Charlotte or Green Day! Or he could punk Dominic Monaghan","The bush twins!!!  ","punk demi moore! sleep with her daughter! AHAHAHAHA! YOU JUST GOT PUNKED BIOOOTCH!","green day. tre would be hilarious and a goof ball (in a good way). and mike would get mad and be funny.","HE SHOULD PUNK EMINEM CUZ HE SUCKS!!! HE SHOULDNT PUCK SIMPLE PLAN CUZ THEYRE THE BOMB AND IF ANY ONE SAYS HE SHOULD PUNK SP I'LL COME TO YOUR HOUSE AND I WILL CUT U!!!","I think you should punk The Game and the rest of G-UNIT 50cent,tony yayo,llyod banksandyoung buck I agree with tareasha i hop i spelled the name right","I think G-UNIT should get PUNK\"D","I think G-UNIT should get PUNK\"D","I think you should punk JAY-Z & BEYONC\"YE","i think that he should prank the olsen twins that would be so funny","i think he should punk avril lavigne!!! that'd be soo funny!!! \r\nOr if he already punk'd her then he should punk.... good charlotte!!!! that'd be even funnier!!","I wanted to say punk Simple Plan but since they caught on that they were getting punk'd I would love to see Green Day get punk'd!","I plan to spunk myself. I mean punk. Anyway my next victim will be someone from the KKK.","Billie Joe Armstrong","he should punk the rock\r\n","he should get kain\r\nor lord ezec","he should punk eminem that'll be so funny","I think he should punk Green Day next, that would be soooo cool!"]},{"link":"http://web.archive.org/web/20141014182155/http://www.petitionspot.com/petitions/punked/signatures/300","comments":["i wanna be punked","punk daniel radcliffe, rupert grint, or emma watson","aston should puck the old soiled diaper i used the other day      shit it was awesome    i liek crapped my self   ashon punk my diaper please damn damn  come on i won't tell him","They should punk Pam Anderson...that would be a trip.  Or maybe punk Peyton Manning, that would totally not expect it. ","punk bam margera","some of the people he's punk'd should get together and punk him!","the olsen twins or black eyed peas!!","jesse mccartney","i think they should get pb'/;jynho;igrfv.uj6ytg\r\n\r\n","The network should Punk Ashton K. himself! What an idea.","I agree #390! You could like make him puke on a japenese dude, you know, follow in his father's footsteps!","50  cent or the queen lol","PUNK GREEN DAY!!!","Hmmmmmm I'm thinking Micheal Jackson maybe! 'he..he' shamon mother fuckers'","Hmmmmmm I'm thinking Micheal Jackson maybe! 'he..he' shamon!","God or Jesus or Lil John\r\n\r\nWHO WANTS TO SEE LIL JOHN GET PUNKD!\r\nYEAHA","i think u should get ashlee simpson. like make it look like shes lip syncing agian.","I think he should get punked!! That would b awesome","George Bush: get the secret service in on it","he should definatly get Ryan Scheckler just bc hes the hottest person alive!","Ashton Should Punk Dylan and Cole Sprouse. That Will Be Cool:). Hey Ashton If U See This. If U Punk DandC Sprouse The Show Will Get More Popular Then it already Is.","I think that Ashton's \"crew\" should punk him sometime, now that would be good tv!","yo yo yo  50 cent yo","i think he should punk B5 ","he should punk mariah carey! even though shes really talented she loves herself too much and i would lov to see how she'd react to it!!!","omg hell yah billie joe!! i love him so much, he should get pranked","BILLIE JOE ARMSTRONG! Yep. He's sexy and needs to be punished for being so effin sexy... =P Or just a member from Green Day, they rock","i think ashton is really fine and should punk billie joe armstrong from green day who is also really fine","i think ashton should punk sean faris next from thr show reunion, he's so hott and it would be really funny to watch!!!!","Punk'd (on MTV), who should Ashton get next [378 signatures]\r\nAshlee Simpson [344 signatures]\r\n1 oh my god jackie..... yeah, brackie! [44 signatures]\r\nA PORN which is better [108 signatures]\r\nAll fans of BŗĩŤńĚŷ ŚPËāŕś Sign here [159 signatures]\r\nBring every Baywatch season available on Dvd [569 signatures]\r\nget lindesy the love child out of the O.C shes turnin TOUGH guy ryan into a SOFTY [33 signatures]\r\nkalan porter/ anthony callea [26 signatures]\r\nkevin alexander clark is hot [171 signatures]\r\nShould Geico Stop Stupid Comercials? YES! [159 signatures]\r\n!!!!!!!!Shout-Outs!!!!!!! !! [3 signatures]\r\n!!!!TELL MILLER AND BUD TO SHUT UP!!!! [17 signatures]\r\n!!!STOP ALL FRIENDS SPIN OFFS!!! [52 signatures]\r\n!!Put Caterina Scorsone onto the Canadian Walk of Fame!! [90 signatures]\r\n# ^@$%&()_+ ?#$%&()_+ ::::::::::::::::::::::::: ::: Adam Brody rocks! ::::::::::::::::::::::::: :: ^*?@#$%&()_+ ^@?# [36 signatures]\r\n# ^@$%&()_+ ?#$%&()_+ ::::::::::::::::::::::::: ::: !Why do we always fight in forums? Let there be peace. Let the society enlighten our minds. [13 signatures]\r\n#!!!!!!!!!!!!!!!!!!!!!!!!! STEPS REUNION!!!!!!!!!!!!!!!!!! !# [34 signatures]\r\n######### Best Charmed novel ???? ######### [1 signatures]\r\n#############FREE PIMP C, FREE PIMP C NOW! [0 signatures]\r\n##A Did any good bands come out of britpop? [17 signatures]\r\n#'1!1111111111 (i need David Desrosiers adress so i can get an autograph for my girlfriend for her birthdaysomeone please help) [20 signatures]\r\n#~#~##~#~#~#~#~#~#~#~#~#~##~#~ JoJo is Paris Hilton number 2! #~#~##~#~#~#~#~#~#~#~#~#~##~#~ [9 signatures]\r\n$$$$$$$$Bring The Old Barney Episodes Back$$$$$$$$$ [6 signatures]\r\n$top actresses becoming singers and $top singers becoming actresses [0 signatures]\r\n&! petition to keep underground bands underground [196 signatures]\r\nВърне;&#","I support this petition.\r\n\r\nI think they should punk P. Rocheleau's mom right in the keester. That would be hilarious!!! I can't even believe you jerk offs actually care who gay ass ashton kutcher punks next. \r\nDo you really care when all you wanna do is stare at his crotch for thirty minutes you whiny ass cocksucking faggots.","Lorem ipsum dolor sit amet, consectetuer adipiscing elit. Quisque urna. Cum sociis natoque penatibus et magnis dis parturient montes, nascetur ridiculus mus. Phasellus ac enim id nisi pulvinar egestas. Ut fringilla, elit ut adipiscing ultricies, ligula sapien sagittis dolor, eget ullamcorper sem metus et elit. Nullam dapibus odio vel urna. Nunc ullamcorper, nunc eu porttitor accumsan, purus justo placerat lorem, aliquet euismod diam nunc sit amet turpis. Vivamus at lorem. Integer varius nisl ac dolor. Pellentesque rutrum posuere orci. Aliquam id tortor non tellus ultrices blandit. Pellentesque habitant morbi tristique senectus et netus et malesuada fames ac turpis egestas. Aliquam ullamcorper leo vestibulum nisi. Sed quis diam at dui lobortis vestibulum. Nunc orci. Suspendisse vel felis. Vivamus dolor. Phasellus sollicitudin consequat ligula. Integer scelerisque ultrices ante.\r\n\r\nUt dapibus, justo in pharetra malesuada, nulla nibh sollicitudin pede, vel sollicitudin ligula dui a odio. Nunc interdum lorem eu mi. Curabitur tempor lacinia orci. Suspendisse quis nunc mollis dolor elementum commodo. Donec tellus odio, iaculis ac, dignissim in, lacinia ac, pede. Ut at eros quis nisl blandit ullamcorper. Suspendisse eu erat. Fusce vel felis vel risus imperdiet pharetra. Aenean vitae ante. Duis mollis tempor dolor. Nullam luctus posuere nulla.\r\n\r\nNam ac purus. Vestibulum vitae augue. Vestibulum velit urna, lacinia eu, adipiscing sed, congue nec, sem. Phasellus dui. Nullam est metus, molestie quis, pellentesque et, fringilla eget, neque. Integer eleifend sagittis leo. Curabitur augue dui, lacinia sed, euismod eget, posuere eu, nulla. Etiam lectus. Duis sit amet lacus. Cras id tortor. Pellentesque lacinia magna eget felis. Proin luctus tortor at velit.\r\n\r\nPhasellus viverra fermentum pede. Nulla eros. Aliquam iaculis velit volutpat dui. Maecenas eleifend mauris sed elit. Phasellus pharetra scelerisque diam. Phasellus id dui. Integer ipsum. Aenean erat turpis, viverra vel, sagi","I support this petition.","Ozzy Osbourne!!!","I'm not in the least bit sure how he would do this but I'd pay good money to see him try to punk himself.","He should punk the Laguna Beach cast, just because their fake scripted reality show sucks and they are spoiled elitists.","I support this petition. i most definetley think he should punk a green day member!! lol. cause all those guys r so hilarious!! gotta love 'em. lol.","For one episode, he should run onto the set of the O.C and rape all the actresses, then at the end scream YOUVE BEEN Punk'd. \r\nEnough said.","I support this petition.","I support this petition. I would like to see Robin Williams get punk'd","go rachel they will be punkd dont worry about it they will be punked"," i think he should punk.............all the teenie boppers who hate green day and all the good bands and its called PUNK'D THATS MEAN HE PUNKS PEOPLE LIKE HES A PUNK AND PUNK MUSIC THEY JUST GO HAND IN HANDSO STOP BAGGING ON GOOD THINGS YOU TEENIE WHACKERS!!!!!!!!!!!SO SO LONG AND GOOD NIGHT (MY CHEMICAL ROMANCE)","i think he should punk michael jackson","conan o'brien","I support this petition. I think Paul Johansson and Ty from Extreme Home Makeover would be great to punk. \r\n","I support this petition. I think you should punk Queen Latifah.","conan o brien","i sooooo think that ashton should punk steve-o! from wildboyz and jackass! god that would be soo funny! he should punk ryan dunn, and johnny knoxville too!","i htink he should punk lc from laguna beach,or brad pitt","your mum u white bastard.ashton sucks my dogs cok.get a life u filthy wanker","i think he should punk ozzy osbourne! great show!","I support this petition. Ashton kutcher sucks big floppy cock.","i think he should punk T.I. again that 1 waz son funny.or punk like shugg night imagine what he would do to that skinny dude.","I want him to punk Joel Madden ,david desrosiers,Pierre Bouvier, and anyone else from simple plan","i hate that show! its so boring!","PUNK HAYDEN CHRISTENSEN !!!!!","I think there should be an episode where he is Punked. I mean, the whole show could be about him signing papers for his new season, and then the execs tell him he's cancelled. Then they would actually cancel the show.","WORST SHOW EVER!","He should stop. Punk'd is a stupid show that doesn't deserve to be on the air. I don't even watch TV, much less MTV, and I find it rather annoying when the person next to me on the bus is always talking about the damn show.","I wanna SEE HIM PUNK pARIS hILTON AND HER STUPID BOYFRIEND WHO ALWAYS CRASHES HER CARS & LINDSAY lOHAN","ha! he should punk Slash from Velvet Revolver (ex guns 'n' roses). Slash would fucking kill the skinny assed shit!","I think he should punk Alyson Stoner!","Ashton is hot.  Too bad he is married to a horror","he should punk BAM MARGERA!!!! OH GOD WHO AGREES TO THAT SHIT!?!? ROCK ON!!!","billie joe armstrong...i heard he punk'd tre cool from green day...but they never aired it!","yeah lets c if ashton kutcher can really punk someone like x-zibit, nelly, 50 cent, ja rule or even jay-z.....c'mon ashton please do it for all the punk'd fans out there......that would be rad 4 him to beef up MTV's viewing ratings also.....\r\n\r\nPeace out sistas..","HA HA. I LOVED THE EPISODE WHEN HE PUNK'D FALL OUT BOY. =D.","i think ashton should punk Ja Rule by playing 50 cent's wanksta in his car and make it so he cant turn it off, unless he turns off the car. that would be funny","daniele radcliffe... lets see who harry really is.","I THINK ASHTON KUTCHER NEEDS TO STOP PUNKING PEOPLE AND GO HOME TO HIS OLD LADY.  PUNK'D HAS RUN IT'S COURSE.  IT'S LAME NOW.  FUCK HIM AND FUCK ALL OF YOU.  ASHTON SUCK MY FAT ITALIAN SAUSAGE YOU GOOMAH!","I think that he should punk Green Day, oh god that would be hilarious.... but the question is.. would they put int on air??? dun dun dun... cuz u knoe they have to get permission from tha people sooo.....","Kelly Clarkson","I support this petition. I think he should punk Britney Spears because she was on it but she helped punk ashton..u know...but i think Britney Spears would be great...Or Demi Moore...Make em think they r breaking up or something??","I so think Ashton should punk Ozzy Osbourne. He'd be well p*****!","yeaaa 333, GREEN DAYYYY.\r\n\r\nactually tre' got punked, but they never aired it.","I support this petition.\r\n\r\nGet Janet Jackson. I am sure Ashton can come up with a good one for the diva.","Definetly Green Day!","Paris Hilton. Think about, an ugly, slut freaking out and crying! SO DAMN FUNNY!\r\n\r\n\r\nOr Ashlee Simpson. She is so fake.\r\n\r\n\r\nWAIT...INSTEAD OF BOTH OF THOSE....KEVIN \"K-FED\" FEDERLINE! OH THAT WOULD BE GREAT!\r\n\r\n\r\nYou know, Kevin and Paris should get married!","I think he should punk Ba Margera because he is always doin somthn stupid 2 other people he needs to c how it is 2 have the table turned on him","He should punk someone everyone knows and all this rap guys and people I have never heard of.","He should scare the corn rows off of \r\n\"K-Fed\"","punk the whole band of good charlotte! don't forget billy!Ü\r\n","ASHLEY SIMPSON ~ God I'd like to see her squirm again\r\n!!","Punk 50 Cent!!!","Emma Watson, Daniel Radcliffe or Rupert Grint. I wanna see if they'd swear and be rude or be really PC.","They should punk Billie Joe Armstrong, Mike Dirnt, or Tre Cool!\r\n\r\nOR!\r\n\r\nVille Valo. Yeah.\r\n\r\nThey should let Bam Margera have a Punk'd Pass thing, and punk Ryan Dunn.\r\n\r\nOR!\r\n\r\nJohnny Knoxville","he should punk nick lachey (again) and chad michael murray then make them have sex.","fred elliot coronation street\r\n","I think he's punking Demi right now!..\r\n\r\nwait for the show to air in about 9 months.","I think he should punk the punk Kevin \"what's his name\" Spears - then kick his butt :)","I think he should punk his own wife demi moore,hilary duff,lindsay lohan,and katie cassidy lol!!\r\nso fun!","i think he should punk...gwen stefani! even though i like her i think it would be funny!","I think he should punk someone from CSI!","I think he should punk someone from CSI!","Some of the comments on this petition are unappropriate and offensive, furthurmore I decline any support for this petition.","she is anyway","I support this petition.","He should punk Tyler Hilton or chad Michael Murray or both at the same time since theyre friends. haha","nuff said","I support this petition."]},{"link":"http://web.archive.org/web/20141014182155/http://www.petitionspot.com/petitions/punked/signatures/400","comments":["I think he should punk Tom Cruise, and then Tom will pull out a gun and shoot someone. Lol that'd be funny.","he has to totally punk axl rose","he should punk his own mother and then have sex with her","he should totally punk GREEN DAY!!!!!  that would be HILARIOUS!!!","The Best damn band in the world\r\nGreen Day\r\nthat'd be fun to watch\r\none full episode of them being punk'd\r\nlol","PUNK THE CAST OF HIGH SCHOOL MUSICAL HOW FUNNY WOULD THAT BE!","I support this petition. misha barton and paris hilton","nigganigganiggaNIGGANIGGA NIGGANIGGANIGGANIGGANIGGA NIGGANIGGANIGGANIGGANIGGA NIGGAnigganigganiggaNIGGA NIGGANIGGANIGGANIGGANIGGA NIGGANIGGANIGGANIGGANIGGA NIGGANIGGAnigganigganigga NIGGANIGGANIGGANIGGANIGGA NIGGANIGGANIGGANIGGANIGGA NIGGANIGGANIGGAnigganigga niggaNIGGANIGGANIGGANIGGA NIGGANIGGANIGGANIGGANIGGA NIGGANIGGANIGGANIGGAnigga nigganiggaNIGGANIGGANIGGA NIGGANIGGANIGGANIGGANIGGA NIGGANIGGANIGGANIGGANIGGA nigganigganiggaNIGGANIGGA NIGGANIGGANIGGANIGGANIGGA NIGGANIGGANIGGANIGGANIGGA NIGGAnigganigganiggaNIGGA NIGGANIGGANIGGANIGGANIGGA NIGGANIGGANIGGANIGGANIGGA NIGGANIGGAnigganigganigga NIGGANIGGANIGGANIGGANIGGA NIGGANIGGANIGGANIGGANIGGA NIGGANIGGANIGGAnigganigga niggaNIGGANIGGANIGGANIGGA NIGGANIGGANIGGANIGGANIGGA NIGGANIGGANnigganigganigg aNIGGAnigganigganigganigg anigganiggaNIGGAnigganigg aniggaNIGGANnigganigganig gaNIGGnigganigganiggaNIGG ANIGGANIGGANIGGANInniggan igganiggaNIGGANIGGANIGGAN IGGANIGGANIGGANIGGANIGGAN IGGANIGGANIGGANIGGANIGGAi gganigganiggaNIGGANIGGANI GGANIGGANIGGANIGGANIGGANI GGANIGGANIGGANIGGANIGGANI GGAGGANIGGANIGGANIGGANIGG ANIGGANIGGANIGGANIGGAANIG GANIGGANIGGANIGGANIGGANIG GANIGGANIGGANIGGANIGGANIG GANIGGAIGGANIGGANIGGANIGG ANIGGANIGGANIGGANIGGANIGG ANIGGANIGGANIGGANIGGANIGG ANIGGANIGGANIGGANIGGANIGG ANIGGANIGGANIGGANIGGANIGG ANIGGANIGGANIGGANIGGANIGG ANIGGANIGGANIGGANIGGANIGG ANIGGANIGGANIGGANIGGANIGG ANIGGANIGGANIGGANIGGANIGG ANIGGANIGGANIGGANIGGANIGG AIGGANIGnigganigganiggaNI GGANIGGANIGGANIGGANIGGANI GGANIGGANIGGANIGGANIGGANI GGANIGGANIGGAGAnigganigga niggaNIGGANIGGANIGGANIGGA NIGGANIGGANIGGANIGGANIGGA NIGGANIGGANIGGANIGGA","Punk hilary duff, maybe she''l wet her pants and we can all laugh! Or the president, that would be kind of creppy though.... It would be cool if you did it to daniel radcliffe, and who is this nika person who is obsessed with him.","Santa Claus, Why not Santa, That will prove that peadophillic bastard to stay away form me!","Honestly i think it would only make sense to punk punks, so why not Green Day? Cud be kinda fun! \r\nGreen Day rock!!!\r\n","I need  a liver plz plz! help me! help me plz! im dying! When i take a crap i crap gray poop out help me plz! I think Regis Philmon is HOT!","Terrell Owens.","PAUL WALKER OR JENSEN ACKLES","Punk that whore over there giving me the snake eyes. BITCH! what you lookin at?","we fink he shud punk sann william scott cos him n ashton r both mint! they shud do another dude wheres my car x x x x x","he should so0o0 punk JAMES BROWN\r\nlol!â™¥","cousin cracker sucks cock hardcore shut the fuck up you fucking faggot you want a piece of me you stinky abo cunt?","U SHUD GET ASHTON 2 PUNK HIS WIFE DEMI MOORE!!!!!!!\r\nSHES TOO OLD 4 HIM LOL","punkd is some of the fakest shit on mtv...not that the whole network hasnt gone to complete shit...real world?? come on now.  when was the real world ever like that?  not where i live.  anyway punkd is just a platform for mtv to exploit that douchebag kuchers name he got from that 70's show. so i guess i couldn't give 2 shits who's \"punkd\" next\r\n","Ashton or Lauren Graham.","i think you should all not watch punkd and go put a bullet in your heads you fuckin faggots die scumbags","George Bush or Green Day, bush cuz he is a whore and Green Day because i would so like to see what they do. or some rapper so he gets shot","U should punk Jonny Damon or David Ortiz","HA HA HA HA HA! daniel Radclif","OMG!!!! I KNOW WHO U SHOULD PUNK NEXT!!!! DO B5! THEY WILL FLIP OUT. SERIOUSLY, FRO WHAT I HEAR, THEY 'HATE' JOKES! DO IT DO IT DO IT DO IT! PLEASE! IT'S SOOOOOOO FUNNY. and let me know ehn it's going to be on cuz i haven't seen it on so often","George Bush. but britney spears is good too!","I BELIEVE HE SHOULD PUNK CHRIS BROWN NOT TO SEE HIM HURT BUT TO SEE THAT CUTE SMILE WHEN THE GAME IS OVER.","LINDSAY LOHAN, she's soooooooooooooooooooooooo ooooooooooooooooooooooooo ooooooooooooooooooooooooo ooooooooooooooooooooo freakin annoying","you should get my enemy Clare Graham because she's a whore","Ashton, I agree with Lisa that would be so cool! \r\n  [Oprah Whinfrey]","he shud punk some stupid ditz....i dun care which one","I think that Ashton should Punkd JARED PADALECKI from GILMORE GIRLS!!!!!! I LOVE JARED!!!!!! AND ASHTON IS COOL TOOO!!! HES CUTE!","Ashton--you should punk my girl ELAINE!  She loves your show & it would be hilarious!!","He should punk his mother by commiting suicide the annoying twat what the fuck is with the shouting and fucking and black and white screen gets on my fucking tits","ddddduuuuuuudddddeeeee!!! \r\nhe shud so punk OPRAH WHINFREY. that would be freakin hilarious\r\n","I say he should punk Green day or linkin Park","demi morre","I agree with Miranda...that show is too wack!","Why do u watch punked??????it sux. the jamie kennedy experiment and swagged r so much cooler","he should punk rupert grin","Horace Gerstenblut n'existe pas.","He should punk me cuz I procreated and made a stupid ass kid","He should punk Ricky Ullman. I love him but I think it would just be funny.","he should punk, Victoria Beckham. That would be hilarious!","Trey S0ngz","He should totally punk George Bush.  But if he ever tries to punk, like Eminem or Fifty Cent, I think they'll shoot him.","Ashton punk my dad,by telling him that his wife had SEX with Mr.Cliff,So I can throw a party on Friday!!PLZ!!","He should PUNK Keven Federline!I hate that wigger.He didn't even want to marry Britney!!HE SHOULD KISS MY ASS!!","I would like to see Ashton punk Vince McMahon, John Cena, Eminem, 50 Cent, and Kayne West.","i think ashton should get bam margera or billie joe armstrong!!!!!!!!\r\n","I support this petition. I think he should punk Thierry Henry or Christiano Ronaldo. Just so we can see there crib or ride and there reaction. Ur both fit xx","I think ashlee simpson or jessica simpson","I think that ashton should get george bush !! he should dress up as osama bin laden and send a video tape to the white house with him in it saying he is going to blow up the white house and the world !! Then he should jump out of the closet and say , you just been punk'd !! i know it wouldn't happen but its funny because theres not terriosts in ireland raging\r\n","do it do george w bush and in the process could they make him *DIE* and make it seem like an *accident*\r\n\r\nand it's bullshit coz they punk'd trÃ© cool from green day but didn't even show it on t.v. those fuking gay retards!!!!","i think that ashton should punk nick or someone from the backstreet boys cause i wanna c if they would actually cry oh and dont punk amy lee shes cool.","He should punk one of those Green Day dudes or Hillary Duff.","Aaron CArter or Ashlee Simpson","Ville Valo\r\nJussi 69\r\nMarilyn Manson\r\nRichard Kurspe","DANIEL RADCLIFFE!!!","My Mom.","I support this petition.","I think george bush should be punk'd that would be a right laugh!","Ey man!!! Please punk Lindsay Lohan again!! *lol*","Kristin Kreuk or Tom Welling","This show used to be funny when it was actually Ashton punking the people.  I really don't care to see a bunch of people i don't know punking a bunch of people i don't know.  Who the hell cares about reality TV stars.  Keep on punking Football players and other athletes.","hmmm Paris Hilton somthing like ur dog has aids now u do 2 hhaa that would be great or even beter ashley and jessica simpson \"Ur father talks behind ur back all the time about how u 2 suck ass and u dont write ur music both ur contracts are terminated goodbye!\" :D","finally. and while your at it, punk oprah.","fuck all that punkin shit fuck mtv they edit all da good shit out cause der faggots so fuck tha edited punked shit get da uncut or unrated wat eva da fuck ye call it ye no hoe shit anywayyy so fuck mtv fuck bet fuck mtv2 also fuse iz a lil edited but not as fucking edited fuck all u homos dat cant take a cuss word motherfuckas!!!!","gerard way and ville\r\nvalo are nice.","@Marx J.: Word!","please punk olsen twins.","Get rid of that slack show. This childish idiot should punk your mama.","Pleas, Please punk Amanda Bynes cause i hate her and she is the most annoying person eva!!!!!!","I agree with Kat on carlito cool from wwe!!!. But not with you people saying H.I.M, AND Greenday, they rock my sox!!!","....KID ROCK....EMINEM ....50 CENT .... TOM ANDERSONS a cool idea aswell ..","i think that ashton should punk chad michael murray or james lafferty because they are both hotties","I think that Ashton should punk Tom Anderson the owner of Myspace.com because Myspace is the most active website online and Tom is a celebrity to millions of people.","HIM or THE 69 EYES.","We think he should punk McFLY cos htey are so fit and it would be so funny cos Dougie loves the show and i think it would be really nice for him to be on the show!\r\nIf not the whole of McFLY then just Danny and Dougie cos they are the best 2. They should have got them when they were at the carribean! That would have been hilarious!","PUNK AMY LEE!! i just wanna see it so bad! and ville valo","George Bush and Tony Blair!!","The whole oc cast all together it would be unforgetable\r\n","I h8 my old teacha. She a fag-homo t.d.\r\n\r\nASHTON KUTCHER, PUNK THE DOUG!!! ","Who the fuck cares?","I think Chad Michael\r\nMurray","them greenday homos","0wnd1zzl3db17ch, you little bitch, why don't you say that to my face? Without them, we'd have shitty music you dumbfuck. They're not fags, you fucking retard, so shut your goddamn mouth before I stick my foot up your ass and around the corner.\r\n\r\n\r\nANYWAY...I think Mike Dirnt and Billie Joe Armstrong should get PUNK'd","I saw Mischa Barton get punk'd amd it was sooo funny and Rachel Bilson getting punk'd so sad","cher","H.I.M","I think either Michael Jackson or mary-kate and ashley.","Those Green Day fags.","Joan Rivers","I should punk 50 cent. lol he would start shooting up the place. hahahah","I think Ashton should punk Carlitto Cool (wwe), John Cena, Josh Peck, Chad Michael Murray and Tom Welling.","I think Ashton should punk Hugh Hefner (I don't have a problem with him, though) or punk\r\nSimple Plan (they totally deserve it)","ashton should punk regular people. like me. nice change of pace. like one regular person per episode.","punk barbara streisand","PUNK the cKy crew oh btw bam has already been punke'd"]},{"link":"http://web.archive.org/web/20141014182155/http://www.petitionspot.com/petitions/punked/signatures/200","comments":["Ashton needs to punk Green Day!!!","Ashton should punk George Bush he should do it by making Bush think all the troops are on their way home","Hey moron who made this post, that's not a FUCKING petition so shut your FUCKING mouth, retard.","i think he should pulicly buttfuck (punk) DEMY MOORE, because she is 55 years old and has plastic tits.\r\nthen BRUCE WILLIS can bitchslap his transexual ass.\r\nASHTON is a girlie-boy.","i think he should get kelly clarkson because i think it would be sooooo funny to see a new famous person get punk'd   lol ","I support this petition.","I think ashton should get emma watson just to see how she would react.","I think ashton should get emma watson just to see how she would react.","Howard Stern","i think he should get.....ummm anyone whos a crybaby","i think he should punk charlene hart - the model/television star, i think she'd handle it well but i think she would really leash out for g8 entertainment!","EAT A BAG OF DICKS YOU FAGGOTS ! EAT A BAG OF DICKS YOU FAGGOTS ! EAT A BAG OF DICKS YOU FAGGOTS ! EAT A BAG OF DICKS YOU FAGGOTS ! EAT A BAG OF DICKS YOU FAGGOTS ! EAT A BAG OF DICKS YOU FAGGOTS ! EAT A BAG OF DICKS YOU FAGGOTS ! EAT A BAG OF DICKS YOU FAGGOTS ! EAT A BAG OF DICKS YOU FAGGOTS ! EAT A BAG OF DICKS YOU FAGGOTS ! EAT A BAG OF DICKS YOU FAGGOTS ! EAT A BAG OF DICKS YOU FAGGOTS ! EAT A BAG OF DICKS YOU FAGGOTS ! EAT A BAG OF DICKS YOU FAGGOTS ! EAT A BAG OF DICKS YOU FAGGOTS ! EAT A BAG OF DICKS YOU FAGGOTS ! EAT A BAG OF DICKS YOU FAGGOTS ! EAT A BAG OF DICKS YOU FAGGOTS ! EAT A BAG OF DICKS YOU FAGGOTS ! EAT A BAG OF DICKS YOU FAGGOTS ! EAT A BAG OF DICKS YOU FAGGOTS ! EAT A BAG OF DICKS YOU FAGGOTS ! EAT A BAG OF DICKS YOU FAGGOTS ! EAT A BAG OF DICKS YOU FAGGOTS ! EAT A BAG OF DICKS YOU FAGGOTS ! EAT A BAG OF DICKS YOU FAGGOTS ! EAT A BAG OF DICKS YOU FAGGOTS ! EAT A BAG OF DICKS YOU FAGGOTS ! EAT A BAG OF DICKS YOU FAGGOTS ! EAT A BAG OF DICKS YOU FAGGOTS ! EAT A BAG OF DICKS YOU FAGGOTS ! EAT A BAG OF DICKS YOU FAGGOTS ! EAT A BAG OF DICKS YOU FAGGOTS ! EAT A BAG OF DICKS YOU FAGGOTS ! EAT A BAG OF DICKS YOU FAGGOTS ! EAT A BAG OF DICKS YOU FAGGOTS ! EAT A BAG OF DICKS YOU FAGGOTS ! EAT A BAG OF DICKS YOU FAGGOTS ! EAT A BAG OF DICKS YOU FAGGOTS ! EAT A BAG OF DICKS YOU FAGGOTS ! EAT A BAG OF DICKS YOU FAGGOTS ! EAT A BAG OF DICKS YOU FAGGOTS ! EAT A BAG OF DICKS YOU FAGGOTS ! EAT A BAG OF DICKS YOU FAGGOTS ! EAT A BAG OF DICKS YOU FAGGOTS ! EAT A BAG OF DICKS YOU FAGGOTS ! EAT A BAG OF DICKS YOU FAGGOTS ! EAT A BAG OF DICKS YOU FAGGOTS ! EAT A BAG OF DICKS YOU FAGGOTS ! EAT A BAG OF DICKS YOU FAGGOTS ! EAT A BAG OF DICKS YOU FAGGOTS ! EAT A BAG OF DICKS YOU FAGGOTS ! EAT A BAG OF DICKS YOU FAGGOTS ! EAT A BAG OF DICKS YOU FAGGOTS ! EAT A BAG OF DICKS YOU FAGGOTS ! EAT A BAG OF DICKS YOU FAGGOTS ! EAT A BAG OF DICKS YOU FAGGOTS ! EAT A BAG OF DICKS YOU FAGGOTS ! EAT A BAG OF DICKS YOU FAGGOTS ! EAT A BAG OF DICKS YOU FAGGOTS ! EAT A BAG OF DICKS Y","Punk WWE's John \"Bradshaw\" Layfield, he's an idiot.","GO TO THE PETITION MARKED: EMMA ROBERTS(aka addie singer from Unfabulous) SUCKS\r\n","GO TO THE PETITION MARKED: EMMA ROBERTS(aka addie singer from Unfabulous) SUCKS\r\n","GO TO THE PETITION MARKED: EMMA ROBERTS(aka addie singer from Unfabulous) SUCKS\r\n","I think he should punk a big huge guy that just so happens to be an ex navy seal-and the guy should be on a roid rage and be holding a sawed- off shotgun. WHAT?","I think he should punk a porn star, like Jenna Jameson. Have someone do a film shoot having unprotected sex, and then in the end, tell her he has AIDS.","you know, i'm pissed off i aint get to see the episode with JESSE MCCARTNEY. i'm a big fan of his and would have loved to see him act tough at first and then cry...... jesus i always miss the good shit. how would you guys rate the part when JESSE MCCARTNEY got punked from a 1-5.\r\n1- means it was corny..... 5- means it was really satisfying.","i think they should punk someone good.....like for example,DEMI MOORE. yep!!! ashton's 40-something year old girlfriend. cool. if not they should punk a pussy person like JEREMY SUMPTER. i bet he would cry more than JESSE MCCARTNEY. ARNOLD SHWARZENEGGER or SYLVESTER STALLONE would be good too. i mean imagine ARNOLD getting mad screaming, \"I'M  AH-NOLD. YES THE GOVERNATOR. GET DOWN NOW!!!! GET TO THE CHOPPER.\"   \r\nthat shit would be halarious. lol","I think Ashton should punk Fran Drescher!!!! I LOVE Fran and I think that with her sense of humor, Ashton punking her would be GREAT!!!!!!!!!","i don`t who Ashton should punk next but i`m very dissapointed in those people who think mtv sucks cause of black people all over it. its a shame coz these are the only successful people in this world who can make it to the top. if u want black people 2 go off mtv then it won`t exist no more. (but its a shame they can`t)ha ha. hate or love it the under dogs are on top..","Actually, they already tried to punk him, and it didnt work. But I'll sign anyway.","ashton is a fucking faggot he shouldent punk anyone because that show is fucking gay","I think they should punk niggers.","They should make MTV the only station on television because i love it and it makes me pee with insight!","i think they should puck green day.","goto \"get advice here\" to get advice about anything","They should get all the damn niggers off MTV!","They should just keep rerunning the one where jesse McCartney cries.","I love Fran Drescher andI think it would be flippin hilarious if Ashton punk'd Fran!! That is one thing I would love to see!","MTV sucks shit anymore because it's full of niggers. I mean, who wants to turn on the TV just to watch a bunch of shaved baboons make idiotic rhymes about their dicks? Niggers are pathetic; virtually, just monkeys in man-pants. Hell, they aren't even human beings! They're criminalistic animals. They've ruined a once good music channel, just like they've ruined everything they touch. Why don't you start a petition to remove these chimps from MTV? I mean, they already have their own channel,...BET, \"Baboon Entertainment Channel\". Let those ugly rubber lips go there to see and hear some burr-head grunt out some jungle noise.","green day fo sho, they suck now American Idiot got played out quick!\r\nWelcome to a new kinda tension... YOUVE BEEN PUNKED!!\r\nOh snap, we suck!!","ouh!ouh!ouh!\r\npick me!!!!!!!!!!!!!!!!!\r\nI think Ashton should punk himself! or at least someone punk him","i think he should punk demi moore that way she might get soo mad at him that shell leave him and he would be single again! wouhou","Punk simple plan coz they suck, if u actually listned to the music theres actaully a real difference bw simple plan and green day so stop baggin them u fags.  ","i agree bill clinton or any presedent or a random guy or aliyah hunt lol\r\n","Bill Clinton","yes! they should REALLY get green day. that would be great... billie needs to be punk'd. or bam margera... ","GREEN DAY!!!!!!!!!\r\nWE NEED HELP JIMBOB! HAHAHAHAHA IS BACK GODAMMIT!","punk green day! green day!!!!!!","Marilyn manson","i think you should punk Billie Joe Armstrong from Green Day.cuz' he needs to be punk'd.","I think he should punk  Bam Margera or Ville Valo.","punk any one from laguna...especially talan or stephen...because there deff. the hottest guys ever!","It'll be interesting to see how long his marriage to old Demi lasts.  That will tell  how long this career of his will last. Stay tuned.","Anyone from G Unit cuz it wud be funny to see ashton get the shit beat outta him","Amy Lee! Dude, that would be hysterical! We've punked people like Avril Lavigne, Jesse McCartney (?), and Justin Timberlake, so this would be just as good! Most people know her considering Evanescence is a huge band, and she just seems like the perfect person to by punk'd.","i'm not sure! punk sumone very unexpected. this is a wierd petetion...yeah...and Ashton is hot...I loves him!","Im a HUGE fan of Dakota Fanning and i think it would be really cool to see her get punkd coz i know shed take it really well and shed set a record  for \"youngest ever pounkd!\" also The olsens, paris hilton, brittany murphy(despite ashtons past with her i think it would b a good way to break the ice and patch up what hapened) and Julia Roberts! :D","Punk Bam Margera he's always pullin pranks on other ppl and it would b awsome if he got punk'd","he should punk bruce willis... that would be great. ","What is everyone's obsession with Green Day, and GC and Simple Plan.  I am so tired of that crap.  Punk'd would be better if it went of the air all together rather than punk those dorks.","He sooo should get Green Day. That would be totally awesome!","He should Punk'd Cradel Of Filth or something, They'd probs turn around and go all cannibal on his ass, Hehe.\r\nP.S Ashton is hot..I'm just bored..","yeah i think they should turn the tables and punk Ashton","Your mother.","Punkd to My chemical Romance!!! To Gerard Way, yes!!!!!!!!!!","This is to #237.  You are a dumbass.  Steven from Laguna Beach is not a celebrity.  Can't their be a damn difference between reality TV people and celebrities.  All we are doing is watching their fu**in life.  That does not make them any different that you and me (except i dont have wealthy parents).  Thank u.","Punk'd was cool the first season 'cause Ashton was always their to punk them himself along with a much cooler crew.  After that, it has pretty much sucked, so i don't care which teeny boppin' b**ch he punks next","sum1 from goof charlotte or simple plan! that would be kwl","hilarys not a bitch u r","HE CAN PUNK ME! O YESS... HE CAN! I THINK HE SHOULD PUNK... HMM... KEVEN FEDERLINE OR W/E HIS NAME IS [BRITTNEY SPEARS HUBBIE]","Ashton should totaly punk punk Hayley Duff even though i like her i just think it would be so funny to see her reaction.","Ummm Lindsay Lohan","The rest of the Backstreet boys! ","Punk the cast of the O.C.!!! That would be awesome,  and I would love to see the look on their faces!!!","i think they should turn the tables and think of something really good and have the rest of the crew punk ashton","i think he should punk'd amy lee cause i wanna c her reaction or mayb johnny depp *drooling*","Punk Steven from Laguna Beach!!! Hes a total hotty I cant get enough of him and would love to see him punk'd! O and punk Britneys husband while hes with her that way technically she wont be th eone being punkd (directly) you know?","Ashton Kutcher should punk 50cent. I think he should punk 50 cent to see if 50 is as hardcore as they say he is. And if he is maybe Ashton will learn to stop botherin people","He should punk either Green Day or Lincoln Park.","Punk Kelly Clarkson, Green Day, or Hilary Duff, and do something really mean to her cause she is a bitch.","punk Jojo!!!!\r\n","Punk Hayden Christensen or Mischa Barton!","punk kelly clarkson, or xtina aguilera. or give it another shot at simple plan (thy failed an attempt to get punk'd) marilyn manson wud b interesting...","Ville Valo From HIM","they should punk frank iero from mcr coz e soooooooo fit!!!\r\nor pierre bouvier from sp coz e fine!","i think My Chemical Romance or The Used. i would be awesome! or just Frank Iero by himself!!","linkin park>TOw-ta-lee< that would be awesome linkin park does so many pranks on other ppl so they should absolutely be next.","I support this petition.","Matthew McConaughey for sure!!!!","Punk My Chemical Romance. Im serious that would be fucking great. ","PUNK!!!!!!!!!!!!!!!!! SARAH MICHELLE GELLAR!!!!!!!!!!!!! (FROM bUFFY!)","PUNK!!!!!!!!!!!!!!!!! SARAH MICHELLE GELLAR!!!!!!!!!!!!! (FROM bUFFY!)","I'd just love to see what Frank Iero would do. I mean, I'm not a fan of the show, but I'd watch it if someone from My Chemical Romance or Green Day got 'punk'd'.\r\n\r\n","oooo how about bam margera. he could do that thing where the security thing beeps at the airport and he has to strippppppp........... mmmmmmmmmmmmmmmmmmmmmmmmm mmmmmmmmmmmmmmmmmmmmmmm oooooo and he could do it to sean william scott and kelly jones at the same time ","ashton kutcher could punk me any time he wanted......\r\nlol\r\n(only half joking)","Marilyn Manson\r\n[Or has that already been done?]","Gerard Way!!!!! ","they should punk ciara, and have her dance funny to some chinese music video","green day","daniel radcliffe","daniel radcliffe","daniel radclife","daniel radcliffe","GEORGE W\r\n\r\n\r\n    W\r\nTHE MURDERER","Punk'd is gay and MTV is practically gay. He should punk himself in the balls. Fucking kids. ","I want to see Jojo get punk'd! ","PARiS HiLTON!\r\n\r\nShe just thinks shes perfect. Cause shes pretty and rich."]},{"link":"http://web.archive.org/web/20141014182155/http://www.petitionspot.com/petitions/punked/signatures/600","comments":["I support this petition.","I support this petition.","I support this petition.","I support this petition.","taylor lautner","I support this petition.","I support this petition.\r\nPUNK JUSTIN BIEBER!!!!!","I support this petition.","I support this petition.","I support this petition.","I support this petition. he should punk Justin Bieber ","must pumk panic at the disco!!!","I support this petition.","I support this petition.","I support this petition.","I support this petition. CAM GIGANDET! ","I support this petition.","I support this petition. Billie joe armstrong because i would love to see him get punk\\'d","I support this petition. i want to see them punk taylor lautner cause i just wanna oh and maybe justin bieber....i bet he\\'d be funny (=","i think he need to be punk because he is the best teen star and you need to punk some teen celebirtys","I support this petition.i wnt to see how taylor and robert would freak out","I support this petition.","I support this petition. And I wanna c Taylor lautner, Demi lovato,Miley Cyrus,Jonas brothers ,or anyone from the disney family to get punk\\'d\r\n","i want them to put Taylor ins some fight where he might be able to use his \\\"mad karate skillz\\\"","I support this petition.","I support this petition. i think that they should punk robert pattinson and taylor lautner","JOHNNY DEPP LIKE COME ON SERIOUSLY HE IS LIKE FAMOUS AND PEOPLE WANNA SEE HIM GET PUNK\\'D ","I support this petition.","someone awsome, like billie joe armstrong or lady gaga.","justin bieber! haha! how funny would that be!?","Lady GaGa, Katy Perry & Vanessa Amorosi (the last one would probably get popularity from it)... But this show\\'s over, isn\\'t it?","i\\'d be funny to c the jonas brothers. or something in the disney. or someone like katy perry or someone really famous. selena gomez. they never got punk\\'s before...............i think","Ashton should get jonas brothers or demi lovato, that would be awsome, someone within the disney family","i want ashton to punk the jonas brothers and do something ,like,they are on\r\nan accident or something,i dont know.","Jonas Brothers.\r\nThe prank should be something to do with their serious beliefs like their purity rings and have their parents in on it and Big Rob :)\r\n\r\nIf you do make sure its shown in the UK too! (:","Mike Tyson, let\\'s see the tw*t (Ashton) get knocked out whilst taking a dump in his pants simultaneously!","I support this petition.Robert Pattison or Tom Fletcher","I support this petition. Jonas Brothers!, and Demi Lovato!","I support this petition.\r\n\r\nJOHNNY DEPP! Eric Dane! Patrick Dempsey! :ddd","Himself.","I support this petition.","Chris Brown xD","I support this Petition. and think he should punk tyler perry","I support this petition.","Jonas Brothers: tell them their record company is dropping them or their car is getting repossesed so funny!","He should punk the Twilight cast. Especially Robert Pattinson and Taylor Lautner XD","I support this petition. he should punk tyler perry","he should punk Chris Brown with a baseball bat to the face.","I support this petition. I also have a pretty good idea for who he should punk next and how.  Really good!","Lil Wayne should get punk'd.  That would be funny as hell.","I think that TAYLOR LAUTNER should be punk'd! \r\n\r\nMan it would be so funny to watch.\r\n\r\nOr maybe even Rpattz or Kstew?","ZAC EFRON!!!! ZAC EFRON!!! ZAC EFRON!!!! ZAC EFRON!!!","ummm ,, miley cyrus :)","I support this petition. i have the best punkd plan ever get me on scare tactics and than we punk them if u like my plan call 530 638 5544","I think he should punk Demi Lovato and The Jonas Brothers, I want to see how they would react :D","I support this petition.","Hoo ho hoo itsa me mario thank you for dinner ","I support this petition. chris brown punk'd try to make him change hi sstyle or something","I support this petition.\r\nrobert pattinson, taylor lautner, and kisten tewart should be next!!!!","I support this petition.\r\nthere's loads of ppl i think he should punk:\r\nmiley cyrus, the jonas brothers, demi lovato. but i really really want him to punk some british stars!!! like daniel radcliffe, emma watson, robert pattinson.....","I support this petition. Miley cyrus.","ROBERT DOWNEY JR! Im a huge fan of his and now that he is back in the lime light, it would be awesome to see him become a part of the Punk'd franchise. Also, who doesnt want to see the coolest superhero get Punk'd?","I support this petition.","ASHLEE SIMPSON-WENTZ!!\r\n\r\nPretend to kill Jessica or Pete, it'll make her piss her pants.","I support this petition.he needs to get punk ","i want eminem,demi moore,tom ruise,brad pitt,50 cent,johnny depp,daniel craig,chris rock,robin williams,drew barrymore,eric bana,gerard butler,bear grylls,ellen degeneres to get punk'd( but definitely punk my man eminem ).alrite thats it gudnite"]},{"link":"http://web.archive.org/web/20141014182155/http://www.petitionspot.com/petitions/punked/signatures/500","comments":["I support this petition.\r\nIf you will punk  Miley Cyrus then you need to punk Jonas Brothers they are a lot more popular and better than her. ","I think he should punk the metal singer Matthew \"Shadows\" Sanders, Singer of avenged sevenfold.\r\nOR, The Rev (AKA James Owen Sullivan) It would be hilarious because hes so goofy","I would LOVE to see Amy Lee get punk'd and Sarah Michelle Gellar get punk'd","I support this petition.","lil wayne & miley cyrus","You totally have to punk Miley Cyrus it will be epic!!","You should get a country music star.\r\n","I thiink u should punk miily cryuz and the jonas brotherz that would be so awesome!!","I support this petition.","I DON'T support this petition. Geowrge Duble You Bush","I support this petition.","Jensen Ackles from Supernatural!","Gina Ratliffe  being investigated for fraud!! ","McLOVIN!","MILEY CYRUS.I want to see her cry infront of the tv man that would be  so damn hilarious and i hate her so much she doesnt sing that good,she cant dance,and she suck at everything!","Miley, so we can all see her cry. ","I support this petition.I THINK YOU SHOULD PUNK MILEY SIRUS.","Who should be Punked next? I think Oprah should be next ...this will be hilarious, she is one of my favourate people in the whole planet, and I think she will enjoy it too!\r\n\r\nHow should you do it? ...That's tough, she is too smart :)\r\nI think you have to check with Dr Oz and maybe Julia Roberts, they are close to her and they are good fun ...It will make a great entertainment both on Punked and the Oprah Show.\r\n\r\nI think you should also consider the possibility of punking Chris Rock, Cameron Diaz and Will Smith ... oh dear! I'm already holding my ribs from laughing and it isn'tr even done yet!\r\nGood Luck Ashton ... Punked is simply IT!","Miley Cyrus. I want to see her cry.\r\n\r\nCruel I know but she deserves it.\r\n\r\nA kid should come up to her & be like OMG MILEY LETS TAKE SLUTTY PICTURES TOGETHER LIKE THE ONES YOU TAKE ON THE INTERNET!\r\n\r\nHahahhahahaha.\r\n\r\nYeah that would be pretty damn hilarious.\r\n\r\n:)","MILEY CYRUS BEFORE SHE GOES ONSTAGE!!! LAWL!!!","He should punk Demi Lovato!!!!","haha MILEY CYRUS!!!\r\n\r\nbut it would be funny if someone punk'd Ashton...","Punking Miley Cyrus gets my vote. I would LOVE to see that. ","Ashton should get Punk'd","Jonas Brothers. I Love them and want to see how they will react.Puss från Sweden<3","Rob Dyrdek would be funny or Mike valley or even Big Black","Jonas brothers.even though i love them i just want to see their reaction","I agreeee..\r\n\r\nbrittany spears..\r\n C:","punk briney spears!!!!!!","chris brown should be punk'd because i want to see the reaction on his face!!!!!11","I support this petition.","I say they should punk brad pitt and angelina jollie at the same time. Scare the crap right out of them :)","sign my petition called \"bring the jonas brothers to canada!!\" pass it on!","MILEY CYRUS ALL THE WAY!!!I HATE HER, SHE DESERVES IT!!!","MILEY CYRUS.","he should punk gabriel gonzaga from the ufc so he can get  knocked out","omg yes! get amy lee from evanescence that\\'d be so awesome!!","Punk AMY LEE from EVANESCENCE!   PLEASE!","as he is a big star and I want too see it happen","I would PAY to see Amy Lee punk'd","dunoo but thaa zac efron and thaa ashley tisdale wun was hilarious","I think they should get the Harry Potter trio.. It would be extra funny to get Dan, seeing as he is so laid back he would get soo effin freaked out.","Punk Daniel Radcliffe","AMY LEE OF EVANESCENCE!!","I really want to see Tom Welling from TVs","punk'd rocks","Simple Plan\r\nEmma Watson\r\nOrlando Bloom\r\n","XD\r\n\r\ni want to see Gerard Punk'd. how awesome would THAT be. ","He needs to punk one of the gallagher brothers! That would be so freaking hilarious!","I WOULD REALLY WANT RBD 2 GET PUNKD IT WOULD BE SO FUNNY ESPECIALLY DA GIRLS DEY SHOULD PUNK THEM","Gerard Way\r\nMaynard James Keenan","Punk Amy Lee Of Evanescence..Jackie Chan Would Be A Good One too","I would like 2 see everyone from MCR and SOAD and Jackie Chan","I think Ashton is hot so I hope that he punks me!!!  I LOVE U ASHTON!!!","Kelly Clarkson needs to get punk'd.","I support this petition.","omg!! I would totally watch punk'd more often if they punk'd Green Day. That would be the shit!!!","Punk paul walker,","I support this petition.","i suppot this petiton because dan radcliffe loves mtv, so mtv (punked) should show him how much they love him!!!","you need to punk dan radcliffe!!!!","IT WOULD BE COOL TO SEE REY MYSTERIO GET PUCKED!!","because even though i love green day so much i think it wud be totally awesum if they were punk'd coz den we get 2 c wot they wud do in a real situation nd it wud jst b so funny with tre cool coz he is crazy!!!! please punk them!","because it wud be so cool if GREEN DAY were punk'd. i think it wud be so funny, especially with tre cool coz he is hilarious. please please punk green day! ","ashton should get hayden christensin,jesse spencer, natalie portman,tom welling,jake gyllylahall,orlando bloom,kate bosworth ,seinna miller,kate moss,evangeline lily,sean lennon, emilie de ravin,jennifer morrison,ryan philipe,james franco, bryce dallas howard, rebecca rojiman,alexis bedel\r\n","I think Ashton should get punk'd himself, but I also reckon it would be really funny to get Kelly Clarkson or Rose McGowan","i would really want katie cassidy 2 get punk`d!!!!!!!!!!","DMX, haha ashton wud need his bullet proof vest 4 that 1!!","i think ashton should get ozzy osbourne. The prince of darkness would go crazy if he got PUNK'D","I would go with adam sandler the funny guy. i bet his car is trashed so go on get the guy.","It Would be funny if Dan Radcliffe got Punk'd","please punk jamie foxx he needs to get knocked down a peg. or ll cool j lets see how cool he really is.","Bruce Willis. Think about it.","his wife!!!!!!!!!!!!!!!!","PUNK'D IS FANTASTIC!!!\r\nPLEASE PLEASE PLEASE PLEASE PUNK KELLY CLARKSON. IT WOULD BE GREAT TO SEE HER GET FREAKED OUT!!!","your mum","Someone needs to punk Ashton. He needs to get a little taste of his own punking. Oh and be sure to get it all on tape and put it on MTV... Yeah BITCHES WHAT NOW?!?!?!?!?!?!?","Ashton should also punk Panic! At the Disco because my friend likes them and I think it would be as much fun as it would be to watch Fall Out Boy get punk'd.....yay!! ","Ashton should punk Fall Out Boy because Pete Wentz is so hot!!! It would be so cute to see him in a situation were he is absolutly speechless...hehe","i think they should punk afrom man!!!!!","he shouldnt punk Green Day cause Tre Cool would work it out straight away he should just punk Billie Joe Armstrong or Mike Dirnt instead","Maybe he should punk the show off the air.  It's not like the show is funny...  Maybe MTV could actually show *gasp* music videos for a change.","pink","he shud punk me cuz am a celeb  ","punk the police god damt they punked me and mi friend","And sorry for all the typos!  I am not a dumbass!","You know what?  Ashton has turned into punk.  Doesn't anyone realize that half the time he\r\nisn't even on the set when they punk these people?  The only truly good season, is the first one when he wasn't spending all his time boinking Demi and actually took part in the prank.  I think I need to start a petition on that!  Who's with me?","He should punk Sarah Michelle Gellar!!!","HAHA, He should Prank A Junkie like the other guy said, or his Wife.","I support this petition.","He should punk some crazed coked up junkie! Then maybe he'll get his throat slit, and we can all have a really good laugh! good day","I support this petition.","I think Ashton should punk Nicole Richie and Paris Hilton Bcause they wont catch on and they will only try and make the punk funnier by accident.All they ever think about is shopping,how they look,and themselves.Who agrees?","His Wife!!!!!!!","Punk Dylan and Cole Sprouse next because they are so cute and I think it would be cool to punk famous twins","Mariah Carey!!!","jamie foxx. i think he's a bit too arrogant. i think jojo getting punk'd would be funny. but she's already been punk'd. she didn't want it on air cause she got upset and started swearing.","man, punk'd is getting really lame. they are running out of people to punk. ya next they'll punk jessica alba's mothers sisters freinds dogs girlfriends new born","He should punk Hulk Hogan, have somebody get with Brooke, that'd be funny shit.","He should punk the killers, primarily brandon flowers, and make fall out boy or rally the bravery seem like the bad guy to heat brandon up even more"]}]}