{"title":"...RACISM must STOP!","text":"\nRacism must stop right now!\r\nEveryone started out as a piece of semen.\r\n\r\nYou did not decide what color you would be or where you would be born.\r\n\r\nAll colors and all people are all singled down to one word. HUMAN.\r\n\r\nMost racists are insecure and find comfort in hating someone else to make themself feel better. Inside, they are hurt and want to be loved (even though they say they don't want to be loved). \r\n\r\nIf you are a racist, then you hate yourself and the one who created you as God created all people from one man and woman.\r\n\r\nI hope you have a nice day and find peace in your heart.\r\n\r\nEveryone is special.\r\n\r\n      \n      ","author":"dr who","signatures":[{"link":"http://web.archive.org/web/20110610143128/http://www.petitionspot.com/petitions/racismx/signatures/1","comments":["this won't end racism, and really racist people wont give. but i beleive.","FACT: Blacks are 6 times, (That's \"TIMES\". Not percent), as likely as Whites to have I.Q.'s of 50 to 70, which put them in the slow learner (retarded) category. \r\n\r\n","racism is absolute rubbish","I doubt Mr. Ridder fails to realize that at all. I don't think White people even care whether their motives and intentions were the same as those of any other race. Your people, and others are better off because of those motives and intentions. There are far more 'injuns' alive today than when Columbus landed. So obviously, Whites conquering the Americas was beneficial for you. If you somehow feel uncomfortable with all the White race has provided for you, then feel free to give it all up and return to the primitive lifestyle your people came from. \r\n\r\n","I agree! only not.  To often when we say we are all equal, this implys that we should be breeding with each other.  Which, in turn, means breading out our minority blood.  Which means... you want us to turn white.\r\n\r\nMr. Ridder has a point, but fails to realize that the White population has done exactly what it has intended to do.  To often White people fail to realize that thier motives and intentions are not necessarally those of other communities.  It seems very ingrained in my nature, of a Native American, to be more concerned with my family than.. say.. inventing the printing press.  It is very sweet that white people came here and created all this stuff.. but its no more than a crude masturbation, I'm glad it pleases you but we have been thriving well on this continent for the past 100,000 years.  And its very sweet that you would seem to care so much about our doings these past 500 years, but I can honestly say we could have done better without you.  We may have not stumbled upon the 'miriacle' of the transistor radio.  But we wouldnt have to bear such great white people as Paris Hilton, Hitler, President Bush, Michael Jackson, Celein Dion, The Pope and all of the spice girls.","FACT: The White race has crossed seas, harnessed rivers, carved mountains, tamed deserts, and colonized the most barren icefields. It has been responsible for the invention of the printing press, cement, the harnessing of electricity, flight, rocketry, astronomy, the telescope, space travel, firearms, the transistor, radio, television, the telephone, the lightbulb, photography, motion pictures, the phonograph, the electric battery, the automobile, the steam engine, railroad transportation, the microscope, computers,and millions of other technological miracles. It has discovered countless medical advances, incredible applications, scientific progress, etc. Its members have included such greats as Socrates, Aristotle, Plato, Homer, Tacitus, Julius Ceaser, Napoleon, William the Conqueror, Marco Polo, Washington, Jefferson, Hitler, Bach, Beethoven, Mozart, Magellan, Columbus, Cabot, Edison, Graham Bell, Pasteur, Leeuwenhoek, Mendel, Darwin, Newton, Galileo, Watt, Ford, Luther, Devinci, Poe, Tennyson, and thousands upon thousands of other notable achievers. \r\n\r\nFACT #2: Throughout 6,000 years of recorded history, the Black African Negro has invented nothing. Not a written language, weaved cloth, a calendar, a plow, a road, a bridge, a railway, a ship, a system of measurement, or even the wheel. He is not known to have ever cultivated a single crop or domesticated a single animal for his own use (although many powerful and docile beasts abounded around him.) His only known means of transporting goods was on the top of his hard burry head. For shelter he never progressed beyond the common mud hut, the construction of which a beaver or muskrat is capable.","if u racist minds don't relise that there is more jews,blacks and asians so u can't do anything you all are going to hell and u probably not catholic  because jesus was a jew u devil bitches","I support this petition.","KILL ALL NIGGERS.","For those who claim that race-mixing will produce peace and harmony to accompany America's \"Jew World Order\", I say that we should look before we leap. Let us look at the jew, individually and collectively, for he is the example of race-mixing par excellence. Is any jew at peace with himself or with any other jew? Take a look at Israel! Then we can look at Latin America, the Middle East and the Balkans, all places where race-mixing predominates. Is this the 'peace' we would wish to see imposed on the whole world? Race-mixed India sends forth swamis who preach that they represent a people, a culture and a religion which are paragons of peace, even while the people of India are killing one another in riots over religious and ethnic differences. If you believe that race-mixing is 'the key to world peace', then there is a bridge in Brooklyn which I would like to sell you, at a price just 'right' for you! ","I think #92 is correct. Every time I have had to stand or sit near a group of blacks it smells like a cage in the zoo. ","Niggers excrete urine through the pores in their skin. This, along with the fact that they refuse to bathe or clean the feces from their anal orifice and fingernails, explains why niggers always have a cloud of \"outhouse in the summer sun\" odor lingering about them that permiates everything they come into contact with. Scientists believe this signifigently horrendous stench is how they attracted their equally repulsive females back in Africa for mating. It's interesting to note that although this putrid, rancid aroma works well to attract the negroid buffarilla, male nigger stench is highly offensive to other races and negroids have had to resort to rape in order to mate with humans.","Blacks and Mestizos are dirty, subhuman filth. They are a blight against humanity and deserve to be ground up into dog food. There really is no way for me to fully describe my hatred of the darker races and I pray that they all meet with a violent, painful ending. Amen! ","White man. Look at it this way -- Isn't the White man a god in his own right? The image of the creator must also be a creator. Think of rockets, electricity, machinery, radar, laser, and such, and you'll see who the real creators are. Think White, you misguided creators! ","I agree, put an end to racism.","RIDING THROUGH THE REICH(sung to the tune of \"Jingle Bells\") \r\n\r\nRiding through the Reich, \r\nIn a big Mercedes Benz, \r\nKilling all the Jews, \r\nAnd laughing with my friends! \r\n                Hear those Mausers roar! \r\nSee those sheenies drop! \r\nAs long as we've got Xyklon-B \r\nThe fun will never stop! \r\n\r\n                Oh, rat-tat-tat! Rat-tat-tat! \r\nUp against that wall! \r\nHeat those ovens nice and hot, There's room enough for all! \r\nRat-tat-tat! Rat-tat-tat! \r\nMow those Hebrews down!\r\nOh what fun it is to have The Nazis back in town!\r\n","Niggers are stupid, criminalistic animals. Look at Detroit. Look at D.C. Look at what New Orleans was before the hurricane drove all the coloreds out of their hives. Niggers are evolutionary throwbacks to prehistoric barbarism and should be removed from White society and repatriated to Africa before they can inflict any more damage on the West. ","racists arent human ... go to hell and stay in hell and BURN ! we are all human except gays and racists ...","Fuck 'em!  Niggers are ignorant and do not fit the American \"melting pot\" - they stick out like turds.","U see tey don't care u racist motherfucks your white devils incarnated burn in hell and maybe you'll be some use to us in that state to show people what happen to rcist fucks ","if ure peasize brain might grow. U might realise that once apon atime we were all black. So fuck u ura worthless shit. ","what the fuck kind of people are you? fucking nazis racist son of a bitchs i hope you all burn in hell if you cant accept people for who they are DIE you stupid sorry pieces of shit people all have feelings,a brain, and so what people even have color? THEYRE PEOPLE we all eat,sleep,shit no matter what color you are your a human and you shouldnt be looked down on no matter what color you are and again FUCKING DIE YOU RACIST ASSHOLES I HOPE YOU ALL ROT IN HELL","Omg...how could people even think about saying that kinda stuff..o.O i agree. racism must stop","Blacks smell bad and are ugly. Lets hope they all die soon. ","Everywhere you see the nigger, you see everything coming down around him. ","Is there a more beautiful sight anywhere in the world, than a nigger hanging in a cottonwood tree by it's neck with the birds picking away at it's putrid, rotten flesh? ","u racists gits i thought u get da picture by now nobody cares wat u say your dirty and should go to hell you're not gonna do anything coz u  can't sorry to dissapoint u you're arguing wit a 13 year old that's how pity u r bye bitches","The only thing worse than a foul negro beast would be the Marxist, nature-hating race traitor, aka - nigger-lover. If you care more about an alien species more than your own, then you are the product of inferior genetics and should be euthanized before you can pollute the rest of mankind. ","GAS EVERY JEW!\r\n\r\nLYNCH EVERY NIGGER!\r\n\r\nSHOOT EVERY SPIC!\r\n\r\nFREE THE WORLD FROM THE COLORED SUBHUMANS! DEATH TO THE MUD PEOPLE!","all niggers do is eat sleep and shit and play ball because they only know how to Run shoot and steal \r\na nigger and his Gay turk friend(Who acts black) tried to rob me hehe the fags lucky i didnt have my knife i would slice the shit colored neck up","Oh my god you people are sick. I am mixed, say something please and then give me your home address so I can come shoot your racist ass.","The \"holocau$$$t\" never happened! That whole story is a fairytale concocted to give the kikes an excuse to occupy Palestine. The whole affair is a bold-faced lie! And now, Americans are dying in Iraq simply to defend that shitty little country,..Israel! \r\n\r\nATTENTION MILITARY AGE AMERICANS: If you're thinking of enlisting in the military,...DON'T! Your country needs you alright, but not to defend an alien rece. Don't enlist! Stay home and defend America first! Your country is being invaded along it's border with Mexico by an alien race bent on destroying not only our system of constitutional law, but our entire way of life! You can't defend America thousands of miles away! Stay home and fight for your people and country! \r\n\r\nDON'T FIGHT WARS FOR ISRAEL! ","All niggers stink, period! Ship them all back to Africa and make sure they each have one Jew chained to their ankle when they go!","Niggers;...Who needs em'? ","i love flowers \r\ni love blue\r\nbut i hate fuckin racist cowards\r\nthat should fuckin stew\r\nThat's for u Elliot Ratzman you bitchy racist cow","I like coffee,\r\nI like tea,\r\nBut I don't like niggers,\r\nYessir-ree!!!\r\n","Fuck yourselves goto hell racist bastards your mums a racist bitch dads racist basterd and your children are damnedto the same fate and this a petiyion to stop racism you mother fuckers","I'm sure glad some of you saw fit to include the goddamn mexicans on this. God, I hate them grease balls. Them sons of bitches shit any where they damn well please, just like a dog. Now what kind of human would shit on a public sidewalk in broad daylight? A goddamn Mexican will.","KILL ALL TRASH.\r\nNIGGERS, SPIKS, AND ARABS.","Theres nothing you can do to stop people from being racist. Its not like anybody can help it dumbass.","they make white parents hate their children.","i think all sand niggers, niggers, jews, gooks, and all the inferior races should die, they just white parents hate their children.","blacks are ugly and smell funny. so do mexicans.","Niggers are an inferior species compared to the White man. If not, then give me a reasonable excuse why Haiti and the whole of black Africa are backward cesspools. Why are cities like Detroit and D.C. crime ridden jungles? The answer is as plain as the nose on your face. It's NIGGERS! ","The sad thing is I CANT, say any of these things in public...because some jigaboo mutherfucker will go all ape ","Am I making niggers angry??? Do these words make you want to fight??Does it make you feel like taking out your anger on someone cos your too stupid to say something that takes more than 3 neurons to string together? Dont worry you probably would be able to kick my ass...bu then ill probably just invent a gun and aim it at your jogaboo head...FUCKING NIGGERS","Want me to get really racist...ok\r\nNext time you see a nigger, have a look at the size of his head, infact look at most niggers and you will notice that on average they have smaller heads...The relationship between intelligence and head size is about 50%...do the math (if your white, if your black just sit  there and smoke some crack)","Im white, I study architecture at university In australia...THATS MORE THAN FILTHY SWASHBUCKLE SAVAGE CAN DREAM OF. Im actually doing something with my life, like most white people I want to make something of the country we have built...and it makes me sick to fucking tears when i see rampant niggers acting like savages and taking our hard earned tax payer money","Im white, I study architecture at university In australia...THATS MORE THAN FILTHY SWASHBUCKLE SAVAGE CAN DREAM OF. Im actually doing something with my life, like most white people I want to make something of the country we have built...and it makes me sick to fucking tears when i see rampant niggers acting like savages and taking our hard earned tax payer maney","I would just like to go on the record that I hate Jews with a passion and I wish Hitler had gassed every one of them. Thank you. ","OMFG!!! Who let the greasy fucking wetbacks into this petition? Shouldn't you beaners be out picking lettuce or oranges or doing something usefull instead of playing on the free computer at the local library? Damn! No wonder humans hate your tamale-snapping guts! \r\n\r\nAnd as for niggers, just allow me to say, FUCK YOU, you filthy ghetto rats! I'm glad the AIDS virus is attracted to your species like iron filings to a magnet! I'll be so glad when you all die. \r\n ","My god you'se are evil. Racism is wrong and you are all sick retarded FUCKS!!!!!!!!!!!!!!!!!!!! !!!!-Thankyou","hey how do u feel about mexicans","i just think that it is stupid that just because your black thet think white people owe them something. So they sit around doing nothing, but i dont think this about all racist people cause there or some that are good people","i just think that it is stupid that just because your black thet think white people owe them something. So they sit around doing nothing, but i dont think this about all racist people cause there or some that are good people","i wanna talk 2 u ","to steve the Fucking stupid pig u r an arrogany pig. I m suprised u know how 2 use a computer. Ur head iz soo swololen. U think u know every thing but u know Shit. U shoulg go Fuck urself as know girl in dere right m,ind we lik 2 b near u. If u ever manage 2 find a girl who wants 2 b within 100000 ft of u. i feel sorry 4 ur children bing bought up in an Fucking racist childhood. i pray u burn in Hell lik u deserve","to steve the Fucking stupid pig u r an arrogany pig. I m suprised u know how 2 use a computer. Ur head iz soo swololen. U think u know every thing but u know Shit. U shoulg go Fuck urself as know girl in dere right m,ind we lik 2 b near u. If u ever manage 2 find a girl who wants 2 b within 100000 ft of u. i feel sorry 4 ur children bing bought up in an Fucking racist childhood. i pray u burn in Hell lik u deserve","To Steve adn BG\r\nAnd to all the racists who come onto this! \r\nYou are not human!and YOU YES YOU are the useless fuckers!  \r\nYOU ARE DIRTY FUCKER I BET U COULDN'T SAY THAT IN PUBLIC AND YOUR A DEVIL TO SOCIRTYBURN IN HELL YOPU DIRTY BASTARD FUCK YOURSELF! This petition is for NON RACISM GO WANK YOU CAN'T READ!","We agree racism is really sick and horrible as the bitchin crew is multicultural. We think that everyone should be treated the same whatever they look like or wherever they come from! Racists are sickos all of them!\r\n","Well, well! Reading the comments here, one gets the impression that the liberal medias' telling a big lie when they say \"Racism is dying\". Evidently, there are still plenty of White people who have their head screwed on straight, that aren't falling for the \"equality\" propaganda. \r\n\r\nNote to government types and liberal whiners: Do you notice the new trend? We Whites aren't going to buy your crap any longer. We see through your little plan. If you love the niggers so much, then 'YOU' move in with them. 'YOU' live with the constant 'typical nigger behavior' in 'YOUR' neighborhoods. 'YOU' put up with the crime, filth and decay that niggers bring with them everywhere they go. You proclaim the U.S. to be a free country, yet you don't allow us 'Freedom of Assocation' by forcing niggers down our throats, while 'YOU' retire to your all White gated communities, free from feral niggers. \r\n\r\n'YOU' take these greasy black savages into 'YOUR' homes and deal with them the same way you expect us common folk to do, and see how long it takes you to get a gut full of them! Then, you will understand that we don't hate them because they are black. We hate them because thet are 'GODDAMN NIGGERS'!","Hey Steve it's not that. it's because the dumb fucks can't read","You know why niggers never post anything in retaliation, cos none of them know how to use a fucking computer","Niggers are useless worthless fucks, they contribute nothing to society and are dispersed everywhere. Niggers are a cancer on this planet, the hard working and moral ethic of the higher races are being degraded by  these filthy worthless fuckwits. It makes me sick. Who the fuck do they think they are? These lessr evolved archaic jokes for human beings, to think that they could breed with people with better blood than they makes me fucking sick. The beautiful nations  forged by iron will and hard work, are being over run by ego driven niggers . Whenever you see niggers sorry monkeys whenever you see monkeys parading their stupid rap bullshit on tv they show shots of the cities from where they came, as if to say look at the beauty of our hood as if it were so timeless. WELL LISTEN UP 50 CENT  you fucking dumbass monkey next time you make a video clip dont you DARE film shots of cities and buildings because they where built by higher people for  higher people. instead film the squatter shit holes that your notorious for making cos thats all you peice of shit human beings are capable of. FUCK YOU NIGGERS   ","What utter bollocks. I don't hate myself at all, but I fucking hate niggers. Why the fuck should I feel any love for those work-shy, welfare sponging, drug dealer, retarded, ugly, turd coloured shit skins? Most niggers are racists too, but they're also hypocrites coz they're more than happy to take white man's money and handouts coz it's easier than them getting off their asses and supporting themselves. So to whoever started this shitty thread, fuck off you nigger loving pansy. Let's see how much you love niggers when they rob your house and rape your mother.","I hate niggers","Today, I saw one of the hundreds of commercials that have graced our TV screens for decades that show some fly covered little shitskin looking all sad eyed into the camera while a spokesperson asks me for a handout to keep these little piles of trash alive and eating mush for another month or two at best.\r\n\r\nAs always, I laughed at the little fuckers, as I ate a hearty lunch and relaxed in my home that is worth more then their entire country's GNP since 1980. This commercial got me thinking of a more logical solution to the starvation problem that does a nice job of keeping the third world populace ( IE: trash that immigrates to HERE and affixes itself to the nipple of our welfare system) in check.\r\n\r\nFirst of all, it is fairly accurate to say that if the entire third world fell into the sea, and every single piece of trash living in these countries drowned in that beautiful moment, the world would probably be much better off. These people are absolutely useless to the human race as a whole, live in filth and squalor that would make a dog turn red with embarrasment, and breed like insects despite a massive shortage of natural resources. This raises the question of why on Earth would we want to invest money on even a single one of them?? \"For the price of a cup of coffee......you can keep little Dashiki alive and she can grow up like big Dashiki and have 475 children\". WTF are these people smoking to think that I would spend the price of a quality caffeinated beverage on something that is far less useful to me.\r\n\r\nI have a better idea....and one far more cost effective.\r\n\r\nWe can't stop these imbecilic people from impregnating themselves. Like any animal in the rutting season, they feel compelled to breed when the warm rays of the spring sun descend on their maggoty hides. So what I propose is government sponsored nurseries, where the latest crop of niglets, dot heads, and boat people can be cultivated into something that will greatl","Anti-Semitism is a disease - you catch it from Jews.","The totally Jewish doctrine of Marxism repudiates the aristocratic principle of Nature and substitutes for it the eternal privilege of force and energy, numerical mass and its dead weight. Thus it denies the individual worth of the human personality, impugns the teaching that nationhood and race have a primary significance, and by doing this it takes away the very foundations of human existence and human civilization. If the Marxist/Jewish teaching were to be accepted as the foundation of the life of the universe, it would lead to the disappearance of all order that is conceivable to the human mind. And thus the adoption of such a law would provoke chaos in the structure of the greatest organism that we know, with the result that the inhabitants of this earthly planet would finally disappear. Should the Jew, with the aid of his Judeo-Marxist creed, triumph over the people of this world, his Crown will be the funeral wreath of mankind, and this planet will once again follow its orbit through ether, without any human life on its surface, as it did millions of years ago.","That one about nigger I.Q.'s being so low is funny. And so true! That explains why they fail at everything they do.","everybody is equal. its just a skin colour. . . get over it","black people started out as semen,(monkey spunk) and evolved into dogshit. Special dogshit that especially stinks.","The world would be a much more sane and safe place if all the jews were to be gassed. Hitler had the right idea. Lets return to the sanity of the Third Reich. \r\n\r\nPeace and love to all my White brothers and sisters.\r\n\r\nDeath and destruction to all colored species.\r\n\r\nAmen. ","Dr. who is a retarded fuckwad. And anyone that agrees with him is equally fucked up. Niggers are subhumans. Send them back to the African bush and let them prey on each other for a change!","you people are disgusting racists. I agree with dr.who, everybody is created equal. I cannot believe how vile some of you are being.","i agree with Guns!!!!!!!","I HATE NIGGERS!!! \r\n\r\nRACISM NOW!!!\r\n\r\nRACISM FOREVER!!!\r\n\r\nDEATH TO THE JEWS!!!\r\n\r\nDEATH TO ALL RACE TRAITORS!!!!","To # 23: Life's too short to have to spend it in the presence of filthy nigger beasts. And not one of you \"Weez All Equalz\" assholes can give a logical answer as to why people should be FORCED to associate with those they don't wish to associate with.  ","guns comment number 17 is the best one ... here ... life is too short to hate people ... believe me u want to enjoy every second ..and being angry .. will make it hard... then u DIE ...and what was the point of even bein born .. u just  wasted ur life","Blacks smell like piss. This fact might offend some of you but that can't be helped. While it's not their fault, blacks pass urine through their sweat glands. Yes, they literally sweat urine. That's why they always have a strong, muskie odor. That's not being racist. That's simply the truth. I'm sorry but the fucking stink. ","All negroes should be rounded up like cattle and processed into dog food. ","If doc is talking shit, it's good shit.","NIGGER NIGGER NIGGER NIGGER NIGGER NIGGER NIGGER NIGGER  NIGGER NIGGER NIGGER NIGGER NIGGER NIGGER NIGGER NIGGER NIGGER NIGGER NIGGER NIGGER  NIGGER NIGGER NIGGER NIGGER NIGGER NIGGER NIGGER NIGGER NIGGER NIGGER NIGGER NIGGER  NIGGER NIGGER NIGGER NIGGER NIGGER NIGGER NIGGER NIGGER NIGGER NIGGER NIGGER NIGGER  NIGGER NIGGER NIGGER NIGGER NIGGER NIGGER NIGGER NIGGER NIGGER NIGGER NIGGER NIGGER  NIGGER NIGGER NIGGER NIGGER","(\"Racism must stop right now!\")\r\n\r\nDon't count on it, doc. As long as they're forced together, you'll have problems.\r\n\r\n(\"Everyone started out as a piece of semen.\")\r\n\r\nWell,..in your case you may have started out as a piece of feces because you're talking shit.\r\n\r\n(\"You did not decide what color you would be or where you would be born.\")\r\n\r\nTrue. But if everyone was able to do so, how many would have chosen black? Can you say NONE?\r\n\r\n(\"All colors and all people are all singled down to one word. HUMAN.\")\r\n\r\nYep. White Human and colored sub-human. \r\n\r\n(\"Most racists are insecure and find comfort in hating someone else to make themself feel better. Inside, they are hurt and want to be loved (even though they say they don't want to be loved).\") \r\n\r\nAwhhh! How sweet. I'll bet you shit flower pedals and honey, you little fem. \r\n\r\n(\"If you are a racist, then you hate yourself and the one who created you as God created all people from one man and woman.\")\r\n\r\nAnd if you're a race traitor, then you hate your own people. Please explain you developed your anti-nature views.\r\n\r\n(\"I hope you have a nice day and find peace in your heart.\")\r\n\r\nAnd I hope you fall down a staircase and break your fucking neck.\r\n\r\n(\"Everyone is special.\")\r\n\r\nDoc,...if you only had some balls to kick, I'd love to meet you face to face!\r\n","Screw hating people, good knock back some beers. Go get laid or something. There are more important things in your life. I'm not going to spend my life just hating people... It's a waste of time!","Fuck you idiots! Fuck niggers, spics, gooks, wogs, nogs, spooks, blubber lips, towel heads, dune coons, jigs, chinks, dinks, slopes, jigaboos,...AND,...race traitors! \r\n\r\nEat shit and die!","I'am chinese\r\nAlso us little asian fuckers are always right. I'am a level 1234567890975346754836583 675698364923466746 Godmaster ruler in Dungeons and dragons! *cough* cough* The fumes from my bowl of rice is killing me! *cough*","im hungry","totally agree","Well you see say a mom is racist she wants her son to be racist and so on untill finally years later they are still racist you see i live in ny where some people do stuff like that.","NOt where i come from...i think...","\r\nI no i hate racism but it srtats when you are young","racism sucks!","I want it to stop but moms and dads will tell there kids not to like a certain race and they keep telling them that untill finallty it is stuck in there head so parntets start the shit blame them.My fucking lowlife fake ass uncle is teaching my cousin to say the the N Word the fucking low life is going to turn my baby cousin inoa evil person so it is the mom and dads problem.","i hate racism. i think that its sick that someone would hate a person just because of the color of their skin or what country they are from. I mean there are good people in this world and bad people of all races and skin colors. racism is a thing for angry ignorant people who dont know what to do with their anger.","There is no racism in our society not openly and if we keep on going with petitions like this our parents daughters and our future daughters are just going to get raped by black and middle eastern men, You should start a petition on \"stop the genocide\" not something trivial like racism.","racism wont stop.You want to no why because low life ass parents will keep filling there kids whit things in there mind so dont blame  the person it is the parnets who taught them to be racist why because they dont have good stuff like clothes and food but when they get older they controll there mom or dad they get fancy ass shit beat the hell out of a random kid and thats thats blame the mom and dad i say shame on you moms and dads leting your kids grow up to be racest.","eeeexactly. i agree totally","cracka","You're right! Racism must stop! It's really stupid when people abuse other races because of they way they were born. It doesn't make sense."]}]}