{"title":"","text":"\nSalute your shorts was a great show, I watched all the time when I was younger and I know a lot of you did as well, I think you'll join me by saying, SALUTE YOUR SHORTS ON DVD!!! Truly a great show. salute your shorts, we hold you in our hearts.\n      ","author":"","signatures":[{"link":"http://web.archive.org/web/20100512220954/http://www.petitionspot.com/petitions/saluted/signatures/100","comments":["This is the best idea in the history of mankind. Donkey Lips is the shit! WOW this is blowing my mind.","I support this petition.  I hope it gets released real soon in stores.","I support this petition.","This is a great idea, I hope it works becuase I know tons and tons of people who would buy it!","This was the best show! Bring it back","Camp Anawana you rock!","who wants an awful-waffle??!!","I support this petition.","I support this petition.  hell yeah i support this petition!\r\n","I support this petition.  Everyone I talk to wants it on DVD!","i love this show i need it on dvd it was one of the best parts of my chilhood this and are you afraid of the dark and hey dude","80's child growing up in the 90's... although the generation yers dont' really deserve it.. please give us one last glimpse of good TV. Camp solute your shorts on DVD?","I support this petition.  it's all about donkey lips\r\n","I support this petition.","I support this petition.","I support this petition.","I support this petition.","What an awesome show!","This was a great show.  It really should be on dvd as well as all great 90's Nick shows","I would love this dvd, along with hey dude, and you cant do that on television. A whole nickelodeon series.","salute your shorts should be on dvd, it rocks","THIS WAS ONE OF THE BEST SHOWS EVER I CAN STILL GET IN TO CLASS LONG DISCUSSIONS ABOUT IT","I support this petition.","I support this petition.  ","I support this petition. This show was awesome. Please release it.","I support this petition.","I support this petition.","I support this petition.!!!!!!!!!","I support this petition.","I support this petition.","I support this petition.","I support this petition. Best show ever. Hey dude should be too.","I support this petition.","I support this petition. It was an amazing show. I loved watching it","My God why isn't this on dvd yet! It was one of Nick's best shows and will be remembered forever by our generation, along with Nick's other incredible shows back in the day!","I support this petition.","I support this petition.","I love this show! I would love to own the dvds, and so would several of my friends! We love to sit and remember this show.","THIS SHOW WAS BADASS!! THEY SHOULD ALSO HAVE THE ORIGINAL ALL THAT ON DVD, I WOULD SO BUY IT!","I support this petition.","I support this petition.","I support this petition.DVD    DVD    DVD    DVD\r\ni would like to share this with my kids!","Please I beg of u bring theses shows back!!! I miss them so much!!! Theses are the shows i grew up on like The Secret World of Alex Mack, Hey Dude, mY Brother and Me, And Are You Afraid of the Dark!!! Please Bring em BACK!!!!!!","I support this petition. I grew up with this show. I downloaded it but can only listen to it b/c i can't play .avi files.  Just the sound is worth it. Old memories and awful waffles....ahh...","I support this petition. Yes I love this show, and nothing on nIck is the same bring hey dude, Are you afraid of the dark? and more of the classic snick series!!!!!!!","I support this petition.","One of the Nick's best shows, put it on DVD!","YES, DVD now!! And Hey Dude too... come on Nickelodeon, you can relive your golden days through the magic of DVD!","as i am sitting here at my computer i can't help thinking that more people should sign this petition","I cannot believe that it isn't already on DVD... Salute Your Shorts was a popular show that needs recognition from the loyal viewers","Please bring back all those childhood memories on DVD...","Salute Your Shorts is pump up the wazoo.  If it was on DVD, I would buy five copies!","\"Salute Your Shorts\" had all the great comical addentations that if on DVD, I would hope to show my children some day...","I support this petition. yeah!","I support this petition.","I support this petition.  This is one of the few shows from my childhood that I would like to watch again.","zeke the plumber..yea! i miss it..we need it now!","SALUTE YOUR SHORTS IS THE BEST SHOW EVER!!!","I support this petition!","I support this petition. I loved this show so much! I agree about the others (Hey Dude and Are you Afraid of the Dark). We need 'em!","I still hold it in my heart!!!","I was just looking for that today, and stumbled upon this!\r\n\r\nI support this petition Whole Heartedly!","I support this petition.  Hey Dude should also be on dvd!","I support this petition.","I support this petition.","I support this petition. I loved this show!","I support this petition.","I support this petition.","I support this petition.","I support this petition. Also Hey Dude & Are you Afraid of the Dark","DVD and TV!\r\nBring it back full force!\r\nThat and Are You Afraid of the Dark!\r\nHey Dude too!!","This on DVD would be Awesome, Also put out Hey DUDE","I support this petition.","Salute your shorts is my SHIT","I support this petition.","Fuckin A!","This show kicked booty back in the day!!!  ","It was my favorite nick show!","i want it on dvd now!","I support this petition.","Best petition yet","I support this petition.","I support this petition.","Can't wait 2 buy the dvd!!!!","GREATEST SHOW EVER! DVD!","Salute Your Shorts should be on dvd or tv if it were on dvd I would buy five copies of them","I support this petition.","i heart donkey lips","I support this petition.","I absolutely support this petition.","I support this petition.","Best show ever. This defined my childhood/ adolescence","best show nickelodeon had ever!!!","One of the best series ever! Bring it to DVD!!!","I would love for this show to be on dvd.","I support this petition.","This show has to be on DVD. It is my favorite Nick show ever.","dude i neva missed an episode..birng it back god dam it!","terrific show, definitely needs a DVD!","I absolutely LOVE this show..to this day. We run, we jump, we swim.."]},{"link":"http://web.archive.org/web/20100512220954/http://www.petitionspot.com/petitions/saluted/signatures/1","comments":["CAMP ANAWANA!\r\n","i never missed an episode growing up. donkey lips!!!!","Please bring it baccccckkk...neeeed the dvd!","Salute Your Shorts and Hey Dude, and all the other old Nick shows should be brought back! They are great shows and a lot better and funnier than the ones they have on there now!","i agree!!! bring back the old nick shows!!! i loved salute your shorts and hey dude!","I support this petition.","This was THE best show on Nickelodeon, and the best overall channels when I was younger. It'd be great to be able to relive it all and see my all-time favorite show again.","Got DVD?","I support this petition.","Bring it back to DVD, and others.","please please please come out with a SUS DVD!!","that was a great show","BRING SAULUTE YOUR SHORTS bAcK! =]","salute your shorts was BOMB!!! \"camp annawanna,..we hold u in our hearts...and when we think about you...it makes me wanna FART!!!\" BRING THIS SHIT BACK!!!","salute your shorts was BOMB!!! \"camp annawanna,..we hold u in our hearts...and when we think about you...it makes me wanna FART!!!\" BRING THIS SHIT BACK!!!"," ","I support this petition.","hell yeah, great show while i was growing up...UG LEE,UG LEE,UG LEE","HELL YEAH!!","i loved salute your shorts when i was a kid!!!it needs 2 b out on dvd!!!","yes. classic nick on dvd. this was the best they should put them all on dvd. this, hey dude, clarissa, you can't do that on tv, and so much more. lets get it started","I feel id rathther enjoy it.","I love that show!","I support this petition.","oh god yes!!! i grew up to these shows! they are my life!! please bring back these shows. yes.. dvd would be fine!! OLD SCHOOL NICKELODEON","I NEED to see these old shows again!! Please, a DVD would be amazing!","I NEED to see these old shows again!! Please, a DVD would be amazing!","I support this petition.","Alot more old Nickelodeon Shows need to be on DVD.  Salute Your Shorts is one of them.","I support this petition.","I support this petition.","I loved this show please put on DVD!!!","Salute Your Shorts was one of the many old Nickelodeon shows that I couldn't go one day without watching.  Nickelodeon of the 90's and 80's was a legacy to my life.  in this day and age of the new melenium old nickelodeon is extinct and un interesting shows such as \"Spongebob Squarepants\" and Fairly Oddparrents rome Nickelodeon's Timeslots.  But the Nickelodeon fans of the 90's and 80's are petrified of nickelodeon 2000.  Now \"Clarissa Explains It All\" \"Ren & Stimpy\" and \"Pete and Pete\" should just be the Begining.  90's Nickelodeon had Salute Your Shorts, Legends of the Hidden Temple, Are You Afraid of the Dark?, Hey Dude, Welcome Freshmen and many more.  And Who can't forget Nickelodeon of the 80's such as 'Out of Control and \"You Can't Do That on Television\"\r\nalso just like today Nickelodeon also had Nick Jr.  They used to have Adventures of Little Koala, David the Gnome, Today's Special and Shan Lois and bran's Elephant Show.  We Know that these shows can be put on DVD if they are still in a canceled rerun vault somewhere and me and so many other fans of 90's and 80's nickelodeon out there can nag there way back to the tv land of their time.  So! on behalf of me and other 90's and 80's nickelodeon freaks out there who dispise the Nickelodeon of the New Melenium Help put 90's and 80's Nickelodeon on DVD... Thank You!","DVD! DVD! DVD!","Oh that Donkey lips","I need to see Buttnick in all his greatness again. Bring it to DVD Nickolodeon.","I support this petition.","THIS SHOW RULED SO MUCH. I WISH I COULD SEE IT AGAIN THA AND ALOT MORE NICKELODEON SHOWS. I HOPE IT GETS RELEASED","This was one of my most favorite shows ever. I'd like to watch it again!!!","Camp Anawanna we hold you in our hearts.","DVD..DVD..DVD...OR FOR YOU POOR PPL VHS...VHS","put in on dvd!!!","evil plumber to haunt me again yes.","heck yeah.. i totally want this!","I support this petition.","damn u got to put this on dvd. this shit was tight better then those shows on now","I support this petition.","Put this show on DVD or somebody's gonna get an awful waffel!","Old Nick shows should come to DVD, and this show was definitely one of the favorites.","Back when Nick was good....","Best show ever!!  You definitely need it on DVD!!","Please, please, please put this on DVD!!  It was one of my fav shows growing up!","It was one of my favorite shows growing up.  It needs to be on DVD!","I need the DVD","Bring back good TV","I love salute your shorts....","I have been checking stores everywhere for this DVD, I can't wait to get it","Salute your Shorts is the bestest.  Now put it on DVD.\r\n","i so so so love salute yours shorts...it was my favorite childhood show...and a classic!!!","It was a great show and should come out on dvd","get it on dvd already","i love camp salute oyur shorts!","i want camp salute your shorts dvd set now!!! im gunna cry without it...please!!!\r\n","i think it needs to be on DVD. yo","Put on dvd!!","Come on you DVD bigshots who doesn't want an AWFUL WAFFLE ! AWFUL WAFFLE please release this on DVD","Please release this series on dvd(AND Pete and Pete)  They were some of Nick's best. ","EVERYTHING else is on DVD, why not Salute Your Shorts?","Salute your Shorts rules!","They don't make Nickelodeon shows like they used to, let us educate our younger siblings by putting out a DVD~!","That was my favorite childhood show, I'd love to see it again!","I would buy both seasons if they came out on dvd.  This was probably my favorite show when I was growing up.  I love all the characters so much, bring it out on dvd please!","This show was really probably one of the favorites of my age group. It would be so trendy, it would sell for sure.  It would be stupid if they didnt make the dvd.","Screw the DVD. I want a movie all about Donkey-Lips. That fat piece of shit kicked ass!","this was one of my all time favorite shows . it should definitely be on dvd !!","Please bring back Salute your shorts, my brother keeps telling me what an amazing show it is, and i've never seen it, so please put it on DVD.","i soo agree i love that show. i downloaded a few of them\r\n","Please bring back \"Salute Your Shorts\"!  That show shaped my childhood, and ultimately who I am today!","I love this show! I'd *definately* buy it if it came out on DVD!","One of the first american tv shows i ever watched.. it made me love this country.","Salute your shorts dvds are just friggin essential.","one of the greatest nick shows EVER!!!","WE NEED IT PLEASE","I loved Salute your Shorts for the short time it was on tv. Loved it alot. Please bring it out on dvd. I miss it very much.","For the love of all things nostalgic, put the on Nick GAS and DVD, kids today would love this show!","PLEASE PUT ON DVD!!! I LOVE THAT SHOW.. MY ABSOLUTE FAVORITE!!!PLS ON DVD!! A MUST","Put on DVD","best show ever...i grew up to it and would buy it if it ever came out....PLEASE BRING TO DVD","best show ever. DVD series would be amazing.","release this on dvd. will buy boxed set.","I grew up on this show!","Salute Your Shorts needs to be on DVD!!!!! Along with other classic Nick shows.\r\nThey would so sell!","Please help us...","Salute Your Shorts was a rad show, I would love to see it out on DVD","Many fond memories of this show.  I&#39;d love to see it released on DVD.","I loved salute your shorts when I was a kid... I would definitely purchase this on DVD.","Salute Your Shorts was a great show, I still know the words to the theme song. &quot;Camp Anawanna we hold you in our hearts&quot;. Please bring to DVD.","Well I only saw the show a couole of times but it was an awesome show and they most bring it to DVD or put it back on TV","Loved Salute Your Shorts, Definently want to see it again on DVD!!!!!","best show ever! So was are you afraid of the dark."]},{"link":"http://web.archive.org/web/20100512220954/http://www.petitionspot.com/petitions/saluted/signatures/200","comments":["I support this petition.","I support this petition.","I support this petition.","I support this petition.\r\n","I support this petition.","I support this petition.","I support this petition.","I support this petition. This needs to happen ASAP, I miss Salute Your Shorts and would love to reminisce about all of my childhood memories. ","I support this petition.","I support this petition.","I support this petition. That show  I <3.","I support this petition.","I support this petition.","I support this petition.","I support this petition.","I support this petition.","I support this petition. This was my show when  I was younger, and I would  love  for it to come out on DVD. ","I support this petition 110%. This needs to be made!!","I support this petition.","I support this petition.","I support this petition.","I support this petition.","I support this petition.","I support this petition.  I watched this while I was young as well and have been waiting for this to come out on DVD for a while now!!!","This show was the best I wish they would bring back all the 90's shows Nick isnt anygood anymore without the good shows","I support this petition.","Favorite Nick show of all timeDonkey Lips' youtube profilelook up profile nameMIKEYRAYDERhe posted an awesome slideshow and a gag reelsrry, it wont let me put up URLs","I support this petition.","I support this petition.","Amazing show.  This show needs DVD treatment.  What's the hold up?","I support this petition.","I support this petition.","I support this petition.","I support this petition.","I support this petition.","Salute Your Shorts was a great show, and now that I'm nearing 30, I'd love to be able to sit for a while and relive my teen years. Nickelodeon should definitely bring this show back for the new generation of teens. ","Salute Your Shorts is one of my fondest memories of my childhood.","I support this petition.","I support this petition.","I support this petition.","Who WOULDN'T want Salute Your Shorts on DVD???  I was happy to see Inspector Gadget (only first 22 episodes so far...) FINALLY come out, and hope that Salute Your Shorts, Are You Afraid of the Dark?, Clarissa Explains It All, and ALL of the classics released!  Besides, Nickelodeon would be stupid NOT to release it, considering that EVENTUALLY people will resort to buying boot-legs, hence taking profits away from Nick...","this show was the best","I support this petition.","I support this petition.","I support this petition.","all the great nick shows need to be on dvd, welcome freshmen, double dare, legends of the hidden temple, get the picture, and nick arcade are some others that rocked.","I support this petition.","I support this petition.","I support this petition.","There already is the site is like classicshows.com\r\n","because the short-lived romance between Budnick and Dina was one of the most epic of our time. ...Plus, I'm still scared of Zeke the Plumber.","because nick now sucks","I still adore this show.","Give it to me!","This show was and will still be amazing!  Bring it to DVD!!!","Back in the day this was one of the best shows ever, and now that I am coming to the age of being a grown up I would like the chance to watch this at home when I'm not working  or doing a term paper, and remember the good old days when live was simpler and without all the bull. ","I support this petition.","I support this petition.","I support this petition.","I support this petition.","I support this petition.","I support this petition.","I support this petition.","The least they could do is a DVD. Its too good of a show to just sit in the Nick vault gathering dust...","get it right or pay the price......put SYS on dvd darn it!","Four score and seven years ago, other shows of less entertaining value were put to DVD so why not SYS!? I support this petition!","I support this petition.","I support this petition.","I support this petition.","Such a funny show. I def support this petition!!","I very strongly support this petition.","I support this petition.","ZEKE THE PLUMBER!!","I support this petition.","I support this petition. i love this show; it's the best.","One of the best shows ever, I have been waiting patiently for years for them to put this show out on dvd. I completely support this petition.","I support this petition.","When was this cancelled? It's so much better than Drake and Josh","I support this petition.","I support this petition. this was a great show and i will never forget it! it really needs to be on DVD so we can all have a blast from the past and remember all the funny episodes we had watched when we were all younger. it will be a great way to be a kid again.","I support this petition. This really really needs to be on DVD!!! Hey they finally put out Clarissa explains it all so why not Salute Your Shorts!?!?!","I support this petition very much","I support this petition.","DUDE! I watched this show ALL the time. I never missed an episode. It completely bummed me out when it went off. I would love to have it on dvd!","I LOVED THAT SHOW!! I use wait savagely by the TV unit it came on. It was my favorite show I never missed on episode I broked my heart when it went got cancel it was one of my few childhood joys. WHY DO THEY ALWAYS TAKE AWAY EVER THING I LOVE? ANY way this show needs to be release on DVD it the one show where all the are atually funny and they really can act,unlike todays teenage stars where there basically put on a show for there looks and they can't act for beans I can't even watch Nick any because the acting is so bad it make want to kill someone because if your going to get paid a fortune to entertain people do a decent job of it. Bobby Budnick you were alway my favorite chacter and your god damn sexy. Love You. ","i support this petition","I support this petition.","I support this petition.","I support this petition.","I support this petition.","It caused from pulling the trigger, this will keep me from doing it :(","I support this petition.","I support this petition.","I support this petition.","I strongly support this petition!\r\n\r\n:-)"]}]}