{"title":"animal abuse is wrong!","text":"\nplease read this, i'm an animal lover and i've been searching the net about animal abuse. there are pictures about abused animals, and i went into pet stores and checked ot how tey were cared. eventually these people WILL be caught.\r\n\r\n\r\n- over 100 pet stores have been caught of not having the right care for animals or for really bad abuse.\r\n\r\n-over 10,000 animals die every year because of anial abuse. its really sad.\r\n\r\n-and over 10,000 people have been in jail because of this.\r\n\r\ncan you really think about this, if you are not the people who are abusing these animals, then can you please sighn this petition. And if you are one of those who are, you will be caught soon. people will notice and will report to the police. This is just a warning because you will be caught.please! stop animal abuse!      \n      ","author":"alexandra anaya","signatures":[{"link":"http://web.archive.org/web/20110520034017/http://www.petitionspot.com/petitions/stopanimalabusenow/signatures/100","comments":["I support this petition.","I support this petition.","I support this petition.","I support this petition.","I support this petition.","I support this petition.","I support this petition.","I support this petition!","I support this petition. animals can\\'t speak for themselves and I love animals and when some knucklehead goes and hurts them its horrid so I SUPPORT!","That stuff is just sick and wrong!!! :("]}]}