{"title":" SO YOU THINK YOU CAN DANCE season 6 tour ","text":"Ok SYTYCD fans we need to do SOMETHING to make the season 6 tour happen it's not fair to the dancer or us and a \"best of\" on season 7 tour isn't fair to either season of us the fans. so lets show TPTB that we'll still sell out every venue they come to.\n----------------------------------------------------\nAdded by: marcsgirl425 on January 2, 2010, 7:13:00 pm\n----------------------------------------------------\n\n\t\t\t\t\tOk SYTYCD fans we need to do SOMETHING to make the season 6 tour happen it's not fair to the dancer or us and a \"best of\" on season 7 tour isn't fair to either season or us the fans. So lets show TPTB that we'll still sell out every venue they come to. Ok for whomever it was I fixed the only typo I saw. Anouther quick note thanks so much for signing but PLEASE check your email right away and verify your signature it effects the overall total.         ","author":"","signatures":[{"link":"http://web.archive.org/web/20101220062628/http://www.petitionspot.com/petitions/sytycds6tour/signatures/300","comments":["I support this petition.","I support this petition.","I support this petition. Absolutely!! We need a S6 tour!!!","I support this petition. And the Dancers effected.","I support this petition.","I support this petition.","I support this petition.","I support this petition.","YES!  Let them dance!","I support this petition.","I support this petition.","I support this petition.","I support this petition.\r\nthe top 10 were amazing and deserve a tour!!!","I support this petition.","I support this petition.","I support this petition.","I support this petition!an for my boy russ!","I support this petition. Please they need a tour they are to amazing not to have one!","I support this petition.","I support this petition.","I support this petition.","I support this petition.","I support this petition.","I support this petition.","I support this petition.","I support this petition.","I support this petition.","I support this petition.","I support this petition.","I support this petition.","I support this petition.","I support this petition and all the S6 dancers!!","I support this petition.","I support this petition.","I support this petition.","I support this petition.","I support this petition.","I support this petition.","I support this petition.","I support this petition.","I support this petition.","I support this petition.","I support this petition.","I support this petition.","I support this petition.","I support this petition.","I support this petition.","I support this petition. Season 6 needs a tour!!!","I support this petition.","I support this petition.","I support this petition.","I support this petition.","I support this petition.","I support this petition.","I support this petition.","I support this petition.","While I think the \\\"sell out every venue\\\" is a bit naive, as I don\\'t think all the venues sell out even with the most popular casts, I still would like to put my name down as someone who is very disappointed in no tour and would like it to be worked out somehow. A case can be made that it is risky financially, especially with how weirdly the season shaped up, but one should look beyond the specific numbers and realize the tour helps keep the fanbase excited and engaged which maintains momentum when the powers that be need an audience for the next season.  It\\'s an amorphous benefit that is hard to quantify but I believe it has strengthened the franchise in the past. \r\n\r\nIf there is a worry about filling arenas, perhaps a scaled back tour at venues the size of the season 2 tour would work. I know there is more at work logistically and financially than we can really grasp, but I do believe it would benefit everyone if there was a solution worked out to make this tour happen.\r\n\r\nIn that regard, I support this petition. ","I support this petition.","I support this petition.  I WANT A SEASON 6 TOUR :)","I support this petition.","I support this petition.","I support this petition.","I support this petition.","I support this petition.","I support this petition.","I support this petition.","I support this petition.","I support this petition.","I support this petition.","The lack of a season 6 tour is extremely unfair to all the Top 10 dancers who auditioned for this season not knowing it would be an underpriveliged tour, as well as all the fans who will not get to see their favourite dancers perform perhaps ever without a tour.  For me personally this was the first tour that I was actually planning to attend, because of Jakob, even if it meant driving to the nearest city where it was attending.  Please bring back the season 6 tour!","I support this petition.","I support this petition.","I support this petition.","I support this petition.","I support this petition.","I support this petition.","I support this petition.","I support this petition.  I want to see Russell and season 6 on tour. ","I support this petition.","I support this petition.","I support this petition.","I support this petition.","I support this petition.","I support this petition.","I support this petition.","I support this petition.","I support this petition.","I support this petition. Russell and the other dancers really deserve this...not alone the fans of the show","I support this petition.","I support this petition.","I support this petition.","I support this petition.","I support this petition. Season 6 deserves a tour.","I support this petition.","I support this petition. ","I support this petition. I LOVE RUSSEL!","I support this petition.","I support this petition.","I support this petition.","I support this petition."]},{"link":"http://web.archive.org/web/20101220062628/http://www.petitionspot.com/petitions/sytycds6tour/signatures/1","comments":["I support this petition.","I support this petition.","I support this petition.","I DEFINITELY support this petition! Needs to happen.","I support this petition.","I support this petition.","I support this petition.","I support this petition.","I support this petition. There HAS to be a tour!! I\\'ve been to every one they\\'ve had!","If there is a SYTYCD season 6 tour, I will buy tickets in at least two cities. I\\'m sure I\\'m not alone in this, since the S5 show I attended was sold out in a huge arena. I don\\'t understand why a tour isn\\'t scheduled when it would make money and make the fans happy.","I support this petition. must have season 6 tour! huge fan!","I support this petition.","I support this petition.","I support this petition.","I ABSOLUTELY support this petition!","I support this petition.","I support this petition! Do the right thing!","I support this petition.","I support this petition.","I support this petition.","I support this petition 100%","I support this petition.","Please! SYTYCD fans need a tour!","I support this petition!","I support this petition.","I support this petition.","I support this petition.","Every dancer on Season 6 deserves his or her chance to shine on a Season 6 STANDALONE tour! <3","I support this petition.","I support this petition.","I highly support this petition.  This season was denied many of the experiences other seasons received (group dances top 18, 16, etc), as well as a full final 4 performance show.  The least TPTB can do is give them a tour.  These fine dancers deserve that.","I support this petition.","I support this petition.","I support this petition.","I support this petition.","I support this petition.","I support this petition.","I support this petition. Season 6 needs its own tour! Those dancers were robbed!  ","I support this petition. Please do a season 6 tour, for the dancers and the fans.","I support this petition.","I support this petition. They are all such amazing dancers, and they have worked so hard to be in the top 10. Not having a tour would be completely unfair.","I support this petition.","I support this petition. I would do ANYTHING to be able to watch Jakob, Kathryn, and Legacy dance live.","I support this petition.","I support this petition.","I support this petition.","I support this petition. This past season has already been altered enough. The dancers deserve to get the exposure and full experience of going on tour. Combining the tours will not be beneficial to this season\\'s top 10 OR next season\\'s top 10.","I support this petition. They\\'ve worked way too hard to get denied like this!! ","I support this petition.","I support this petition.","I support this petition and will do anything to make this tour happen. I would die to see Russell, Mollee, Noelle & the rest of the top seven dance. They deserve it, and the tour is the best day for ALL sytycd fans.","I support this petition.","I support this petition.  I want to see Jakob, Kathryn, Ellenore and Legacy dance!","I support this petition.","I support this petition.","I support this petition. They deserve their own tour.  A combined tour will only limit their performance time and to have to put their lives on hold for limited exposure is unfair.","I support this petition.","I support this petition FULLY.","I support this petition.","I support this petition.","I support this petition.","I support this petition. Season six was too amazing for words, and they deserve their own tour just like the five seasons before them.","I support this petition.","I support this petition.","I support this petition.","I support this petition.","I support this petition.","I support this petition.","I support this petition.","I support this petition.","I support this petition.","I support this petition!","Season 6 deserves their own tour as much as any of the other seasons. DONT TAKE THIS AWAY FROM THEM","I support this petition. There better be a tour this year!!! and make shure you come to Green Bay WISCONSIN!!!!!! all my friends want to go to!!!!","I support this petition.","They deserve a tour, and they\\'ve worked hard. We as fans deserve to see them.","I support this petition. Not giving the season 6 top 10 their own tour robs them of what has become an important part of the SYTYCD experience.","I support this petition.","I support this petition.","I support this petition.","I support this petition.","I support this petition.","I support this petition.","I support this petition.","I support this petition.","Season 6 contestants need to mee their fans. Season 6 fans need to meet the contestants.","I support this petition(:","I support this petition.","I support this petition.","I support this petition. it is so unfair that the season 6 cast doesn\\'t get to meet their fans, and the fans don\\'t get to meet them. ","I support this petition.<3 dance","I support this petition.","I support this petition.","I support this petition. There should be a SYTYCD Season 6 tour!!!","I support this petition.","I support this petition.","I support this petition.","I support this petition.","I support this petition.","I support this petition."]},{"link":"http://web.archive.org/web/20101220062628/http://www.petitionspot.com/petitions/sytycds6tour/signatures/100","comments":["I support this petition.","I support this petition.","I support this petition.","I support this petition.","I support this petition.","I support this petition.","I support this petition.","I support this petition.","I support this petition.","I support this petition.","I support this petition.","I support this petition.","I support this petition.","I support this petition.","I support this petition.","I support this petition.","I support this petition.","I support this petition.","Omg when i heard there was not going to be a sytycd season 6 tour i was like ooh hell naw!!!! And i got s sad beacause its so unfair please you have to have one","I support this petition.","I support this petition.","I support this petition.","I support this petition.","I support this petition.","I support this petition.","I support this petition.","I support this petition.","I support this petition.","I support this petition.","I support this petition. PLEASE make this happen, amazing season!","I support this petition.","I support this petition.","I support this petition.","I support this petition.","I support this petition.","I support this petition.","I support this petition.","I support this petition.","I support this petition.","I support this petition.","I support this petition.","I support this petition.","I support this petition. Not having a Season 6 Tour is unfair to the dancers as well as the fans. The Season 6 Top 10 deserve their own Tour.","I support this petition.","I support this petition.","I support this petition. GIVE US A SEASON 6 TOUR!!!!","I support this petition.","I support this petition.","I support this petition.","I support this petition.","I support this petition.","I support this petition. The top 10 of season 6 deserve the privilege of having a tour just like the other seasons. The dancers worked really hard and it is unfair to them and the fans that have been waiting to see them live and meet them!!!","I support this petition.","I support this petition. ","I support this petition.","I support this petition.","I support this petition.","I support this petition.","I support this petition. Hope they come to NJ if there\\'s a tour. My friends and I want to go!","I support this petition.","I support this petition.","I support this petition.","I support this petition.","I support this petition.","I support this petition.","I support this petition.","I support this petition.","I support this petition.","I support this petition.","I support this petition. THIS TOUR IS NECESSARY","I support this petition.","I support this petition.","I support this petition.","I support this petition.","I support this petition.","I support this petition.","I support this petition.","I support this petition.","I support this petition.","I support this petition.","I support this petition.","i hope there is a tour because this season was my favorite.","I support this petition.","I support this petition.","I support this petition.","I support this petition.","I support this petition.","I support this petition.","I support this petition.","I support this petition.","I support this petition.","I support this petition.","I support this petition.","I support this petition.","I support this petition.","I support this petition.","I support this petition.","I support this petition, except for the typos.","I support this petition.","I support this petition."]},{"link":"http://web.archive.org/web/20101220062628/http://www.petitionspot.com/petitions/sytycds6tour/signatures/500","comments":["I support this petition.","I support this petition.","I support this petition.","I support this petition.","I support this petition.","I support this petition.","Please have a tour. I\\'m desperate to see Russelll!! Please!\r\n\r\nI 100% support this petition.","I support this petition.","I support this petition.","I support this petition.","I support this petition.","I support this petition.","I support this petition.","I support this petition.","I support this petition.","I support this petition.","I support this petition.","I support this petition.","I support this petition.","I support this petition.","I support this petition. I have to see Jakob!","I support this petition.","I support this petition.","I support this petition.","I support this petition.","I support this petition.","I support this petition.\r\nAnd Nathan Trasoras and Mollee Gray were too talented to not be in a tour!!!\r\n♥♥♥","I support this petition.","I support this petition.","I support this petition.  I had lost a bit of interest in the show but this season brought it all back.  I have been to threes tours and my daughter and I are extremely disapointed.","I support this petition.","I support this petition.","Yes, I support this petition.  The brilliant genius Jakob, Russell, Elenor, and the rest of the top 10 (13) deserve to have what other seasons of SYTYCD have had. Furthermore, we fans deserve the chance to see these brilliant dancers grace the stage live!  Please consider this request from a fan who has been a devout fan since Day 1 of Season 1.  Season 6 was the single best season thus far.  Don\\'t take that away from those dancers......or their fans. Please. ","I support this petition.","I support this petition.","I support this petition.  I support it 1000%!","I support this petition.","We support this petition. We saw the tour for season 5 in Las Vegas and loved it. I got the cheap floor seats last time, the stage was obscured a bit in places by heads in front of us but it was still one of the best live shows we\\'ve ever been to. I liked season 6\\'s top 10 even better than season 5 and was looking forward to going all out on better seats for the season 6 tour.  :~(","I support this petition. ","I support this petition.","I support this petition. Haven\\'t been to a tour performance before and was excited to a receive TicketMaster gift certificate in December to got see the Season 6 dancers live.  Can\\'t believe they may never tour, and at best seem to be headed out next fall. Seems like a very bad decision for the community that is so supportive of the show. Hope there is a change of heart and plans. We\\'re ready to buy tickets!","I support this petition.","I support this petition.","I support this petition.","I support this petition.","I support this petition.","I support this petition.","I support this petition.","I support this petition.","I support this petition.","I support this petition.","I support this petition.","I support this petition.","I support this petition.","I support this petition.","I support this petition.","I support this petition.","I support this petition.","I support this petition.","I support this petition.","I support this petition.","I support this petition.","I support this petition.","I support this Petition.","I support this petition.","I support this petition.\r\nI want to see Russell!!","I support this petition.","I support this petition.","I support this petition.","I support this petition.","I support this petition.","I support this petition.","I support this petition.","I support this petition.","I support this petition.","I support this petition.","I support this petition.","I support this petition.","I support this petition.","I support this petition.","I support this petition.","I support this petition.  This was the first year I was going to be able to attend and was so looking forward to it - love all the dancers and I\\'m in awe of their talent, but would really love to see Jakob dance live!","I support this petition.","I support this petition.","I support this petition.","I support this petition, because I strongly believe that this season deserves a tour. To me, I think season 6 was the best season and the talent was incredible. Season 6, needs there own tour, because its just not fair to them. I love you Russell!!!!!!!!!!!!!!!!!! !!!!!!!"]},{"link":"http://web.archive.org/web/20101220062628/http://www.petitionspot.com/petitions/sytycds6tour/signatures/200","comments":["I support this petition.","I support this petition.","I support this petition.","I support this petition.","I support this petition.","I support this petition.","I support this petition.","I support this petition.","I support this petition.","I support this petition.","I support this petition.","I support this petition.","I support this petition.","I support this petition.","I support this petition.","I support this petition.","I support this petition.","I support this petition.","I support this petition!! It would be ridiculous if they choose to not have one for season 6. They would be loosing out on LOTS of money, and would be disappointing America ♥","I support this petition.","I support this petition. Russell is the most exciting dancer this show has had since Twitch, and deserves to showcase his talent around the country just as the other seasons have.","I support this petition.","I support this petition.","I support this petition. I want to see Russel, Mollee, and Nathan on tour!!!","I support this petition.","I support this petition.","I support this petition.","I support this petition.","I support this petition.","I support this petition.","I support this petition.","I support this petition.","I support this petition.","I support this petition.","I support this petition.","I support this petition.","I support this petition. you bet i do!!","I support this petition.","I support this petition. I want SYTYCD Season 6 to come to Toledo, OH!!!","I support this petition.","I support this petition.","I support this petition.","I support this petition.","I support this petition.","I support this petition.","I support this petition.","I support this petition.","I support this petition.","I support this petition.","I support this petition.","whatever happened to equality? let season 6 tour and strut there stuff :)","I support this petition.\r\n\r\nNothing will go right for SYTYCD producers/19 until they do right by the dancers.  These dancers worked hard under adverse conditions and performed well, could be the best in 6 seasons.\r\n\r\nYou sold us on a  tour by having a top 10, so do what you said.  Let your word be your bond!\r\n\r\nIf not, then count me out in my support for season 7.","I support this petition.","I support this petition.  Please let us see Russell LIVE>","It would do well I bet and it is sad for the Season 6 people if they can\\'t tour. While we\\'re at it why not petition for DVDs of the show\\'s routines from all seasons.","I support this petition.","I support this petition.","I support this petition.","I support this petition.","I support this petition.","I support this petition.","I support this petition.","I support this petition 1000%.","I support this petition.","I support this petition.","I support this petition.!!!!!!!!!!","I support this petition.","I support this petition.","I support this petition.","I support this petition.","I support this petition.","I support this petition. Although I won\\'t go to the tour, its not fair to take something away from these kids who have looked forward to it and worked for it. Every other season since Season 2 has gotten a tour and to take it away from this season is cruel. ","I support this petition.  I am looking forward to seeing these dancers.  It would be unfair to both the dancers and the fans not to have a tour.","I support this petition.","I support this petition.","I support this petition.","I support this petition.","I support this petition...they worked up to this, they deserve it!","I support this petition. It\\'s truly not fair to the season 6 dancers to strip them of a tour, one of the main highlights of participating in the show, just because the production team made poor choices that hurt the overall quality of the season (one-hour performance finale? Singing-laden finale results rather than seeing our favorite dances from the season?) The dancers and the fans deserve better!","I support this petition.","I support this petition.","I support this petition.","I support this petition, and I want to see Jakob Karr on the season 6 tour!","I support this petition.","I support this petition.","I support this petition for a S6 tour. Don\\'t cheat the fans and the dancers!","I support this petition.","I support this petition.","I support this petition.","I support this petition.","I support this petition.","I support this petition.","I support this petition.","I support this petition.","I support this petition for a SYTYCD Season 6 tour! This season had the most talented group of Top 10 performers the show has ever seen. It would be a travesty for these dancers to not go on tour!","I support this petition.","I support this petition.","PLEASE PLEASE PLEASE. It wouldn\\'t be fair to not give them a tour, especially after they got crappy scheduling and everything, and a best of tour just isn\\'t going to cut it.","I support this petition.","I support this petition."]},{"link":"http://web.archive.org/web/20101220062628/http://www.petitionspot.com/petitions/sytycds6tour/signatures/400","comments":["I support this petition.","I support this petition.","I support this petition.","I support this petition.","I support this petition.","I support this petition.","I support this petition. SYTYCD season 6 needs a tour. ","I support this petition.","I support this petition! SYTYCD 6 MUST have their own tour!!  A \\\"Best Of\\\" 6 feature in the season 7 tour would not give 6 the credit they deserve.","I support this petition.","I support this petition.","I support this petition.","I support this petition.","I support this petition.","I support this petition.","I support this petition.","I support this petition.  The tour is what I love the most.  I will probably stop watching without the tour!!","I support this petition.","I support this petition.","I support this petition. These contestants got ripped off anyways.  No voting first 2 weeks, finale with 6 dancers... Now no tour! Russell deserves more than that!","I support this petition.","I support this petition.","I support this petition.","I support this petition.","I support this petition.","I support this petition.","I support this petition.","I support this petition.  I want to see the top ten dance!!","Anxiously awaiting the announcement of Season Six Dancers tour!   ","I support this petition.","I support this petition.","I support this petition. I want to go see this year\\'s dancer\\'s...where is the tour????","I support this petition.","I support this petition.","I support this petition.","I support this petition!","I support this petition.","I support this petition.","I support this petition.","I support this petition.","I support this petition.","I support this petition.","I support this petition.","I support this petition.","I support this petition.  My whole family wants to see the top 10 perform again - especially Legacy & Russell","I support this petition.","I support this petition.","I support this petition.","I support this petition.","I support this petition.","I support this petition.","The SYTYCD Tour must go ahead!","I support this petition.","Please let the season 6 dancers go on tour. I so want to see Ashleigh, Ryan, and the rest of them dance in person. ","I support this petition.","I support this petition.","I support this petition.","I support this petition.","I support this petition and I want to have a chance of seeing the best dancers ever (season 6) perform live.","I support this petition.","I support this petition.","The Top 10 deserves it, they are amazing and have worked extremely hard to be where they are.  \r\nI support this petition. ","OF COURSE SEASON 6, SHOULD GET A TOUR! I was really looking forward to seeing the show and now I hear that there is not. No fair!!! Let those kids do what they on front of thousands of people. ","I support this petition. Russell Is My Homeboy; TGK^ GFam^","I support this petition.\r\nPlease let them tour...I will buy tickets and happily watch!!!!","I support this petition.","I support this petition!!!!! ","I support this petition.","I support this petition.","I support this petition.","I support this petition.","I support this petition.","I support this petition.","I support this petition.","I support this petition.","I support this petition.","I support this petition.","I support this petition.","I support this petition.","I support this petition. SEASON 6 STAND ALONE TOUR!!!","I support this petition.","I support this petition.","I support this petition.","I support this petition.\r\n...eventhough I won\\'t be able to see them anyway! It\\'s because they DESERVE it!","I support this petition.","I support this petition.","I support this petition.","I support this petition.","I support this petition.","I support this petition.","I support this petition.","I support this petition.","I support this petition.","I support this petition. I really enjoyed the 5alivers they were the best thing that ever happened to me! I want the same with season 6ers :)","I support this petition.","I support this petition.","I support this petition.","I support this petition.","I support this petition.","I support this petition."]}]}