{"title":"Allow Mountain Biking on Delaware Water Gap Trails","text":"\nFor many years, mountain bikes have been prohibited along the trails of the Delaware Water Gap.\r\n\r\nApparently guided by \"leave-no-trace\" principles, the National Park Service has labeled mountain bikers as vandals and destroyers of the environment. However, the opening of the McDade trail (which is the only trail in the entire park that allows cyclists) begs the question, how can the Park Service claim conservation while banning mountain bikes, all the while cutting a double wide trail through the forest? Continually, it has been said that mountain biking poses a danger to hikers and other patrons of the park. We ask, is my Specialized 10 speed really as dangerous as a hunters .307 caliber Remington?\r\n\r\nJust like hunting, mountain biking is an activity that, when practiced responsibly, can bring many benefits to the park and its patrons. Mountain bikers are not vandals, but individuals who respect their environment and look to better the world around them. \r\n\r\n\n----------------------------------------------------\nAdded by: pikebikeadvocate on June 17, 2010, 2:49:07 pm\n----------------------------------------------------\n\n\t\t\t\t\tFor many years, mountain bikes have been prohibited along the trails of the Delaware Water Gap.\r\n\r\nApparently guided by \"leave-no-trace\" principles, the National Park Service has labeled mountain bikers as vandals and destroyers of the environment. However, the opening of the McDade trail (which is the only trail in the entire park that allows cyclists) begs the question, how can the Park Service claim conservation while banning mountain bikes, all the while cutting a double wide trail through the forest? Continually, it has been said that mountain biking poses a danger to hikers and other patrons of the park. We ask, is my Specialized 10 speed really as dangerous as a hunters .307 caliber Remington?\r\n\r\nJust like hunting, mountain biking is an activity that, when practiced responsibly, can bring many benefits to the park and its patrons. Mountain bikers are not vandals, but individuals who respect their environment and look to better the world around them.\r\n      \n      ","author":"pikebikeadvocate","signatures":[{"link":"http://web.archive.org/web/20110520035318/http://www.petitionspot.com/petitions/watergap/signatures/1","comments":["I support this petition.","I support this petition.","I support this petition.","I support this petition.\r\nDavid Gamer","I support this petition.","I support this petition.","I support this petition.","I support this petition.","I support this petition.","I support this petition.","I support this petition.","I support this petition.","I support this petition.","I support this petition.","I support this petition.","I support this petition.","I support this petition.","70,000 Acres of National Park and only one (incomplete) trail for mountain bikers in the heart of the Pocono Mountains?  Should be the Mountain Bike Capital of the East Coast, just as Mill Valley is on the West Coast! Dept. of Interior needs to revisit this issue.","I support this petition. ","I support this petition.","I support this petition.","I support this petition.","I support this petition.","I support this petition.","I support this petition.","I support this petition. It is absurd and unfair to discriminate against mountain bikers - they have the same right to access as other responsible users of our PUBLIC lands.","I support this petition.","I support this petition.","I support this petition.","I support this petition.","I support this petition.","I support this petition.","I support mountain biking. If this area catered to mountain bikes you would bring huge numbers of active tourists to this area. Look at vermont, northern ca, oregon, washington. Places in the middle of nowhere with a higher tourist rate than milford...they\\'re doing something right. ","I support this petition.","I support this petition because I pay taxes and have every right to the trail that the horses, bikers, and hunters have.","I support this petition.","I support this petition.","I support this petition.","I support this petition.","I support this petition.","I support this petition.","I support this petition.","I support this petition.","I support this petition.","I support this petition.","I support this petition.","I support this petition.","I support this petition.","I support this petition.","I support this petition.","I support this petition.","I support this petition.","I support this petition.","I support this petition.","I support this petition.","I support this petition.","I support this petition.","I support this petition.","I support this petition.","I support this petition.","I support this petition.","I support this petition.","I support this petition.","I support this petition.","I support this petition.","I support this petition.","I support this petition.","I support this petition.","I support this petition.","I support this petition.","I support this petition.","I support this petition.","I support this petition.","I support this petition.","I support this petition.","I support this petition.","I support this petition.","I support this petition.","I support this petition.","I support this petition.","I support this petition.","I support this petition.","I support this petition.","I support this petition.","I support this petition.","I support this petition.","I support this petition.","I support this petition.","I support this petition.","I support this petition.","I support this petition.","I support this petition."]}]}