{"title":" A Xena Warrior Princess Movie","text":"\nThis petition is 4 fans of Xena Warrior Princess who would love 2 see a Xena Warrior Princess Movie in the works.Please sign this petition!!!!\n","author":"xenacullen","signatures":[{"link":"http://web.archive.org/web/20141014181925/http://www.petitionspot.com/petitions/xenacullen/signatures/1","comments":["I support this petition.","I support this petition.","I support this petition.Please give us a Xena movie.I lobe this show.","I support this petition.","I support this petition, because it is great idea. This show was about the first female hero, to reach icon status created on TV.  There is no doubt it will translate well to a new generation seeing women in a different light.  With the same actors, much like the star trek movies it can\\'t go wrong.","I support this petition.","I support this petition. I would love to see a Xena Movie","I support this petition.We desperately want it.A def.winner,good for the new fans and even better for the old ones.It looks like people are taking big interest in Greek and Roman history,just see series like Rome and Spartacus,movies like Clash of the Titans...etc...It would be a hit even as a tv or direct to dvd movie....","I support this petition.","I support this petition.","I support this petition.Veverkova","I support this petition.","I support this petition.","I support this petition.","I support this petition.","I support this petition.","I support this petition. \r\nxena is THE MEANING OF MY LIFE! i guess that makes me sound like a creepy obsessed fan... but a xena movie would make my life complete!","I support this petition.","I support this petition.","I support this petition.","I support this petition.","I support this petition.","I support this petition.","I support this petition.","I support this petition.","love the show with world loves super heroes xena will stand out make the tv show or movie didnot like ending . thanks","I support this petition.","I support this petition.","I support this petition.","I support this petition.","I support this petition...","it would be great to see a xena movie at the cinema","I support this petition.","I support this petition.","I support this petition! XENA RULES!!!!!","I support this petition.","I support this petition.","I support this petition.","I support this petition.","I support this petition.","I support this petition.","I support this petition.","I support this petition.","I support this petition.","I support this petition.","I support this petition.","I support this petition.","I support this petition.","I support this petition.","I support this petition.","I support this petition.","I support this petition.","I support this petition.","I support this petition.","I support this petition.","I support this petition.","I support this petition.","I support this petition.","I support this petition.","I support this petition.","I support this petition.","I support this petition.","I support this petition.","I support this petition.","I support this petition.","I support this petition.","I support this petition.","I support this petition.","I support this petition.","I support this petition.","I support this petition.","I support this petition.","I support this petition.","I support this petition.","I support this petition.","I support this petition."]}]}