[{"name":"Jr's Hometown Grill and Pub","phone":"5179204765","address":"1368 Division St","lat":41.87671325451395,"lng":-84.03381902890888,"city_fetched":"Adrian","state":"MI","country":"United States","canonicalUrl":"https://foursquare.com/v/jrs-hometown-grill-and-pub/4ba52e98f964a520b8e838e3","category":"Steakhouse","checkinsCount":1136,"usersCount":283,"tipCount":10,"visitsCount":1178,"url":"http://www.jrsgrillandpub.com","tier":2,"message":"Moderate","currency":"$","rating":7.5},{"name":"Fricker's","phone":"5172667991","address":"700-798 Michigan 52","lat":41.88855171203613,"lng":-84.04398,"city_fetched":"Adrian","state":"MI","country":"United States","canonicalUrl":"https://foursquare.com/v/frickers/4bea149da9900f4723321640","category":"Bar","checkinsCount":1343,"usersCount":495,"tipCount":15,"visitsCount":1564,"url":"http://frickers.com","tier":"","message":"","currency":"","rating":7.2}]