[{"name":"I Don't Know Sports Bar & Grill","phone":"8063317985","address":"1301 SW 6th Ave","lat":35.209461414717865,"lng":-101.85187714583996,"neighborhood":"Downtown Amarillo","city_fetched":"Amarillo","state":"TX","country":"United States","canonicalUrl":"https://foursquare.com/v/i-dont-know-sports-bar--grill/5138dce2e4b087036725a431","category":"American Restaurant","checkinsCount":622,"usersCount":435,"tipCount":20,"visitsCount":1086,"url":"http://www.idksportsbar.com","tier":2,"message":"Moderate","currency":"$","rating":9.1},{"name":"Crush Wine Bar & Deli","phone":"8064182011","twitter":"crushwinebar","address":"701 S Polk St","lat":35.20648263334454,"lng":-101.83710201413732,"neighborhood":"Downtown Amarillo","city_fetched":"Amarillo","state":"TX","country":"United States","canonicalUrl":"https://foursquare.com/v/crush-wine-bar--deli/4cdb6c4d930af04d10f08a97","category":"Wine Bar","checkinsCount":938,"usersCount":466,"tipCount":18,"visitsCount":1051,"url":"http://crushdeli-hub.com","tier":"","message":"","currency":"","rating":8.4},{"name":"Hummers","phone":"8063530723","address":"2600 Paramount Blvd","lat":35.185325590460266,"lng":-101.8745644390583,"city_fetched":"Amarillo","state":"TX","country":"United States","canonicalUrl":"https://foursquare.com/v/hummers/4ba7d676f964a520c7b739e3","category":"Sports Bar","checkinsCount":814,"usersCount":475,"tipCount":9,"visitsCount":1062,"tier":"","message":"","currency":"","rating":8.4},{"name":"The Big Texan Steak Ranch","phone":"8063726000","address":"7701 Interstate 40 Access Rd","lat":35.19351454251768,"lng":-101.75491905712563,"city_fetched":"Amarillo","state":"TX","country":"United States","canonicalUrl":"https://foursquare.com/v/the-big-texan-steak-ranch/4b8810bcf964a520fcdc31e3","category":"Steakhouse","checkinsCount":7918,"usersCount":7819,"tipCount":169,"visitsCount":9559,"url":"http://www.bigtexan.com","tier":2,"message":"Moderate","currency":"$","rating":8.2},{"name":"Golden Light Cantina","phone":"8063749237","address":"2906 SW 6th Ave","lat":35.21137547,"lng":-101.869101,"city_fetched":"Amarillo","state":"TX","country":"United States","canonicalUrl":"https://foursquare.com/v/golden-light-cantina/4b9b141ff964a52013f135e3","category":"Dive Bar","checkinsCount":1212,"usersCount":341,"tipCount":14,"visitsCount":1329,"url":"http://www.goldenlightcafe.com‎","tier":"","message":"","currency":"","rating":7.8},{"name":"R & R Bar","lat":35.210037,"lng":-101.865733,"city_fetched":"Amarillo","state":"TX","country":"United States","canonicalUrl":"https://foursquare.com/v/r--r-bar/5230fa2a11d2690d5d058160","category":"Bar","checkinsCount":442,"usersCount":100,"tipCount":6,"visitsCount":560,"tier":1,"message":"Cheap","currency":"$","rating":7.7},{"name":"Butlers","address":"703 S Polk St","lat":35.206173125233455,"lng":-101.8370519135862,"neighborhood":"Downtown Amarillo","city_fetched":"Amarillo","state":"TX","country":"United States","canonicalUrl":"https://foursquare.com/v/butlers/4c8ab9dc1eafb1f726057d35","category":"Cocktail Bar","checkinsCount":590,"usersCount":220,"tipCount":13,"visitsCount":620,"tier":"","message":"","currency":"","rating":7.6},{"name":"Leftwoods","lat":35.211257,"lng":-101.865824,"city_fetched":"Amarillo","state":"TX","country":"United States","canonicalUrl":"https://foursquare.com/v/leftwoods/4ec1e8cdf5b9abc8bce0774a","category":"Bar","checkinsCount":459,"usersCount":112,"tipCount":2,"visitsCount":490,"tier":"","message":"","currency":"","rating":7.4},{"name":"Texas Firehouse Sports Bar & Grill","phone":"8063511800","address":"3333 S Coulter St","lat":35.177978,"lng":-101.9198,"city_fetched":"Amarillo","state":"TX","country":"United States","canonicalUrl":"https://foursquare.com/v/texas-firehouse-sports-bar--grill/4b8a914cf964a520a07232e3","category":"Sports Bar","checkinsCount":931,"usersCount":537,"tipCount":18,"visitsCount":1223,"url":"http://www.txfirehouse.com","tier":2,"message":"Moderate","currency":"$","rating":7.3},{"name":"El Manantial","phone":"8063831877","address":"3823 E Amarillo Blvd","lat":35.22238790988922,"lng":-101.791183,"city_fetched":"Amarillo","state":"TX","country":"United States","canonicalUrl":"https://foursquare.com/v/el-manantial/4b9303acf964a520d52e34e3","category":"Mexican Restaurant","checkinsCount":137,"usersCount":152,"tipCount":3,"visitsCount":212,"url":"http://www.restaurantelmanantial.com","tier":"","message":"","currency":"","rating":7.1},{"name":"Beef 'O' Brady's","phone":"8063580997","twitter":"beefobrady","address":"7306 SW 34th Ave","lat":35.177631637951784,"lng":-101.92210456175002,"city_fetched":"Amarillo","state":"TX","country":"United States","canonicalUrl":"https://foursquare.com/v/beef-o-bradys/4bbd0e894e069c74d54b9ee3","category":"American Restaurant","checkinsCount":532,"usersCount":281,"tipCount":8,"visitsCount":765,"url":"http://www.beefobradys.com","tier":"","message":"","currency":"","rating":7.1},{"name":"Skooterz","phone":"8063556600","address":"4100-4198 W 7th Ave","lat":35.21006,"lng":-101.88360896,"city_fetched":"Amarillo","state":"TX","country":"United States","canonicalUrl":"https://foursquare.com/v/skooterz/4c26d3c43703d13a832ba636","category":"Bar","checkinsCount":108,"usersCount":88,"tipCount":3,"visitsCount":129,"url":"http://skooterzamarillo.com","tier":"","message":"","currency":"","rating":7},{"name":"7 Bar & Grill","phone":"8063582222","address":"3130 S Soncy Rd","lat":35.17916212892617,"lng":-101.9385726749897,"city_fetched":"Amarillo","state":"TX","country":"United States","canonicalUrl":"https://foursquare.com/v/7-bar--grill/4cf2ebac7bf3b60cbd61687f","category":"Sports Bar","checkinsCount":989,"usersCount":454,"tipCount":21,"visitsCount":1091,"url":"http://lucky7barandgrill.com","tier":"","message":"","currency":"","rating":6.9},{"name":"Comfort Inn & Suites","phone":"8063317829","address":"2101 E Interstate 40","lat":35.19385342595118,"lng":-101.8146927406838,"city_fetched":"Amarillo","state":"TX","country":"United States","canonicalUrl":"https://foursquare.com/v/comfort-inn--suites/4c32c56916adc928bcabc29c","category":"Hotel","checkinsCount":206,"usersCount":228,"tipCount":5,"visitsCount":323,"tier":"","message":"","currency":"","rating":6.8},{"name":"Amarillo Ranch RV Park","address":"1414 Sunrise Dr","lat":35.19475695030758,"lng":-101.77338222704984,"city_fetched":"Amarillo","state":"TX","country":"United States","canonicalUrl":"https://foursquare.com/v/amarillo-ranch-rv-park/4d69616b342b8cfa0c2bc82c","category":"Campground","checkinsCount":113,"usersCount":90,"tipCount":5,"visitsCount":168,"tier":"","message":"","currency":"","rating":6.7},{"name":"212 Club","phone":"8063727997","address":"212 6th Avenue","lat":35.20809395,"lng":-101.83902382,"neighborhood":"Downtown Amarillo","city_fetched":"Amarillo","state":"TX","country":"United States","canonicalUrl":"https://foursquare.com/v/212-club/4b69eb15f964a52012bc2be3","category":"Gay Bar","checkinsCount":739,"usersCount":168,"tipCount":5,"visitsCount":842,"tier":"","message":"","currency":"","rating":6.7},{"name":"Mulligans Sports Pub","phone":"8063678428","address":"2511 Paramount Blvd Unit B1","lat":35.186798561449564,"lng":-101.87236198468365,"city_fetched":"Amarillo","state":"TX","country":"United States","canonicalUrl":"https://foursquare.com/v/mulligans-sports-pub/4ba4092bf964a520397a38e3","category":"Sports Bar","checkinsCount":610,"usersCount":284,"tipCount":4,"visitsCount":792,"url":"http://mulligansamarillo.com","tier":"","message":"","currency":"","rating":6.4},{"name":"Pizza Hut","phone":"8063558288","twitter":"pizzahut","address":"6905 I-40 West","lat":35.18619657,"lng":-101.9159567,"city_fetched":"Amarillo","state":"TX","country":"United States","canonicalUrl":"https://foursquare.com/v/pizza-hut/4bb903bb53649c742b9d47fb","category":"Pizza Place","checkinsCount":394,"usersCount":161,"tipCount":4,"visitsCount":402,"url":"https://order.pizzahut.com","tier":1,"message":"Cheap","currency":"$","rating":6.3},{"name":"Guitars & Cadillacs","lat":35.1841871440998,"lng":-101.87887742721921,"city_fetched":"Amarillo","state":"TX","country":"United States","canonicalUrl":"https://foursquare.com/v/guitars--cadillacs/53117c27498e5540d92dc46b","category":"Bar","checkinsCount":61,"usersCount":70,"tipCount":0,"visitsCount":142,"tier":"","message":"","currency":"","rating":6.2},{"name":"Throwbacks Sports Bar","phone":"8064184482","address":"7150 Bell St","lat":35.132169,"lng":-101.902344,"city_fetched":"Amarillo","state":"TX","country":"United States","canonicalUrl":"https://foursquare.com/v/throwbacks-sports-bar/4da0e8cc2939b1f727dee956","category":"Sports Bar","checkinsCount":184,"usersCount":123,"tipCount":1,"visitsCount":205,"tier":"","message":"","currency":"","rating":6.1},{"name":"Hoots Pub","address":"2424 Hobbs Rd","lat":35.18602252006531,"lng":-101.88209474086761,"city_fetched":"Amarillo","state":"TX","country":"United States","canonicalUrl":"https://foursquare.com/v/hoots-pub/4ba42703f964a520eb8638e3","category":"Bar","checkinsCount":594,"usersCount":152,"tipCount":5,"visitsCount":621,"tier":"","message":"","currency":"","rating":6},{"name":"Midnight Rodeo Amarillo","phone":"8063587083","address":"4400 S Georgia St","lat":35.16491343946838,"lng":-101.86718889689459,"city_fetched":"Amarillo","state":"TX","country":"United States","canonicalUrl":"https://foursquare.com/v/midnight-rodeo-amarillo/4c244416c11dc9b652472524","category":"Nightclub","checkinsCount":421,"usersCount":342,"tipCount":2,"visitsCount":556,"url":"http://midnightrodeoamarillo.com","tier":"","message":"","currency":"","rating":5.8},{"name":"Bodega's","phone":"7097765578","address":"709 S Polk St","lat":35.20612835884094,"lng":-101.83703899383545,"neighborhood":"Downtown Amarillo","city_fetched":"Amarillo","state":"TX","country":"United States","canonicalUrl":"https://foursquare.com/v/bodegas/4c106fcdb93cc9b609d756e0","category":"Bar","checkinsCount":302,"usersCount":155,"tipCount":3,"visitsCount":303,"tier":"","message":"","currency":"","rating":5.8},{"name":"Duke Tracy's","phone":"8063510757","address":"3101 SW 26th Ave","lat":35.18531079345097,"lng":-101.87242403626442,"city_fetched":"Amarillo","state":"TX","country":"United States","canonicalUrl":"https://foursquare.com/v/duke-tracys/4baed0e0f964a5206eda3be3","category":"Bar","checkinsCount":246,"usersCount":104,"tipCount":6,"visitsCount":252,"tier":"","message":"","currency":"","rating":5.7}]