[{"name":"Welch Ave. Station","phone":"5152922334","address":"207 Welch Ave","lat":42.020956025712614,"lng":-93.65050792694092,"neighborhood":"South Campus Area","city_fetched":"Ames","state":"IA","country":"United States","canonicalUrl":"https://foursquare.com/v/welch-ave-station/4b43c7c3f964a520a5e925e3","category":"Bar","checkinsCount":9937,"usersCount":1738,"tipCount":31,"visitsCount":10323,"url":"http://welchavestation.com","tier":1,"message":"Cheap","currency":"$","rating":9.1},{"name":"Dublin Bay Irish Pub & Grill","phone":"5159563580","twitter":"dublinbaypub","address":"320 South 16th Street","lat":42.00838,"lng":-93.613844,"neighborhood":"South Ames Business","city_fetched":"Ames","state":"IA","country":"United States","canonicalUrl":"https://foursquare.com/dublinbaypub","category":"Restaurant","checkinsCount":3403,"usersCount":1581,"tipCount":38,"visitsCount":3768,"url":"http://www.dublinbayames.com","tier":2,"message":"Moderate","currency":"$","rating":8.7},{"name":"Cafe Beaudelaire","phone":"5152927429","address":"2504 Lincoln Way","lat":42.02275815747147,"lng":-93.65045982660618,"neighborhood":"South Campus Area","city_fetched":"Ames","state":"IA","country":"United States","canonicalUrl":"https://foursquare.com/v/cafe-beaudelaire/4b450bd9f964a520570226e3","category":"Bar","checkinsCount":3637,"usersCount":1379,"tipCount":43,"visitsCount":4137,"url":"http://cafebeaudelaire.com","tier":2,"message":"Moderate","currency":"$","rating":8.7},{"name":"Della Viti","phone":"5152320241","address":"323 Main St, Ames, IA 50010","lat":42.025086619623906,"lng":-93.61477799069988,"neighborhood":"Downtown Ames","city_fetched":"Ames","state":"IA","country":"United States","canonicalUrl":"https://foursquare.com/v/della-viti/4f31f40de4b0d8fc0acaff0f","category":"Wine Bar","checkinsCount":869,"usersCount":420,"tipCount":4,"visitsCount":930,"url":"http://dellavitiames.com","tier":"","message":"","currency":"","rating":8.6},{"name":"Mucky Duck Pub","lat":41.99477672554035,"lng":-93.60985152140958,"neighborhood":"South Ames Business","city_fetched":"Ames","state":"IA","country":"United States","canonicalUrl":"https://foursquare.com/v/mucky-duck-pub/523a4b00498ec1be8ca4efef","category":"Fish & Chips Shop","checkinsCount":600,"usersCount":321,"tipCount":20,"visitsCount":846,"tier":2,"message":"Moderate","currency":"$","rating":8.4},{"name":"Old Chicago","phone":"5152326900","address":"1610 S Kellogg Ave","lat":42.007484696941155,"lng":-93.61096438640892,"neighborhood":"South Ames Business","city_fetched":"Ames","state":"IA","country":"United States","canonicalUrl":"https://foursquare.com/v/old-chicago/4b46200df964a5203d1726e3","category":"Pizza Place","checkinsCount":8234,"usersCount":2248,"tipCount":43,"visitsCount":8915,"url":"http://oldchicago.com","tier":2,"message":"Moderate","currency":"$","rating":8.3},{"name":"Es Tas Sports Bar and Grill","twitter":"estasbargrill","address":"216 Stanton Ave","lat":42.02091218820747,"lng":-93.64838898181915,"neighborhood":"South Campus Area","city_fetched":"Ames","state":"IA","country":"United States","canonicalUrl":"https://foursquare.com/estasbargrill","category":"Bar","checkinsCount":8052,"usersCount":1535,"tipCount":23,"visitsCount":8485,"tier":1,"message":"Cheap","currency":"$","rating":8.3},{"name":"Maintenance Shop","phone":"5152943847","twitter":"iowastateu","address":"2229 Lincoln Way","lat":42.02402258345572,"lng":-93.6463478207588,"neighborhood":"Iowa State University","city_fetched":"Ames","state":"IA","country":"United States","canonicalUrl":"https://foursquare.com/v/maintenance-shop/4b44db7bf964a5205dfe25e3","category":"Rock Club","checkinsCount":1425,"usersCount":493,"tipCount":5,"visitsCount":1439,"url":"http://www.iastate.edu","tier":"","message":"","currency":"","rating":8.3},{"name":"Hilton Garden Inn","phone":"5152338000","address":"1325 Dickinson Ave","lat":42.01075573333333,"lng":-93.682966,"city_fetched":"Ames","state":"IA","country":"United States","canonicalUrl":"https://foursquare.com/v/hilton-garden-inn/4b58e5d1f964a5208f7128e3","category":"Hotel","checkinsCount":1541,"usersCount":730,"tipCount":14,"visitsCount":1906,"tier":"","message":"","currency":"","rating":8.1},{"name":"Blue Owl Bar","address":"223 Welch Ave","lat":42.0203020047867,"lng":-93.65030637671745,"neighborhood":"South Campus Area","city_fetched":"Ames","state":"IA","country":"United States","canonicalUrl":"https://foursquare.com/v/blue-owl-bar/522a642c11d2be370ea613d4","category":"Bar","checkinsCount":208,"usersCount":88,"tipCount":5,"visitsCount":212,"tier":"","message":"","currency":"","rating":8},{"name":"London Underground","phone":"5152332040","address":"212 Main St","lat":42.02509312009487,"lng":-93.61248286862516,"neighborhood":"Downtown Ames","city_fetched":"Ames","state":"IA","country":"United States","canonicalUrl":"https://foursquare.com/v/london-underground/4b44d44df964a52071fd25e3","category":"Bar","checkinsCount":3461,"usersCount":905,"tipCount":15,"visitsCount":3829,"tier":"","message":"","currency":"","rating":7.8},{"name":"Shogun","phone":"5152928282","address":"3704 Lincoln Way","lat":42.02159365873472,"lng":-93.66846263408661,"city_fetched":"Ames","state":"IA","country":"United States","canonicalUrl":"https://foursquare.com/v/shogun/4b47a286f964a5205b3826e3","category":"Sushi Restaurant","checkinsCount":828,"usersCount":319,"tipCount":19,"visitsCount":843,"tier":2,"message":"Moderate","currency":"$","rating":7.7},{"name":"Applebee's","phone":"5152336452","twitter":"applebees","address":"105 Chestnut St","lat":42.01196834,"lng":-93.61086148,"neighborhood":"South Ames Business","city_fetched":"Ames","state":"IA","country":"United States","canonicalUrl":"https://foursquare.com/v/applebees/4b43c669f964a5206ee925e3","category":"American Restaurant","checkinsCount":3849,"usersCount":1735,"tipCount":13,"visitsCount":4494,"url":"http://restaurants.applebees.com/ia/ames/105-chestnut.html","tier":2,"message":"Moderate","currency":"$","rating":7.6},{"name":"Whiskey River","phone":"5156124949","address":"132 Main St.","lat":42.024942,"lng":-93.61190842,"neighborhood":"Downtown Ames","city_fetched":"Ames","state":"IA","country":"United States","canonicalUrl":"https://foursquare.com/v/whiskey-river/4beb9601b3352d7f7ab456d2","category":"Dive Bar","checkinsCount":2808,"usersCount":1026,"tipCount":11,"visitsCount":3024,"url":"http://www.foundersirishpub.com/‎","tier":2,"message":"Moderate","currency":"$","rating":7.6},{"name":"DG's Tap House","phone":"5152321528","twitter":"dgstaphouse","address":"127 Main St","lat":42.02523825442086,"lng":-93.61176566446731,"neighborhood":"Downtown Ames","city_fetched":"Ames","state":"IA","country":"United States","canonicalUrl":"https://foursquare.com/v/dgs-tap-house/4b44131ef964a52015f125e3","category":"Rock Club","checkinsCount":1467,"usersCount":592,"tipCount":10,"visitsCount":1495,"tier":"","message":"","currency":"","rating":7.6},{"name":"Olde Main Brewing Co.","phone":"5152320553","twitter":"oldemain","address":"316 Main St","lat":42.02495014064236,"lng":-93.61468002697397,"neighborhood":"Downtown Ames","city_fetched":"Ames","state":"IA","country":"United States","canonicalUrl":"https://foursquare.com/v/olde-main-brewing-co/4b43b3d4f964a520f1e625e3","category":"Brewery","checkinsCount":6713,"usersCount":2456,"tipCount":42,"visitsCount":6888,"url":"http://www.oldemainbrewing.com","tier":2,"message":"Moderate","currency":"$","rating":7.6},{"name":"Ge-Angelo's Italian Restaurant","phone":"5152330959","address":"823 Wheeler St","lat":42.05484830048165,"lng":-93.62294532000823,"neighborhood":"North Ames","city_fetched":"Ames","state":"IA","country":"United States","canonicalUrl":"https://foursquare.com/v/geangelos-italian-restaurant/4b47a148f964a520273826e3","category":"Italian Restaurant","checkinsCount":489,"usersCount":189,"tipCount":9,"visitsCount":503,"url":"http://geangelos.com","tier":2,"message":"Moderate","currency":"$","rating":7.4},{"name":"Outlaws","phone":"5152929671","address":"2522 Chamberlain St","lat":42.0212471,"lng":-93.6512,"neighborhood":"South Campus Area","city_fetched":"Ames","state":"IA","country":"United States","canonicalUrl":"https://foursquare.com/v/outlaws/4b479dbcf964a520873726e3","category":"Nightclub","checkinsCount":1294,"usersCount":494,"tipCount":3,"visitsCount":1347,"tier":2,"message":"Moderate","currency":"$","rating":7.4},{"name":"Mickey's Irish Pub","phone":"5152927378","twitter":"mickeysinames","address":"109 Welch Ave","lat":42.02236353333333,"lng":-93.650489,"neighborhood":"South Campus Area","city_fetched":"Ames","state":"IA","country":"United States","canonicalUrl":"https://foursquare.com/mickeysinames","category":"Bar","checkinsCount":4876,"usersCount":1104,"tipCount":10,"visitsCount":4909,"tier":2,"message":"Moderate","currency":"$","rating":7.4},{"name":"Deano's 119 Main","phone":"5152333910","address":"119 Main St","lat":42.02524226,"lng":-93.611505,"neighborhood":"Downtown Ames","city_fetched":"Ames","state":"IA","country":"United States","canonicalUrl":"https://foursquare.com/v/deanos-119-main/4b44daaff964a5203ffe25e3","category":"Dive Bar","checkinsCount":358,"usersCount":147,"tipCount":6,"visitsCount":358,"tier":"","message":"","currency":"","rating":7.3},{"name":"Wallaby's","address":"2733 Stange Rd","lat":42.050282,"lng":-93.645324,"city_fetched":"Ames","state":"IA","country":"United States","canonicalUrl":"https://foursquare.com/v/wallabys/54668318498ebc9787e0bead","category":"Sports Bar","checkinsCount":368,"usersCount":357,"tipCount":4,"visitsCount":650,"tier":"","message":"","currency":"","rating":7.3},{"name":"Sips","phone":"5152926887","address":"126 Welch Ave","lat":42.02172102771043,"lng":-93.64993512891871,"neighborhood":"South Campus Area","city_fetched":"Ames","state":"IA","country":"United States","canonicalUrl":"https://foursquare.com/v/sips/4b479df1f964a520933726e3","category":"Nightclub","checkinsCount":1901,"usersCount":640,"tipCount":4,"visitsCount":1916,"tier":"","message":"","currency":"","rating":7.2},{"name":"Chicha Shack","phone":"5152929653","address":"2418 Lincoln Way","lat":42.02171584516748,"lng":-93.65025192686922,"neighborhood":"South Campus Area","city_fetched":"Ames","state":"IA","country":"United States","canonicalUrl":"https://foursquare.com/v/chicha-shack/4b465e69f964a520ef1e26e3","category":"Hookah Bar","checkinsCount":1199,"usersCount":330,"tipCount":5,"visitsCount":1206,"url":"http://www.chichashack.com","tier":"","message":"","currency":"","rating":7.1},{"name":"5 And Dime","lat":42.026030230509186,"lng":-93.61124136997205,"neighborhood":"Downtown Ames","city_fetched":"Ames","state":"Iowa","country":"United States","canonicalUrl":"https://foursquare.com/v/5-and-dime/4d69c136b6f46dcb807627b2","category":"Dive Bar","checkinsCount":763,"usersCount":177,"tipCount":1,"visitsCount":870,"tier":"","message":"","currency":"","rating":7.1},{"name":"AJ's Ultra Lounge","lat":42.021542157168945,"lng":-93.64886595053426,"neighborhood":"South Campus Area","city_fetched":"Ames","state":"IA","country":"United States","canonicalUrl":"https://foursquare.com/v/ajs-ultra-lounge/508a1049e4b0167a9c6609ba","category":"Lounge","checkinsCount":479,"usersCount":209,"tipCount":3,"visitsCount":518,"tier":"","message":"","currency":"","rating":7}]