[{"name":"Moose's Tooth Pub & Pizzeria","phone":"9072582537","twitter":"moosestooth","address":"3300 Old Seward Hwy","lat":61.19045970000001,"lng":-149.8690459,"neighborhood":"Midtown","city_fetched":"Anchorage","state":"AK","country":"United States","canonicalUrl":"https://foursquare.com/v/mooses-tooth-pub--pizzeria/4b396e16f964a5207a5c25e3","category":"Pizza Place","checkinsCount":8832,"usersCount":5050,"tipCount":135,"visitsCount":10818,"url":"http://www.moosestooth.net","tier":2,"message":"Moderate","currency":"$","rating":9.5},{"name":"Bear Tooth Grill","phone":"9072764200","twitter":"beartthgrill","address":"1230 W 27th Ave","lat":61.19602,"lng":-149.907501,"neighborhood":"Downtown Spenard","city_fetched":"Anchorage","state":"AK","country":"United States","canonicalUrl":"https://foursquare.com/v/bear-tooth-grill/4b47b7f5f964a520c23b26e3","category":"Lounge","checkinsCount":4380,"usersCount":1582,"tipCount":40,"visitsCount":4716,"url":"http://beartoothgrill.freshalepubs.com","tier":"","message":"","currency":"","rating":9.3},{"name":"Glacier BrewHouse","phone":"9072742739","twitter":"gbrewhouseak","address":"737 W 5th Ave Ste 110","lat":61.21779781498625,"lng":-149.89691376686096,"neighborhood":"Downtown Anchorage","city_fetched":"Anchorage","state":"AK","country":"United States","canonicalUrl":"https://foursquare.com/v/glacier-brewhouse/4b51742af964a5209b4d27e3","category":"Brewery","checkinsCount":7014,"usersCount":5150,"tipCount":121,"visitsCount":8165,"url":"http://www.glacierbrewhouse.com","tier":2,"message":"Moderate","currency":"$","rating":9.1},{"name":"Midnight Sun Brewing Company","phone":"9073441179","twitter":"midsunbrewing","address":"8111 Dimond Hook Dr","lat":61.147372598966335,"lng":-149.84442235629913,"neighborhood":"Abbott Loop","city_fetched":"Anchorage","state":"AK","country":"United States","canonicalUrl":"https://foursquare.com/v/midnight-sun-brewing-company/4b58d0c0f964a5209d6c28e3","category":"Brewery","checkinsCount":2084,"usersCount":949,"tipCount":33,"visitsCount":2442,"url":"http://midnightsunbrewing.com","tier":2,"message":"Moderate","currency":"$","rating":8.9},{"name":"Humpy's Great Alaskan Alehouse","phone":"9072762337","twitter":"humpysalehouse","address":"610 W 6th Ave","lat":61.2163591247787,"lng":-149.8941457271576,"neighborhood":"Downtown Anchorage","city_fetched":"Anchorage","state":"AK","country":"United States","canonicalUrl":"https://foursquare.com/v/humpys-great-alaskan-alehouse/4f9ab1d7d4f2465542bc6541","category":"Bar","checkinsCount":7701,"usersCount":4167,"tipCount":93,"visitsCount":8504,"url":"http://humpys.com/anc/","tier":2,"message":"Moderate","currency":"$","rating":8.9},{"name":"Crow's Nest","phone":"9073432217","address":"939 W 5th Ave","lat":61.21783800371043,"lng":-149.89971751455235,"neighborhood":"Downtown Anchorage","city_fetched":"Anchorage","state":"AK","country":"United States","canonicalUrl":"https://foursquare.com/v/crows-nest/4b6800bff964a52091632be3","category":"Seafood Restaurant","checkinsCount":1021,"usersCount":507,"tipCount":29,"visitsCount":1029,"url":"http://www.captaincook.com/dining/crows-nest","tier":3,"message":"Expensive","currency":"$","rating":8.8},{"name":"49th State Brewing","phone":"9072777727","address":"717 W 3rd Ave","lat":61.21969552422831,"lng":-149.89594087614455,"neighborhood":"Downtown Anchorage","city_fetched":"Anchorage","state":"AK","country":"United States","canonicalUrl":"https://foursquare.com/v/49th-state-brewing/56b186ed498e3fa714a5645b","category":"Brewery","checkinsCount":181,"usersCount":200,"tipCount":3,"visitsCount":258,"url":"https://www.49statebrewing.com","tier":"","message":"","currency":"","rating":8.7},{"name":"Anchorage Brewing Company","phone":"9073605104","address":"148 W 91st Ave","lat":61.138442217900675,"lng":-149.88171604773407,"neighborhood":"Taku - Campbell","city_fetched":"Anchorage","state":"AK","country":"United States","canonicalUrl":"https://foursquare.com/v/anchorage-brewing-company/55125be6498e7f54c821137e","category":"Brewery","checkinsCount":128,"usersCount":140,"tipCount":4,"visitsCount":239,"tier":"","message":"","currency":"","rating":8.7},{"name":"Ginger","phone":"9079293680","twitter":"gingerak","address":"425 W 5th Ave","lat":61.217671036720276,"lng":-149.89059448242188,"neighborhood":"Downtown Anchorage","city_fetched":"Anchorage","state":"AK","country":"United States","canonicalUrl":"https://foursquare.com/v/ginger/4b67faeef964a520cb622be3","category":"Asian Restaurant","checkinsCount":1634,"usersCount":883,"tipCount":34,"visitsCount":1811,"url":"http://gingeralaska.com","tier":2,"message":"Moderate","currency":"$","rating":8.5},{"name":"Bernie's Bungalow Lounge","phone":"9072768808","address":"626 D St","lat":61.21583917532223,"lng":-149.88973428968623,"neighborhood":"Downtown Anchorage","city_fetched":"Anchorage","state":"AK","country":"United States","canonicalUrl":"https://foursquare.com/v/bernies-bungalow-lounge/4a98cf23f964a520412d20e3","category":"Cocktail Bar","checkinsCount":2416,"usersCount":885,"tipCount":11,"visitsCount":2786,"url":"http://www.berniesak.com","tier":"","message":"","currency":"","rating":8.3},{"name":"King Street Brewery","phone":"9073365464","address":"7924 King St","lat":61.14899444580078,"lng":-149.87847900390625,"neighborhood":"Dimond Center","city_fetched":"Anchorage","state":"AK","country":"United States","canonicalUrl":"https://foursquare.com/v/king-street-brewery/4edacbe4e300851bfa0f780f","category":"Brewery","checkinsCount":421,"usersCount":212,"tipCount":6,"visitsCount":556,"url":"http://www.kingstreetbrewing.com","tier":1,"message":"Cheap","currency":"$","rating":8.2},{"name":"F St Station","phone":"9072725196","address":"325 F St","lat":61.21882410065555,"lng":-149.89365392625731,"neighborhood":"Downtown Anchorage","city_fetched":"Anchorage","state":"AK","country":"United States","canonicalUrl":"https://foursquare.com/v/f-st-station/4a66c2c4f964a520d4c81fe3","category":"Pub","checkinsCount":2844,"usersCount":1278,"tipCount":40,"visitsCount":3196,"tier":2,"message":"Moderate","currency":"$","rating":8.2},{"name":"Suite 100 Restaurant, Bar & Lounge","phone":"9073411000","address":"1000 E. Dimond Blvd","lat":61.14415973433682,"lng":-149.86281108465576,"neighborhood":"Taku - Campbell","city_fetched":"Anchorage","state":"AK","country":"United States","canonicalUrl":"https://foursquare.com/v/suite-100-restaurant-bar--lounge/4b303017f964a52087f724e3","category":"Restaurant","checkinsCount":902,"usersCount":467,"tipCount":15,"visitsCount":1018,"url":"http://suite100.com","tier":2,"message":"Moderate","currency":"$","rating":8.1},{"name":"Tap Root","phone":"9073450282","twitter":"taprootak","address":"3300 Spenard Rd","lat":61.190152517656955,"lng":-149.90823804823077,"neighborhood":"Spenard","city_fetched":"Anchorage","state":"AK","country":"United States","canonicalUrl":"https://foursquare.com/v/tap-root/4bf19f2a324cc9b6c541cc92","category":"Bar","checkinsCount":1306,"usersCount":662,"tipCount":21,"visitsCount":1628,"url":"http://taprootalaska.com","tier":2,"message":"Moderate","currency":"$","rating":8},{"name":"Long Branch Saloon","phone":"9073494142","address":"1737 E Dimond Cir","lat":61.145088909062096,"lng":-149.8493206501007,"neighborhood":"Abbott Loop","city_fetched":"Anchorage","state":"AK","country":"United States","canonicalUrl":"https://foursquare.com/v/long-branch-saloon/4bdf9edf6198c9b667fc17ff","category":"Burger Joint","checkinsCount":563,"usersCount":381,"tipCount":13,"visitsCount":727,"tier":"","message":"","currency":"","rating":8},{"name":"Aurora Bar And Grill","phone":"9077542186","address":"1000 Arlberg Ave","lat":60.97019242268117,"lng":-149.09804423375292,"neighborhood":"Alyeska","city_fetched":"Anchorage","state":"AK","country":"United States","canonicalUrl":"https://foursquare.com/v/aurora-bar-and-grill/4c3ab828d94dc9b6a6b8fee7","category":"Hotel Bar","checkinsCount":373,"usersCount":265,"tipCount":8,"visitsCount":373,"tier":"","message":"","currency":"","rating":7.9},{"name":"Sullivan's Steakhouse","phone":"9072582882","twitter":"sullivanssteak","address":"320 W 5th Ave","lat":61.21738467330263,"lng":-149.88758429046743,"neighborhood":"Downtown Anchorage","city_fetched":"Anchorage","state":"AK","country":"United States","canonicalUrl":"https://foursquare.com/v/sullivans-steakhouse/4b67fb3bf964a520d7622be3","category":"Steakhouse","checkinsCount":1710,"usersCount":734,"tipCount":18,"visitsCount":1759,"url":"http://www.sullivansteakhouse.com","tier":4,"message":"Very Expensive","currency":"$","rating":7.8},{"name":"Mad Myrna's","phone":"9072769762","address":"530 E 5th Ave","lat":61.217398,"lng":-149.873783,"neighborhood":"Downtown Anchorage","city_fetched":"Anchorage","state":"AK","country":"United States","canonicalUrl":"https://foursquare.com/v/mad-myrnas/4b67f97df964a52095622be3","category":"Gay Bar","checkinsCount":2432,"usersCount":699,"tipCount":19,"visitsCount":2726,"url":"http://madmyrnas.com","tier":"","message":"","currency":"","rating":7.8},{"name":"Resolution Brewing Co.","phone":"9077207964","twitter":"chugach_brewing","address":"3024 Mountain View Dr","lat":61.219566798346094,"lng":-149.82295657650926,"neighborhood":"Mountain View","city_fetched":"Anchorage","state":"AK","country":"United States","canonicalUrl":"https://foursquare.com/v/resolution-brewing-co/5505b8bd498e47cb20e3f909","category":"Brewery","checkinsCount":66,"usersCount":78,"tipCount":2,"visitsCount":119,"tier":"","message":"","currency":"","rating":7.7},{"name":"Darwin's Theory","phone":"9072775322","address":"426 G St","lat":61.21796828379516,"lng":-149.89580869674683,"neighborhood":"Downtown Anchorage","city_fetched":"Anchorage","state":"AK","country":"United States","canonicalUrl":"https://foursquare.com/v/darwins-theory/4b52bb23f964a520f98627e3","category":"Dive Bar","checkinsCount":1475,"usersCount":782,"tipCount":15,"visitsCount":1564,"tier":"","message":"","currency":"","rating":7.7},{"name":"Chilkoot Charlie's","phone":"9072791692","twitter":"koots","address":"2435 Spenard Rd","lat":61.19823579244308,"lng":-149.90473042023723,"neighborhood":"Downtown Spenard","city_fetched":"Anchorage","state":"AK","country":"United States","canonicalUrl":"https://foursquare.com/v/chilkoot-charlies/4b4c4fb8f964a520d1b026e3","category":"Bar","checkinsCount":3216,"usersCount":1050,"tipCount":18,"visitsCount":3677,"url":"http://www.koots.com","tier":2,"message":"Moderate","currency":"$","rating":7.6},{"name":"Fletcher's","phone":"9072766000","twitter":"captaincook","address":"939 W 5th Ave","lat":61.217871192856116,"lng":-149.9000436506793,"neighborhood":"Downtown Anchorage","city_fetched":"Anchorage","state":"AK","country":"United States","canonicalUrl":"https://foursquare.com/v/fletchers/4b6800e7f964a52097632be3","category":"American Restaurant","checkinsCount":873,"usersCount":381,"tipCount":10,"visitsCount":876,"url":"http://www.captaincook.com/restaurants.php","tier":4,"message":"Very Expensive","currency":"$","rating":7.6},{"name":"Pubhouse","phone":"9072228787","twitter":"pubhouseak","address":"1200 L St","lat":61.210130232645426,"lng":-149.90264782131172,"city_fetched":"Anchorage","state":"AK","country":"United States","canonicalUrl":"https://foursquare.com/pubhouseak","category":"Gastropub","checkinsCount":122,"usersCount":42,"tipCount":4,"visitsCount":122,"url":"http://www.inlettower.com/anchorage-dining.htm","tier":2,"message":"Moderate","currency":"$","rating":7.5},{"name":"Crush Wine Bistro & Cellar","phone":"9078659198","address":"343 W 6th Ave","lat":61.216710408886385,"lng":-149.88911658525467,"neighborhood":"Downtown Anchorage","city_fetched":"Anchorage","state":"AK","country":"United States","canonicalUrl":"https://foursquare.com/v/crush-wine-bistro--cellar/4b46a1a8f964a520e82526e3","category":"Wine Bar","checkinsCount":1405,"usersCount":535,"tipCount":12,"visitsCount":1449,"url":"http://crushak.com","tier":2,"message":"Moderate","currency":"$","rating":7.5},{"name":"TGI Fridays","phone":"9075638443","twitter":"tgifridays","address":"190 W Tudor Rd","lat":61.18027617,"lng":-149.8854193,"neighborhood":"Midtown","city_fetched":"Anchorage","state":"AK","country":"United States","canonicalUrl":"https://foursquare.com/v/tgi-fridays/509d636d5d2463e87154804d","category":"American Restaurant","checkinsCount":2021,"usersCount":1064,"tipCount":27,"visitsCount":2510,"url":"http://tgifridays.com","tier":2,"message":"Moderate","currency":"$","rating":7.4},{"name":"Kincaid Grill","phone":"9072430507","address":"6700 Jewel Lake Rd","lat":61.15988818621907,"lng":-149.9527675013676,"neighborhood":"Sand Lake","city_fetched":"Anchorage","state":"AK","country":"United States","canonicalUrl":"https://foursquare.com/v/kincaid-grill/4bad9075f964a520da5b3be3","category":"Seafood Restaurant","checkinsCount":194,"usersCount":134,"tipCount":5,"visitsCount":240,"url":"http://www.kincaidgrill.com","tier":"","message":"","currency":"","rating":7.3},{"name":"The Fancy Moose","phone":"9072437596","twitter":"millenniumpr","address":"4800 Spenard Rd","lat":61.177583,"lng":-149.94266152381897,"neighborhood":"Spenard","city_fetched":"Anchorage","state":"AK","country":"United States","canonicalUrl":"https://foursquare.com/v/the-fancy-moose/4b5be13df964a520611b29e3","category":"Hotel Bar","checkinsCount":530,"usersCount":308,"tipCount":6,"visitsCount":536,"url":"http://www.millenniumhotels.com/millenniumanchorage/dining/bars/fancy-moose-lounge.html","tier":"","message":"","currency":"","rating":7.2},{"name":"SubZero Microlounge","phone":"9072762337","address":"612 F St","lat":61.21616847252721,"lng":-149.89315304770156,"neighborhood":"Downtown Anchorage","city_fetched":"Anchorage","state":"AK","country":"United States","canonicalUrl":"https://foursquare.com/v/subzero-microlounge/4bf8e10b8d30d13aa77c0118","category":"Cocktail Bar","checkinsCount":1831,"usersCount":498,"tipCount":22,"visitsCount":1841,"url":"http://subzerolounge.com/anchorage_ak/","tier":"","message":"","currency":"","rating":7.2},{"name":"Mo's O'Brady's Burgers and Brew","phone":"9073381080","twitter":"mosobradys","address":"1501 Huffman Rd","lat":61.11038551232166,"lng":-149.85471018938844,"neighborhood":"Huffman Business Park","city_fetched":"Anchorage","state":"AK","country":"United States","canonicalUrl":"https://foursquare.com/v/mos-obradys-burgers-and-brew/4bfafc9665fbc9b610d0906c","category":"Pub","checkinsCount":850,"usersCount":183,"tipCount":6,"visitsCount":939,"tier":"","message":"","currency":"","rating":7.2},{"name":"The E.R. Restaurant And Ale House","phone":"9076963000","address":"11901 Old Glenn Hwy","lat":61.32797556466401,"lng":-149.568589925766,"neighborhood":"Downtown Eagle River","city_fetched":"Anchorage","state":"AK","country":"United States","canonicalUrl":"https://foursquare.com/v/the-er-restaurant-and-ale-house/4e16175d45ddafda4c03100b","category":"Sports Bar","checkinsCount":738,"usersCount":446,"tipCount":12,"visitsCount":1033,"url":"http://er-alehouse.com","tier":"","message":"","currency":"","rating":7.1},{"name":"The S Lounge","phone":"9072222996","address":"720 Gambell St","lat":61.21540976372525,"lng":-149.8715023140368,"neighborhood":"Downtown Anchorage","city_fetched":"Anchorage","state":"AK","country":"United States","canonicalUrl":"https://foursquare.com/v/the-s-lounge/4e37a7b4b0fbcceaf0e30b69","category":"Bar","checkinsCount":133,"usersCount":55,"tipCount":5,"visitsCount":133,"tier":"","message":"","currency":"","rating":7.1},{"name":"Crossroads Lounge","phone":"9072797218","address":"1402 Gambell St","lat":61.208494,"lng":-149.87151861190796,"neighborhood":"North Star","city_fetched":"Anchorage","state":"AK","country":"United States","canonicalUrl":"https://foursquare.com/v/crossroads-lounge/4b88f3eef964a5200f1532e3","category":"Bar","checkinsCount":527,"usersCount":158,"tipCount":6,"visitsCount":592,"tier":"","message":"","currency":"","rating":7},{"name":"The Sitzmark","phone":"9077542256","twitter":"resortalyeska","address":"194 Olympic Mountain Loop","lat":60.96036698062893,"lng":-149.10786549940116,"neighborhood":"Alyeska","city_fetched":"Anchorage","state":"AK","country":"United States","canonicalUrl":"https://foursquare.com/v/the-sitzmark/4b34161ff964a520e32425e3","category":"Apres Ski Bar","checkinsCount":621,"usersCount":346,"tipCount":5,"visitsCount":724,"url":"http://www.alyeskaresort.com","tier":"","message":"","currency":"","rating":7},{"name":"McGinley's Pub","phone":"9072791782","address":"645 G St","lat":61.21564267771958,"lng":-149.89577333470578,"neighborhood":"Downtown Anchorage","city_fetched":"Anchorage","state":"AK","country":"United States","canonicalUrl":"https://foursquare.com/v/mcginleys-pub/4b502283f964a5204d1d27e3","category":"Pub","checkinsCount":2300,"usersCount":825,"tipCount":19,"visitsCount":2462,"url":"http://www.mcginleyspub.com","tier":2,"message":"Moderate","currency":"$","rating":7}]