[{"name":"Texas Rib & BBQ","phone":"3018770323","address":"7705 Old Branch Ave","lat":38.784308623124936,"lng":-76.89860284149174,"city_fetched":"Andrews","state":"MD","country":"United States","canonicalUrl":"https://foursquare.com/v/texas-rib--bbq/4bd244439854d13a4d69fb4d","category":"BBQ Joint","checkinsCount":737,"usersCount":443,"tipCount":13,"visitsCount":827,"url":"http://texasribsandbbq.com","tier":2,"message":"Moderate","currency":"$","rating":7.1},{"name":"The Hideaway Lounge","phone":"3018561158","twitter":"hideawaypizza","address":"6421 Old Alexandria Ferry Rd","lat":38.78486467092333,"lng":-76.89553946256638,"city_fetched":"Andrews","state":"MD","country":"United States","canonicalUrl":"https://foursquare.com/v/the-hideaway-lounge/4bb6bfb0f562ef3b62b43097","category":"American Restaurant","checkinsCount":1113,"usersCount":394,"tipCount":22,"visitsCount":1664,"url":"http://www.thehideawaylounge.com","tier":"","message":"","currency":"","rating":6.9}]