[{"name":"Fort George Brewery & Public House","phone":"5033257468","twitter":"fortgeorgebeer","address":"1483 Duane St","lat":46.188428298891175,"lng":-123.8276168304015,"city_fetched":"Astoria","state":"OR","country":"United States","canonicalUrl":"https://foursquare.com/v/fort-george-brewery--public-house/4b52340cf964a520a96f27e3","category":"Brewery","checkinsCount":5365,"usersCount":3723,"tipCount":82,"visitsCount":6014,"url":"http://fortgeorgebrewery.com","tier":2,"message":"Moderate","currency":"$","rating":9.2},{"name":"Fort George Lovell Brewery & Taproom","twitter":"fortgeorgebeer","address":"426 14th St","lat":46.18839964156795,"lng":-123.8281170451326,"city_fetched":"Astoria","state":"OR","country":"United States","canonicalUrl":"https://foursquare.com/v/fort-george-lovell-brewery--taproom/4f3f1e74e4b07d5e564380d0","category":"Brewery","checkinsCount":511,"usersCount":327,"tipCount":5,"visitsCount":523,"url":"http://www.fortgeorgebrewery.com","tier":"","message":"","currency":"","rating":8.7},{"name":"Buoy Beer Co.","phone":"5034680800","address":"2 7th St","lat":46.19120790842411,"lng":-123.8349077388486,"city_fetched":"Astoria","state":"OR","country":"United States","canonicalUrl":"https://foursquare.com/v/buoy-beer-co/5300333b498e5531d439a365","category":"Brewery","checkinsCount":1151,"usersCount":1276,"tipCount":18,"visitsCount":1714,"url":"http://buoybeer.com","tier":"","message":"","currency":"","rating":8.6},{"name":"Albatross & Co.","phone":"5037413091","address":"225 14th St","lat":46.189482,"lng":-123.828864,"city_fetched":"Astoria","state":"OR","country":"United States","canonicalUrl":"https://foursquare.com/v/albatross--co/52993ce611d283046dc6e6b0","category":"Cocktail Bar","checkinsCount":109,"usersCount":98,"tipCount":6,"visitsCount":114,"tier":"","message":"","currency":"","rating":8.5},{"name":"Mary Todd's Workers Bar","lat":46.18913787,"lng":-123.849232,"city_fetched":"Astoria","state":"OR","country":"United States","canonicalUrl":"https://foursquare.com/v/mary-todds-workers-bar/4bc6722504e8b7131d1e362d","category":"Bar","checkinsCount":153,"usersCount":98,"tipCount":2,"visitsCount":155,"tier":"","message":"","currency":"","rating":7.9},{"name":"Voodoo Room","phone":"5033252233","address":"1114 Marine Dr","lat":46.18978385215284,"lng":-123.83153915405273,"city_fetched":"Astoria","state":"OR","country":"United States","canonicalUrl":"https://foursquare.com/v/voodoo-room/4c0b4848340720a1f4fc8793","category":"Bar","checkinsCount":414,"usersCount":184,"tipCount":4,"visitsCount":416,"url":"http://www.columbianvoodoo.com","tier":"","message":"","currency":"","rating":7.9},{"name":"Labor temple","address":"934 Duane St","lat":46.18844224302713,"lng":-123.83325592332254,"city_fetched":"Astoria","state":"OR","country":"United States","canonicalUrl":"https://foursquare.com/v/labor-temple/4b7f9b95f964a520753630e3","category":"Bar","checkinsCount":175,"usersCount":132,"tipCount":3,"visitsCount":209,"tier":"","message":"","currency":"","rating":7.9},{"name":"Portway Tavern","phone":"5033252651","address":"422 W Marine Dr","lat":46.18645370006561,"lng":-123.85540008544922,"city_fetched":"Astoria","state":"OR","country":"United States","canonicalUrl":"https://foursquare.com/v/portway-tavern/4b7f9133f964a520c53430e3","category":"Pub","checkinsCount":162,"usersCount":132,"tipCount":4,"visitsCount":179,"url":"http://www.portway-astoria.com","tier":"","message":"","currency":"","rating":7.8},{"name":"Wet Dog Cafe","phone":"5033256975","address":"144 11th St","lat":46.190239283333334,"lng":-123.831423,"city_fetched":"Astoria","state":"OR","country":"United States","canonicalUrl":"https://foursquare.com/v/wet-dog-cafe/4b3d4106f964a520059125e3","category":"Brewery","checkinsCount":1720,"usersCount":1391,"tipCount":29,"visitsCount":1873,"url":"http://www.wetdogcafe.com","tier":"","message":"","currency":"","rating":7.6},{"name":"Ship Inn","phone":"5033250033","address":"1 2nd St","lat":46.191114721338565,"lng":-123.84082686086256,"city_fetched":"Astoria","state":"OR","country":"United States","canonicalUrl":"https://foursquare.com/v/ship-inn/4bf2061499d02d7f99dbc948","category":"Seafood Restaurant","checkinsCount":299,"usersCount":280,"tipCount":7,"visitsCount":316,"url":"http://www.shipinn-astoria.com","tier":"","message":"","currency":"","rating":7.2},{"name":"Rogue Ales Public House","phone":"5033255964","twitter":"rogueales","address":"100 39th St","lat":46.196625799905675,"lng":-123.79792034626007,"city_fetched":"Astoria","state":"OR","country":"United States","canonicalUrl":"https://foursquare.com/v/rogue-ales-public-house/4b5e9252f964a520db9229e3","category":"Brewery","checkinsCount":1738,"usersCount":1576,"tipCount":32,"visitsCount":1995,"url":"http://www.rogue.com","tier":2,"message":"Moderate","currency":"$","rating":7},{"name":"Astoria Brewing Co.","phone":"5033256975","address":"144 11th St","lat":46.19025869,"lng":-123.831425,"city_fetched":"Astoria","state":"OR","country":"United States","canonicalUrl":"https://foursquare.com/v/astoria-brewing-co/4c0c3d51009a0f47e665ecbf","category":"Brewery","checkinsCount":319,"usersCount":288,"tipCount":4,"visitsCount":319,"tier":"","message":"","currency":"","rating":6.8}]