[{"name":"The Hound","phone":"3342463300","twitter":"aubloodhound","address":"124 Tichenor Ave","lat":32.60791704896241,"lng":-85.48084241163042,"city_fetched":"Auburn","state":"AL","country":"United States","canonicalUrl":"https://foursquare.com/v/the-hound/4f5ceeafe4b0c4b68a250bc7","category":"Gastropub","checkinsCount":2485,"usersCount":1162,"tipCount":33,"visitsCount":2915,"url":"http://thehound-auburn.com","tier":2,"message":"Moderate","currency":"$","rating":9.1},{"name":"Cigar & Fine Spirits","phone":"3345217200","twitter":"cigarandspirits","address":"1849 Ogletree Rd Ste 100","lat":32.5830087618923,"lng":-85.43940854736623,"neighborhood":"Moores Mill","city_fetched":"Auburn","state":"AL","country":"United States","canonicalUrl":"https://foursquare.com/v/cigar--fine-spirits/4e0d0367b3adc5405fcb7e8a","category":"Cocktail Bar","checkinsCount":791,"usersCount":209,"tipCount":7,"visitsCount":958,"url":"http://cigarandfinespirits.com","tier":2,"message":"Moderate","currency":"$","rating":8.8},{"name":"Piccolo","phone":"3348445140","twitter":"hotelatauburn","address":"241 S College St","lat":32.603319945488686,"lng":-85.48134572651708,"city_fetched":"Auburn","state":"AL","country":"United States","canonicalUrl":"https://foursquare.com/v/piccolo/4c805fe82f1c236a23872643","category":"Lounge","checkinsCount":281,"usersCount":151,"tipCount":3,"visitsCount":281,"url":"http://www.piccoloauburn.com","tier":1,"message":"Cheap","currency":"$","rating":8.2},{"name":"Avondale Bar and Tap Room","phone":"3343297039","address":"106A N College St","lat":32.606817,"lng":-85.481486,"city_fetched":"Auburn","state":"AL","country":"United States","canonicalUrl":"https://foursquare.com/v/avondale-bar-and-tap-room/50de267be4b0fe5bc185bbb2","category":"Cocktail Bar","checkinsCount":2093,"usersCount":327,"tipCount":9,"visitsCount":2170,"tier":3,"message":"Expensive","currency":"$","rating":8.1},{"name":"Quixote's","phone":"3345018447","address":"129 N College St","lat":32.607458970297714,"lng":-85.48189433439495,"city_fetched":"Auburn","state":"AL","country":"United States","canonicalUrl":"https://foursquare.com/v/quixotes/4b142d27f964a520949e23e3","category":"Bar","checkinsCount":7288,"usersCount":1285,"tipCount":19,"visitsCount":7346,"tier":2,"message":"Moderate","currency":"$","rating":7.5},{"name":"Havana Dreamin","phone":"3342463111","address":"2328 S College St","lat":32.56254086918468,"lng":-85.50473461947938,"city_fetched":"Auburn","state":"AL","country":"United States","canonicalUrl":"https://foursquare.com/v/havana-dreamin/5140e9b3e4b0bd2ed26ce00c","category":"Smoke Shop","checkinsCount":105,"usersCount":37,"tipCount":5,"visitsCount":109,"tier":"","message":"","currency":"","rating":7.4},{"name":"Loco's Grill & Pub","phone":"3345015626","twitter":"locosgrill","address":"1120 S College St","lat":32.58435700862414,"lng":-85.49081723681101,"city_fetched":"Auburn","state":"AL","country":"United States","canonicalUrl":"https://foursquare.com/v/locos-grill--pub/4b142c7ef964a520869e23e3","category":"Burger Joint","checkinsCount":2226,"usersCount":927,"tipCount":9,"visitsCount":2415,"url":"http://www.locosgrill.com","tier":2,"message":"Moderate","currency":"$","rating":7.3},{"name":"Ariccia Italian Trattoria","phone":"3348445140","twitter":"hotelatauburn","address":"241 S College St","lat":32.603215093217614,"lng":-85.48130042836955,"city_fetched":"Auburn","state":"AL","country":"United States","canonicalUrl":"https://foursquare.com/v/ariccia-italian-trattoria/4b14b293f964a520bda523e3","category":"Italian Restaurant","checkinsCount":859,"usersCount":374,"tipCount":11,"visitsCount":860,"url":"http://www.auhcc.com/dining/ariccia-auburn-restaurant/","tier":2,"message":"Moderate","currency":"$","rating":7.1},{"name":"Pockets","lat":32.57509628994546,"lng":-85.49732856399079,"city_fetched":"Auburn","state":"AL","country":"United States","canonicalUrl":"https://foursquare.com/v/pockets/4be7853bd837c9b6f15fa406","category":"Sports Bar","checkinsCount":249,"usersCount":109,"tipCount":1,"visitsCount":253,"tier":"","message":"","currency":"","rating":7},{"name":"SkyBar Café","phone":"3348214001","twitter":"auburnskybar","address":"136 W Magnolia Ave","lat":32.60667282997254,"lng":-85.4826021194458,"city_fetched":"Auburn","state":"AL","country":"United States","canonicalUrl":"https://foursquare.com/v/skybar-caf%C3%A9/4a459b0cf964a52066a81fe3","category":"Nightclub","checkinsCount":8415,"usersCount":2202,"tipCount":20,"visitsCount":8824,"url":"http://www.auburnskybar.com","tier":1,"message":"Cheap","currency":"$","rating":6.9},{"name":"Halftime","phone":"3348877800","twitter":"halftimeauburn","address":"154 N College St","lat":32.60802487231788,"lng":-85.48166281248469,"city_fetched":"Auburn","state":"AL","country":"United States","canonicalUrl":"https://foursquare.com/v/halftime/4dc33aadd22dafda2f6dc307","category":"Sports Bar","checkinsCount":1744,"usersCount":663,"tipCount":22,"visitsCount":1923,"url":"http://www.halftimeauburn.com","tier":2,"message":"Moderate","currency":"$","rating":6.7},{"name":"17-16 Bar","phone":"3348261211","address":"156 E Magnolia Ave","lat":32.6063293906191,"lng":-85.48043489456177,"city_fetched":"Auburn","state":"AL","country":"United States","canonicalUrl":"https://foursquare.com/v/1716-bar/4b142d09f964a520939e23e3","category":"Bar","checkinsCount":2947,"usersCount":1020,"tipCount":10,"visitsCount":3036,"tier":"","message":"","currency":"","rating":6.7},{"name":"En Fuego","phone":"3342463700","address":"145 E Magnolia Ave","lat":32.6068443110091,"lng":-85.4808222789373,"city_fetched":"Auburn","state":"AL","country":"United States","canonicalUrl":"https://foursquare.com/v/en-fuego/5053ebb9e4b01ef821a46a9c","category":"Cocktail Bar","checkinsCount":349,"usersCount":172,"tipCount":3,"visitsCount":349,"tier":"","message":"","currency":"","rating":6.6},{"name":"The Bank Vault","phone":"3348875544","address":"101 N College St","lat":32.60669057,"lng":-85.48210629,"city_fetched":"Auburn","state":"AL","country":"United States","canonicalUrl":"https://foursquare.com/v/the-bank-vault/4b142ccdf964a5208f9e23e3","category":"Bar","checkinsCount":2292,"usersCount":794,"tipCount":15,"visitsCount":2340,"tier":"","message":"","currency":"","rating":6.4},{"name":"Bourbon Street Bar","phone":"3348871166","address":"103 N College St","lat":32.606732,"lng":-85.481894,"city_fetched":"Auburn","state":"AL","country":"United States","canonicalUrl":"https://foursquare.com/v/bourbon-street-bar/4b142cabf964a5208d9e23e3","category":"Bar","checkinsCount":730,"usersCount":436,"tipCount":3,"visitsCount":730,"tier":"","message":"","currency":"","rating":6.1},{"name":"The Balcony Bar","address":"114 W Magnolia Ave","lat":32.606808,"lng":-85.48243902,"city_fetched":"Auburn","state":"AL","country":"United States","canonicalUrl":"https://foursquare.com/v/the-balcony-bar/4c807979d34ca14385f81980","category":"Bar","checkinsCount":614,"usersCount":283,"tipCount":8,"visitsCount":620,"tier":"","message":"","currency":"","rating":6}]