[{"name":"BJ's Restaurant and Brewhouse","phone":"6612415115","twitter":"bjsrestaurants","address":"10750 Stockdale Hwy","lat":35.34992587,"lng":-119.1218805,"city_fetched":"Bakersfield","state":"CA","country":"United States","canonicalUrl":"https://foursquare.com/v/bjs-restaurant-and-brewhouse/4b4a9827f964a520458b26e3","category":"American Restaurant","checkinsCount":3418,"usersCount":1841,"tipCount":30,"visitsCount":4484,"url":"http://t.co/bl46gcjDLN","tier":2,"message":"Moderate","currency":"$","rating":8.8},{"name":"Eureka! Burger","phone":"6612415999","address":"10520 Stockdale Hwy","lat":35.352150865331105,"lng":-119.11926345181166,"city_fetched":"Bakersfield","state":"CA","country":"United States","canonicalUrl":"https://foursquare.com/v/eureka-burger/4f2acb7be4b043ec6e4ac1f2","category":"Gastropub","checkinsCount":1493,"usersCount":896,"tipCount":22,"visitsCount":1943,"url":"http://www.eurekaburger.com","tier":2,"message":"Moderate","currency":"$","rating":8.7},{"name":"Imbibe Wine & Spirits","phone":"6616339463","twitter":"imbibewine","address":"4140 Truxtun Ave","lat":35.373437,"lng":-119.046688,"city_fetched":"Bakersfield","state":"CA","country":"United States","canonicalUrl":"https://foursquare.com/v/imbibe-wine--spirits/4c0f08accd8eb7131fbaef94","category":"Liquor Store","checkinsCount":1146,"usersCount":461,"tipCount":6,"visitsCount":1732,"url":"http://www.imbibewine.com","tier":"","message":"","currency":"","rating":8.5},{"name":"Chuy's","phone":"6615875750","address":"8660 Rosedale Hwy","lat":35.38397725757157,"lng":-119.09833823361448,"city_fetched":"Bakersfield","state":"CA","country":"United States","canonicalUrl":"https://foursquare.com/v/chuys/4b9add84f964a52084dd35e3","category":"American Restaurant","checkinsCount":1899,"usersCount":803,"tipCount":18,"visitsCount":2294,"url":"http://chuysonline.com","tier":2,"message":"Moderate","currency":"$","rating":8.4},{"name":"Sandrini's","phone":"6613228900","twitter":"sandrinisbar","address":"1918 Eye St","lat":35.37686946240812,"lng":-119.01983857154846,"neighborhood":"Downtown Bakersfield","city_fetched":"Bakersfield","state":"CA","country":"United States","canonicalUrl":"https://foursquare.com/v/sandrinis/4aa5f6aef964a520a44920e3","category":"Bar","checkinsCount":2218,"usersCount":557,"tipCount":9,"visitsCount":2344,"url":"http://www.sandrinis.com","tier":2,"message":"Moderate","currency":"$","rating":8.4},{"name":"Lengthwise Brewing Company","phone":"6618362537","address":"6720 Schirra Ct","lat":35.31356686212967,"lng":-119.08924341201781,"city_fetched":"Bakersfield","state":"CA","country":"United States","canonicalUrl":"https://foursquare.com/v/lengthwise-brewing-company/4c538a4e728920a10e233e81","category":"Brewery","checkinsCount":1265,"usersCount":765,"tipCount":24,"visitsCount":1531,"url":"http://www.lengthwise.com","tier":2,"message":"Moderate","currency":"$","rating":8.3},{"name":"Muertos Kitchen & Lounge","address":"1514 Wall St","lat":35.375788,"lng":-119.019357,"neighborhood":"Downtown Bakersfield","city_fetched":"Bakersfield","state":"CA","country":"United States","canonicalUrl":"https://foursquare.com/v/muertos-kitchen--lounge/4fcffc65e4b0007f21b01627","category":"Latin American Restaurant","checkinsCount":429,"usersCount":225,"tipCount":10,"visitsCount":458,"tier":2,"message":"Moderate","currency":"$","rating":8.3},{"name":"Narducci's Cafe","phone":"6613242961","address":"622 E 21st St","lat":35.376173539851685,"lng":-118.99386230869246,"city_fetched":"Bakersfield","state":"CA","country":"United States","canonicalUrl":"https://foursquare.com/v/narduccis-cafe/4b778ceff964a5201ba12ee3","category":"Italian Restaurant","checkinsCount":1054,"usersCount":383,"tipCount":13,"visitsCount":1164,"url":"http://www.narducciscafe.com","tier":3,"message":"Expensive","currency":"$","rating":8.3},{"name":"Luigi's","phone":"6613220926","address":"725 E 19th St","lat":35.374323788941204,"lng":-118.9923620223999,"city_fetched":"Bakersfield","state":"CA","country":"United States","canonicalUrl":"https://foursquare.com/v/luigis/4baa5623f964a5207f603ae3","category":"Italian Restaurant","checkinsCount":1064,"usersCount":654,"tipCount":10,"visitsCount":1383,"url":"http://www.shopluigis.com","tier":1,"message":"Cheap","currency":"$","rating":8.2},{"name":"Padre Hotel","phone":"8884433387","address":"1702 18th St","lat":35.375598040837396,"lng":-119.02130934211941,"neighborhood":"Downtown Bakersfield","city_fetched":"Bakersfield","state":"CA","country":"United States","canonicalUrl":"https://foursquare.com/v/padre-hotel/4b6c617bf964a52047352ce3","category":"Hotel","checkinsCount":4789,"usersCount":1670,"tipCount":28,"visitsCount":4971,"url":"http://www.thepadrehotel.com","tier":"","message":"","currency":"","rating":8},{"name":"Goose Loonies","phone":"6616311242","address":"820 18th St","lat":35.375412,"lng":-119.01129742,"neighborhood":"Downtown Bakersfield","city_fetched":"Bakersfield","state":"CA","country":"United States","canonicalUrl":"https://foursquare.com/v/goose-loonies/4b8b23acf964a520a79432e3","category":"Pub","checkinsCount":1394,"usersCount":626,"tipCount":15,"visitsCount":1621,"url":"http://gooselooniestavern.com","tier":"","message":"","currency":"","rating":7.8},{"name":"Temblor Brewery","phone":"6614894855","twitter":"temblorbrewing","address":"3200 Buck Owens Blvd #200","lat":35.38870256921848,"lng":-119.04177348504486,"city_fetched":"Bakersfield","state":"CA","country":"United States","canonicalUrl":"https://foursquare.com/v/temblor-brewery/55edf30a498ef330db53c189","category":"Brewery","checkinsCount":158,"usersCount":216,"tipCount":11,"visitsCount":336,"url":"http://temblorbrewing.com","tier":"","message":"","currency":"","rating":7.8},{"name":"Pour House","phone":"6615899300","address":"4041 Fruitvale Ave","lat":35.396736060657716,"lng":-119.07472858244276,"city_fetched":"Bakersfield","state":"CA","country":"United States","canonicalUrl":"https://foursquare.com/v/pour-house/4c268800a852c9280bd9e66c","category":"Karaoke Bar","checkinsCount":1017,"usersCount":193,"tipCount":4,"visitsCount":1138,"tier":"","message":"","currency":"","rating":7.6},{"name":"Rj's BAR & GRILL","phone":"6615874723","address":"9440 Hageman Rd","lat":35.39839468558749,"lng":-119.10719374746245,"city_fetched":"Bakersfield","state":"CA","country":"United States","canonicalUrl":"https://foursquare.com/v/rjs-bar--grill/4b8c1d33f964a520c4be32e3","category":"Bar","checkinsCount":1306,"usersCount":454,"tipCount":11,"visitsCount":1429,"tier":"","message":"","currency":"","rating":7.5},{"name":"B Ryders Sports Bar and Grill","phone":"6613977304","address":"7401 White Ln #8","lat":35.31761652245186,"lng":-119.08483527957944,"city_fetched":"Bakersfield","state":"CA","country":"United States","canonicalUrl":"https://foursquare.com/v/b-ryders-sports-bar-and-grill/4dc63a9d52b1e8f9f7e905d7","category":"Sports Bar","checkinsCount":1756,"usersCount":449,"tipCount":5,"visitsCount":2027,"url":"http://brydersbakersfield.com","tier":"","message":"","currency":"","rating":7.5},{"name":"Guthrie's Alley Cat","phone":"6613246328","address":"1525 Wall St","lat":35.37577843235482,"lng":-119.01979758091667,"neighborhood":"Downtown Bakersfield","city_fetched":"Bakersfield","state":"CA","country":"United States","canonicalUrl":"https://foursquare.com/v/guthries-alley-cat/4be4e486910020a19871d214","category":"Dive Bar","checkinsCount":1127,"usersCount":413,"tipCount":8,"visitsCount":1135,"tier":"","message":"","currency":"","rating":7.4},{"name":"Zingo's Cafe","phone":"6613210627","address":"3201 Buck Owens Blvd","lat":35.388399938921715,"lng":-119.04362029485303,"city_fetched":"Bakersfield","state":"CA","country":"United States","canonicalUrl":"https://foursquare.com/v/zingos-cafe/4b76e6eaf964a520c7682ee3","category":"Breakfast Spot","checkinsCount":1011,"usersCount":506,"tipCount":16,"visitsCount":1085,"tier":"","message":"","currency":"","rating":7.4},{"name":"Black Angus Steakhouse","phone":"6613240814","twitter":"basteakhouse","address":"3601 Rosedale Highway","lat":35.382794468530065,"lng":-119.04805254744059,"city_fetched":"Bakersfield","state":"CA","country":"United States","canonicalUrl":"https://foursquare.com/v/black-angus-steakhouse/4b68c916f964a520dd8c2be3","category":"Steakhouse","checkinsCount":1200,"usersCount":951,"tipCount":11,"visitsCount":1613,"url":"https://t.co/KyeIRlDnJO","tier":3,"message":"Expensive","currency":"$","rating":7.3},{"name":"Syndicate Lounge","phone":"6613270070","address":"1818 Eye St","lat":35.376094,"lng":-119.019972,"neighborhood":"Downtown Bakersfield","city_fetched":"Bakersfield","state":"CA","country":"United States","canonicalUrl":"https://foursquare.com/v/syndicate-lounge/4baadea1f964a5204d8b3ae3","category":"Nightclub","checkinsCount":1620,"usersCount":283,"tipCount":5,"visitsCount":1642,"tier":"","message":"","currency":"","rating":7.3},{"name":"redzone sports bar","phone":"6618331940","address":"3439 Panama lane","lat":35.294282,"lng":-119.040089,"city_fetched":"Bakersfield","state":"CA","country":"United States","canonicalUrl":"https://foursquare.com/v/redzone-sports-bar/54864bbc498e11594cbe91ba","category":"American Restaurant","checkinsCount":66,"usersCount":74,"tipCount":1,"visitsCount":188,"tier":"","message":"","currency":"","rating":7.2},{"name":"The Mint","phone":"6613254048","address":"1207 19th St","lat":35.3760597598155,"lng":-119.01558048414388,"neighborhood":"Downtown Bakersfield","city_fetched":"Bakersfield","state":"CA","country":"United States","canonicalUrl":"https://foursquare.com/v/the-mint/4be5e45e2468c9286cb90043","category":"Dive Bar","checkinsCount":2404,"usersCount":602,"tipCount":16,"visitsCount":2728,"tier":"","message":"","currency":"","rating":7.2},{"name":"The Highland Cafe","phone":"6618297885","address":"2201 N Chester Ave","lat":35.42629513982688,"lng":-119.02151394023593,"city_fetched":"Bakersfield","state":"CA","country":"United States","canonicalUrl":"https://foursquare.com/v/the-highland-cafe/4bf4a577706e20a18da8a998","category":"American Restaurant","checkinsCount":463,"usersCount":102,"tipCount":5,"visitsCount":514,"tier":1,"message":"Cheap","currency":"$","rating":7.2},{"name":"Logan's Roadhouse","phone":"6618611830","twitter":"logansroadhouse","address":"3310 California Ave","lat":35.36896354752982,"lng":-119.04100065955716,"neighborhood":"Riviera-Westchester","city_fetched":"Bakersfield","state":"CA","country":"United States","canonicalUrl":"https://foursquare.com/v/logans-roadhouse/4ba2c7dbf964a520a51838e3","category":"American Restaurant","checkinsCount":770,"usersCount":611,"tipCount":11,"visitsCount":973,"url":"http://www.logansroadhouse.com","tier":2,"message":"Moderate","currency":"$","rating":7.2},{"name":"the Bistro","phone":"6613259700","address":"5101 California Ave","lat":35.3602437656035,"lng":-119.05984853205203,"city_fetched":"Bakersfield","state":"CA","country":"United States","canonicalUrl":"https://foursquare.com/v/the-bistro/4c6e912a65eda093c9bd51d0","category":"American Restaurant","checkinsCount":617,"usersCount":211,"tipCount":5,"visitsCount":638,"tier":3,"message":"Expensive","currency":"$","rating":7.2},{"name":"Tony's Pizza","phone":"6615884700","address":"4750 Coffee Rd","lat":35.40253291188292,"lng":-119.09146477203757,"city_fetched":"Bakersfield","state":"CA","country":"United States","canonicalUrl":"https://foursquare.com/v/tonys-pizza/4c326efb16adc928bb28c29c","category":"Pizza Place","checkinsCount":311,"usersCount":188,"tipCount":3,"visitsCount":325,"tier":"","message":"","currency":"","rating":7.2},{"name":"The Petroleum Club","phone":"6613246561","address":"5060 California Ave Fl 12","lat":35.362533291412674,"lng":-119.06055308033959,"city_fetched":"Bakersfield","state":"CA","country":"United States","canonicalUrl":"https://foursquare.com/v/the-petroleum-club/4b904676f964a520b58033e3","category":"Speakeasy","checkinsCount":659,"usersCount":315,"tipCount":1,"visitsCount":923,"url":"http://thepetroleumclub.com","tier":"","message":"","currency":"","rating":7.1},{"name":"Firehouse","phone":"6618314688","address":"7701 White Ln #A3","lat":35.317773,"lng":-119.08906618333333,"city_fetched":"Bakersfield","state":"CA","country":"United States","canonicalUrl":"https://foursquare.com/v/firehouse/4b0b7532f964a520ab3123e3","category":"Sports Bar","checkinsCount":1447,"usersCount":766,"tipCount":19,"visitsCount":1850,"url":"http://firehouseeats.com/firehouseeats/Firehouse.html","tier":"","message":"","currency":"","rating":7},{"name":"Buck Owen's Crystal Palace","phone":"6613287560","address":"2800 Buck Owens Blvd","lat":35.38563111,"lng":-119.0426105260849,"city_fetched":"Bakersfield","state":"CA","country":"United States","canonicalUrl":"https://foursquare.com/v/buck-owens-crystal-palace/4b36d8c2f964a5205b3d25e3","category":"Music Venue","checkinsCount":1461,"usersCount":1077,"tipCount":14,"visitsCount":1660,"url":"http://www.buckowens.com","tier":"","message":"","currency":"","rating":7},{"name":"Lengthwise Pub","phone":"6615897394","address":"2900 Calloway Dr #100","lat":35.386430787579805,"lng":-119.10948848522388,"city_fetched":"Bakersfield","state":"CA","country":"United States","canonicalUrl":"https://foursquare.com/v/lengthwise-pub/4e21ec91c65b2b5e354c2730","category":"Brewery","checkinsCount":1160,"usersCount":617,"tipCount":17,"visitsCount":1419,"url":"http://lengthwise.com","tier":"","message":"","currency":"","rating":7},{"name":"Valentien","phone":"6618640397","address":"3310 Truxtun Ave","lat":35.373689545082996,"lng":-119.03910756111145,"neighborhood":"Riviera-Westchester","city_fetched":"Bakersfield","state":"CA","country":"United States","canonicalUrl":"https://foursquare.com/v/valentien/4b78595cf964a5207dc72ee3","category":"Wine Bar","checkinsCount":196,"usersCount":105,"tipCount":7,"visitsCount":196,"url":"http://myspace.com/valentienrestaurant","tier":"","message":"","currency":"","rating":6.9},{"name":"Brimstone Bar","phone":"6614274900","address":"1702 18th St","lat":35.37538034157334,"lng":-119.02144574089407,"neighborhood":"Downtown Bakersfield","city_fetched":"Bakersfield","state":"CA","country":"United States","canonicalUrl":"https://foursquare.com/v/brimstone-bar/4bb3f4b987aa95214dbcacd1","category":"Hotel Bar","checkinsCount":2243,"usersCount":558,"tipCount":8,"visitsCount":2247,"url":"http://www.thepadrehotel.com","tier":"","message":"","currency":"","rating":6.9},{"name":"Lengthwise at The Marketplace","twitter":"lengthwise","address":"9000 Ming Ave Ste T1","lat":35.34238527767655,"lng":-119.10178052807797,"city_fetched":"Bakersfield","state":"CA","country":"United States","canonicalUrl":"https://foursquare.com/v/lengthwise-at-the-marketplace/50a2e32ce4b0ab96033a9747","category":"Brewery","checkinsCount":580,"usersCount":405,"tipCount":4,"visitsCount":992,"tier":2,"message":"Moderate","currency":"$","rating":6.7}]