[{"name":"Zach's Bar & Grill","phone":"6083569224","address":"126 4th St","lat":43.47079362703343,"lng":-89.74148670298473,"city_fetched":"Baraboo","state":"WI","country":"United States","canonicalUrl":"https://foursquare.com/v/zachs-bar--grill/4daa4d6743a1128196f5c899","category":"Bar","checkinsCount":381,"usersCount":81,"tipCount":3,"visitsCount":385,"tier":"","message":"","currency":"","rating":5.9},{"name":"Chaser's","address":"620 W Pine St","lat":43.47603,"lng":-89.76838313333333,"city_fetched":"Baraboo","state":"WI","country":"United States","canonicalUrl":"https://foursquare.com/v/chasers/4c4e522df53d0f47d9c15ca6","category":"Bar","checkinsCount":100,"usersCount":80,"tipCount":1,"visitsCount":100,"tier":"","message":"","currency":"","rating":5.9}]