[{"name":"Bartons 1792 Distillery","address":"300 Barton Rd","lat":37.804633780901305,"lng":-85.47811939668024,"city_fetched":"Bardstown","state":"KY","country":"United States","canonicalUrl":"https://foursquare.com/v/bartons-1792-distillery/4dbed9ec6a23a3c473ae40bf","category":"Distillery","checkinsCount":499,"usersCount":628,"tipCount":6,"visitsCount":765,"url":"http://1792bourbon.com","tier":"","message":"","currency":"","rating":8.1},{"name":"Buffalo Wings & Rings","address":"1012 Granite Dr","lat":37.81919583442112,"lng":-85.42976176990216,"city_fetched":"Bardstown","state":"KY","country":"United States","canonicalUrl":"https://foursquare.com/v/buffalo-wings--rings/4b7216e4f964a520126e2de3","category":"Sports Bar","checkinsCount":256,"usersCount":196,"tipCount":8,"visitsCount":365,"tier":"","message":"","currency":"","rating":8},{"name":"The Rickhouse Restaurant and Lounge","address":"Xavier Dr","lat":37.81128050700499,"lng":-85.47080029851867,"city_fetched":"Bardstown","state":"KY","country":"United States","canonicalUrl":"https://foursquare.com/v/the-rickhouse-restaurant-and-lounge/4effa55c5c5c51dd2e3de9ee","category":"Restaurant","checkinsCount":230,"usersCount":238,"tipCount":7,"visitsCount":266,"url":"http://therickhouse-bardstown.com","tier":2,"message":"Moderate","currency":"$","rating":7.3}]