[{"name":"Tri City Brewing Company","phone":"9898944950","address":"3020 N Water St","lat":43.6085758142557,"lng":-83.86616491011638,"city_fetched":"Bay City","state":"MI","country":"United States","canonicalUrl":"https://foursquare.com/v/tri-city-brewing-company/4dd817982271c5d36d4c5bf2","category":"Brewery","checkinsCount":1036,"usersCount":418,"tipCount":16,"visitsCount":1568,"url":"http://www.tricitybrewing.com","tier":2,"message":"Moderate","currency":"$","rating":8.7},{"name":"Old City Hall","phone":"9898924140","address":"814 Saginaw St","lat":43.59870950740391,"lng":-83.88876650705527,"city_fetched":"Bay City","state":"MI","country":"United States","canonicalUrl":"https://foursquare.com/v/old-city-hall/4b6cc1f0f964a52033522ce3","category":"Bar","checkinsCount":2643,"usersCount":842,"tipCount":25,"visitsCount":2995,"url":"http://oldcityhallrestaurant.com","tier":2,"message":"Moderate","currency":"$","rating":8.4},{"name":"Governor's Quarters","phone":"9898936111","address":"1304 S Wenona St","lat":43.58760321357759,"lng":-83.90584545000905,"city_fetched":"Bay City","state":"MI","country":"United States","canonicalUrl":"https://foursquare.com/v/governors-quarters/52c37231498ee5562a5f800e","category":"Bar","checkinsCount":479,"usersCount":181,"tipCount":6,"visitsCount":857,"url":"http://www.governorsquarters.beer","tier":2,"message":"Moderate","currency":"$","rating":8.2},{"name":"American Kitchen","address":"207 Center Ave","lat":43.598109,"lng":-83.888643,"city_fetched":"Bay City","state":"MI","country":"United States","canonicalUrl":"https://foursquare.com/v/american-kitchen/50ad715ee4b0b42d0d8a3e68","category":"Gastropub","checkinsCount":1430,"usersCount":532,"tipCount":39,"visitsCount":1638,"url":"http://americankitchenrestaurant.com","tier":2,"message":"Moderate","currency":"$","rating":8.1},{"name":"VNO Restaurant & Wine Warehouse","phone":"9894600117","address":"512 E Midland St","lat":43.601806152687246,"lng":-83.90050652817382,"city_fetched":"Bay City","state":"MI","country":"United States","canonicalUrl":"https://foursquare.com/v/vno-restaurant--wine-warehouse/529ea26e11d2444315248be8","category":"Tapas Restaurant","checkinsCount":232,"usersCount":129,"tipCount":7,"visitsCount":274,"url":"http://www.vnowinebc.com","tier":"","message":"","currency":"","rating":8},{"name":"Stables  Martini & Cigar Bar","phone":"9898910717","address":"804 E Midland St","lat":43.60137174153438,"lng":-83.89786720275879,"city_fetched":"Bay City","state":"MI","country":"United States","canonicalUrl":"https://foursquare.com/v/stables--martini--cigar-bar/4b773fb4f964a520968b2ee3","category":"Karaoke Bar","checkinsCount":1223,"usersCount":514,"tipCount":5,"visitsCount":1314,"tier":"","message":"","currency":"","rating":8},{"name":"Bell Bar","phone":"9898938381","address":"1314 Columbus Ave","lat":43.589339,"lng":-83.877263,"city_fetched":"Bay City","state":"MI","country":"United States","canonicalUrl":"https://foursquare.com/v/bell-bar/4df2bcd814954f21cf2bf738","category":"Bar","checkinsCount":764,"usersCount":155,"tipCount":3,"visitsCount":840,"tier":"","message":"","currency":"","rating":7.9},{"name":"Tavern 101","address":"101 Center Ave","lat":43.59838349917874,"lng":-83.88953234162554,"city_fetched":"Bay City","state":"MI","country":"United States","canonicalUrl":"https://foursquare.com/v/tavern-101/55777f41498eaa56f0d87bf9","category":"Gastropub","checkinsCount":358,"usersCount":201,"tipCount":6,"visitsCount":521,"tier":"","message":"","currency":"","rating":7.9},{"name":"Rathskeller","phone":"9898920621","address":"698 E Midland St.","lat":43.60183601710223,"lng":-83.90011333336517,"city_fetched":"Bay City","state":"MI","country":"United States","canonicalUrl":"https://foursquare.com/v/rathskeller/4cba232e7148f04d9bcfdaab","category":"Bar","checkinsCount":764,"usersCount":299,"tipCount":8,"visitsCount":811,"tier":"","message":"","currency":"","rating":7.6},{"name":"Paddy's Green Hut","phone":"9898937496","address":"1301 Columbus Ave","lat":43.58952361386665,"lng":-83.87823531211738,"city_fetched":"Bay City","state":"MI","country":"United States","canonicalUrl":"https://foursquare.com/v/paddys-green-hut/4ba0e10df964a520238437e3","category":"Bar","checkinsCount":1226,"usersCount":227,"tipCount":2,"visitsCount":1281,"tier":"","message":"","currency":"","rating":7.5},{"name":"Lumber Barons Brewery","phone":"9898910100","address":"804 E Midland St","lat":43.60179453780693,"lng":-83.89783689277952,"city_fetched":"Bay City","state":"MI","country":"United States","canonicalUrl":"https://foursquare.com/v/lumber-barons-brewery/4c30f1d216adc9284deabf9c","category":"Brewery","checkinsCount":770,"usersCount":431,"tipCount":5,"visitsCount":880,"url":"http://www.lumberbaronsbrewery.com","tier":"","message":"","currency":"","rating":7.3},{"name":"Stein Haus","phone":"9898912337","twitter":"the_stein_haus","address":"1108 N Water St","lat":43.60160145258391,"lng":-83.88938745473762,"city_fetched":"Bay City","state":"MI","country":"United States","canonicalUrl":"https://foursquare.com/the_stein_haus","category":"Bar","checkinsCount":1559,"usersCount":648,"tipCount":18,"visitsCount":1748,"url":"http://www.steinhausbaycity.com","tier":2,"message":"Moderate","currency":"$","rating":7.3},{"name":"Harvey's Grill and Bar","phone":"9896863304","twitter":"_harveys","address":"4000 Wilder Rd","lat":43.62344781045894,"lng":-83.8937908283198,"city_fetched":"Bay City","state":"MI","country":"United States","canonicalUrl":"https://foursquare.com/v/harveys-grill-and-bar/4b10b906f964a5201e7523e3","category":"New American Restaurant","checkinsCount":1937,"usersCount":833,"tipCount":13,"visitsCount":2290,"url":"http://www.harveysgrillandbar.com","tier":2,"message":"Moderate","currency":"$","rating":7.2},{"name":"Gatsby's","phone":"9899225556","address":"203 Center Ave","lat":43.598233,"lng":-83.88866861666666,"city_fetched":"Bay City","state":"MI","country":"United States","canonicalUrl":"https://foursquare.com/v/gatsbys/4b75fe3ff964a52002352ee3","category":"Bar","checkinsCount":501,"usersCount":249,"tipCount":6,"visitsCount":504,"tier":"","message":"","currency":"","rating":7.1},{"name":"River Rock Cafe Inc","phone":"9898945500","address":"614 E Midland St","lat":43.601861098674895,"lng":-83.89919759356937,"city_fetched":"Bay City","state":"MI","country":"United States","canonicalUrl":"https://foursquare.com/v/river-rock-cafe-inc/4b85a00af964a5206d6931e3","category":"Bar","checkinsCount":669,"usersCount":345,"tipCount":11,"visitsCount":717,"tier":"","message":"","currency":"","rating":6.9},{"name":"Jake's Bar","phone":"9898959510","address":"114 3rd St","lat":43.601035,"lng":-83.88867331666667,"city_fetched":"Bay City","state":"MI","country":"United States","canonicalUrl":"https://foursquare.com/v/jakes-bar/4baecf5af964a520f4d93be3","category":"Dive Bar","checkinsCount":446,"usersCount":239,"tipCount":3,"visitsCount":574,"tier":"","message":"","currency":"","rating":6.9},{"name":"Duso's","phone":"9894829935","address":"604 E Midland St","lat":43.6019137,"lng":-83.899859,"city_fetched":"Bay City","state":"MI","country":"United States","canonicalUrl":"https://foursquare.com/v/dusos/4c16e8ca96040f47f0a573a5","category":"Bar","checkinsCount":910,"usersCount":222,"tipCount":2,"visitsCount":949,"tier":"","message":"","currency":"","rating":6.8},{"name":"Hooligan's Food & Spirits","phone":"9898942938","address":"3022 N Water St","lat":43.60871556148276,"lng":-83.86539878397261,"city_fetched":"Bay City","state":"MI","country":"United States","canonicalUrl":"https://foursquare.com/v/hooligans-food--spirits/4d5ece8f865a224b03e89685","category":"Karaoke Bar","checkinsCount":259,"usersCount":102,"tipCount":3,"visitsCount":266,"tier":"","message":"","currency":"","rating":6.7},{"name":"Midland St Jacks","phone":"9898925741","address":"605 E Midland St","lat":43.60205543992508,"lng":-83.89973402023315,"city_fetched":"Bay City","state":"MI","country":"United States","canonicalUrl":"https://foursquare.com/v/midland-st-jacks/4b6a1844f964a5202ec72be3","category":"Bar","checkinsCount":858,"usersCount":237,"tipCount":3,"visitsCount":859,"url":"http://www.lumberjacksteak.com","tier":"","message":"","currency":"","rating":6.5},{"name":"Westown Theater & Night Club","phone":"9898959005","address":"611 E Midland St","lat":43.60207391666667,"lng":-83.899223,"city_fetched":"Bay City","state":"MI","country":"United States","canonicalUrl":"https://foursquare.com/v/westown-theater--night-club/4b8a0386f964a5209c5b32e3","category":"Nightclub","checkinsCount":152,"usersCount":92,"tipCount":2,"visitsCount":153,"tier":"","message":"","currency":"","rating":6.5},{"name":"Mulligan's Pub","phone":"9898934555","address":"109 Center Ave","lat":43.59827875586553,"lng":-83.88945472369244,"city_fetched":"Bay City","state":"MI","country":"United States","canonicalUrl":"https://foursquare.com/v/mulligans-pub/4b6cb779f964a520a34e2ce3","category":"Bar","checkinsCount":1378,"usersCount":559,"tipCount":15,"visitsCount":1472,"tier":"","message":"","currency":"","rating":6.5},{"name":"Hooters","phone":"9898925557","address":"996 E Midland St","lat":43.601312166666666,"lng":-83.89384268333333,"city_fetched":"Bay City","state":"MI","country":"United States","canonicalUrl":"https://foursquare.com/v/hooters/4b44b472f964a520ebf925e3","category":"Wings Joint","checkinsCount":1689,"usersCount":748,"tipCount":9,"visitsCount":1974,"tier":"","message":"","currency":"","rating":6.5},{"name":"BEMO'S","address":"701 S Madison Ave","lat":43.583882,"lng":-83.88558751666666,"city_fetched":"Bay City","state":"MI","country":"United States","canonicalUrl":"https://foursquare.com/v/bemos/4ce60b01baa6a1cded591f6c","category":"Dive Bar","checkinsCount":429,"usersCount":196,"tipCount":1,"visitsCount":524,"tier":"","message":"","currency":"","rating":6.4},{"name":"Circle Bar","phone":"9898924724","address":"1700 Woodside Ct","lat":43.6037814617157,"lng":-83.871277,"city_fetched":"Bay City","state":"MI","country":"United States","canonicalUrl":"https://foursquare.com/v/circle-bar/4dec318aae60e9892386c56e","category":"Bar","checkinsCount":331,"usersCount":85,"tipCount":4,"visitsCount":374,"tier":"","message":"","currency":"","rating":6},{"name":"Lucky's Pub","phone":"9898959005","address":"615 E Midland St","lat":43.60206158,"lng":-83.89919,"city_fetched":"Bay City","state":"MI","country":"United States","canonicalUrl":"https://foursquare.com/v/luckys-pub/4b74d68bf964a520b2f42de3","category":"Karaoke Bar","checkinsCount":814,"usersCount":343,"tipCount":4,"visitsCount":838,"url":"http://luckysbar.com","tier":"","message":"","currency":"","rating":5.7},{"name":"Dockside Bay City","phone":"9898949772","address":"1019 N Water St","lat":43.60101435064702,"lng":-83.88982057571411,"city_fetched":"Bay City","state":"MI","country":"United States","canonicalUrl":"https://foursquare.com/v/dockside-bay-city/515b6a37e4b0b029337a7d9c","category":"Sports Bar","checkinsCount":429,"usersCount":250,"tipCount":12,"visitsCount":448,"tier":"","message":"","currency":"","rating":5.7},{"name":"O'Hares","address":"608 E Midland St","lat":43.60197059184228,"lng":-83.89964253099866,"city_fetched":"Bay City","state":"MI","country":"United States","canonicalUrl":"https://foursquare.com/v/ohares/4be35814d27a20a1ba00925b","category":"Bar","checkinsCount":576,"usersCount":257,"tipCount":4,"visitsCount":588,"tier":"","message":"","currency":"","rating":5}]