[{"name":"Elizabeth Station","phone":"3607338982","twitter":"elizabethstatio","address":"1400 W Holly St","lat":48.757391182526575,"lng":-122.49060630798338,"city_fetched":"Bellingham","state":"WA","country":"United States","canonicalUrl":"https://foursquare.com/v/elizabeth-station/4f583fc7e4b0bd4842dc519c","category":"Beer Garden","checkinsCount":1513,"usersCount":600,"tipCount":18,"visitsCount":2074,"tier":2,"message":"Moderate","currency":"$","rating":9},{"name":"Wander Brewing","phone":"3606476152","address":"1807 Dean Ave","lat":48.754301907274396,"lng":-122.47405562364794,"neighborhood":"Sunnyland","city_fetched":"Bellingham","state":"WA","country":"United States","canonicalUrl":"https://foursquare.com/v/wander-brewing/53210f2f498e7993164f069b","category":"Brewery","checkinsCount":514,"usersCount":310,"tipCount":10,"visitsCount":769,"url":"http://www.wanderbrewing.com","tier":"","message":"","currency":"","rating":8.8},{"name":"Scotty Browns","phone":"3603068823","twitter":"brownssocialize","address":"3101 Newmarket St","lat":48.771379574059026,"lng":-122.4437963962555,"city_fetched":"Bellingham","state":"WA","country":"United States","canonicalUrl":"https://foursquare.com/v/scotty-browns/4abd75ccf964a520748a20e3","category":"Bar","checkinsCount":2095,"usersCount":718,"tipCount":26,"visitsCount":2400,"url":"http://brownsrestaurantgroup.com/scottybrowns/","tier":2,"message":"Moderate","currency":"$","rating":8.7},{"name":"Kulshan Brewing Company","phone":"3603895348","twitter":"kulshanbrewery","address":"2238 James St","lat":48.7602133620574,"lng":-122.46485845235094,"neighborhood":"Sunnyland","city_fetched":"Bellingham","state":"WA","country":"United States","canonicalUrl":"https://foursquare.com/v/kulshan-brewing-company/4f7a52e1e4b07cdfac8b33d3","category":"Brewery","checkinsCount":1999,"usersCount":903,"tipCount":25,"visitsCount":2553,"url":"http://www.kulshanbrewery.com","tier":1,"message":"Cheap","currency":"$","rating":8.7},{"name":"Boundary Bay Brewery","phone":"3606475593","twitter":"boundarybay","address":"1107 Railroad Ave","lat":48.74756586297917,"lng":-122.48081088066101,"neighborhood":"Central Business District","city_fetched":"Bellingham","state":"WA","country":"United States","canonicalUrl":"https://foursquare.com/v/boundary-bay-brewery/485bbcbcf964a520c6501fe3","category":"Brewery","checkinsCount":6345,"usersCount":3553,"tipCount":73,"visitsCount":6913,"url":"http://www.bbaybrewery.com","tier":2,"message":"Moderate","currency":"$","rating":8.7},{"name":"Aslan Brewing Company","phone":"3607782088","twitter":"aslanbrewing","address":"1330 N Forest St","lat":48.74837940731519,"lng":-122.47451305389404,"city_fetched":"Bellingham","state":"WA","country":"United States","canonicalUrl":"https://foursquare.com/v/aslan-brewing-company/5219da0f11d21bc0816f09c9","category":"Brewery","checkinsCount":766,"usersCount":730,"tipCount":20,"visitsCount":1332,"url":"http://aslanbrewing.com","tier":2,"message":"Moderate","currency":"$","rating":8.5},{"name":"Bayou on Bay","phone":"3607522968","twitter":"thebayouonbay","address":"1300 Bay St","lat":48.75131797826208,"lng":-122.48101153812196,"neighborhood":"Central Business District","city_fetched":"Bellingham","state":"WA","country":"United States","canonicalUrl":"https://foursquare.com/v/bayou-on-bay/4b6ce8eaf964a520325d2ce3","category":"Cajun / Creole Restaurant","checkinsCount":2433,"usersCount":1041,"tipCount":47,"visitsCount":2557,"url":"http://www.bayouonbay.com","tier":2,"message":"Moderate","currency":"$","rating":8.4},{"name":"Casa Que Pasa","phone":"3607568226","twitter":"casaquepasabham","address":"1415 Railroad Ave","lat":48.75077044398873,"lng":-122.47627258300781,"neighborhood":"Central Business District","city_fetched":"Bellingham","state":"WA","country":"United States","canonicalUrl":"https://foursquare.com/v/casa-que-pasa/46783ce1f964a520ea471fe3","category":"Bar","checkinsCount":2295,"usersCount":1020,"tipCount":42,"visitsCount":2564,"url":"http://www.casaquepasarocks.com","tier":1,"message":"Cheap","currency":"$","rating":8.4},{"name":"Anthony's","phone":"3606475588","twitter":"anthonysrestsnw","address":"25 Bellwether Way","lat":48.75600389387874,"lng":-122.4943636014961,"city_fetched":"Bellingham","state":"WA","country":"United States","canonicalUrl":"https://foursquare.com/v/anthonys/4afb67a2f964a520a91d22e3","category":"Seafood Restaurant","checkinsCount":963,"usersCount":777,"tipCount":19,"visitsCount":1209,"url":"http://www.anthonys.com/home.html","tier":"","message":"","currency":"","rating":8.3},{"name":"Redlight Bar","twitter":"redlightbham","address":"1017 N State St","lat":48.74569838898211,"lng":-122.48129012583641,"neighborhood":"Central Business District","city_fetched":"Bellingham","state":"WA","country":"United States","canonicalUrl":"https://foursquare.com/v/redlight-bar/4effe9174690f6ecea598404","category":"Cocktail Bar","checkinsCount":551,"usersCount":216,"tipCount":10,"visitsCount":612,"url":"http://www.redlightbellingham.com","tier":2,"message":"Moderate","currency":"$","rating":8.3},{"name":"McKay's Taphouse","phone":"3606473600","twitter":"mckaystaphouse","address":"1118 E Maple St","lat":48.740324,"lng":-122.471215,"city_fetched":"Bellingham","state":"WA","country":"United States","canonicalUrl":"https://foursquare.com/v/mckays-taphouse/4b50f388f964a5203f3a27e3","category":"Pub","checkinsCount":1578,"usersCount":489,"tipCount":14,"visitsCount":1798,"tier":"","message":"","currency":"","rating":8.2},{"name":"The Temple Bar","phone":"3606768660","twitter":"thetemplebar","address":"306 W Champion St","lat":48.75173658096756,"lng":-122.47997275947132,"neighborhood":"Central Business District","city_fetched":"Bellingham","state":"WA","country":"United States","canonicalUrl":"https://foursquare.com/v/the-temple-bar/4af372eaf964a520c9ed21e3","category":"Wine Bar","checkinsCount":812,"usersCount":400,"tipCount":9,"visitsCount":817,"url":"http://templebarbellingham.com","tier":"","message":"","currency":"","rating":8.2},{"name":"Pel Meni","phone":"3607158324","address":"1211 N State St","lat":48.747767481716146,"lng":-122.47838079929352,"neighborhood":"Central Business District","city_fetched":"Bellingham","state":"WA","country":"United States","canonicalUrl":"https://foursquare.com/v/pel-meni/4af4d765f964a520ccf621e3","category":"Dumpling Restaurant","checkinsCount":1205,"usersCount":483,"tipCount":15,"visitsCount":1224,"tier":1,"message":"Cheap","currency":"$","rating":8.1},{"name":"Boston's Restaurant & Sports Bar","phone":"3606765111","twitter":"bostonscorp","address":"70 Bellis Fair Pkwy","lat":48.7841905962713,"lng":-122.48863220214844,"neighborhood":"Meridian","city_fetched":"Bellingham","state":"WA","country":"United States","canonicalUrl":"https://foursquare.com/v/bostons-restaurant--sports-bar/4aaf075ef964a520f96320e3","category":"Pizza Place","checkinsCount":1914,"usersCount":863,"tipCount":10,"visitsCount":2126,"url":"http://www.bostons.com","tier":2,"message":"Moderate","currency":"$","rating":8.1},{"name":"Vinostrology","phone":"3606566817","address":"120 W Holly St","lat":48.750143,"lng":-122.479664,"neighborhood":"Central Business District","city_fetched":"Bellingham","state":"WA","country":"United States","canonicalUrl":"https://foursquare.com/v/vinostrology/519c3028498ee2a5452ea882","category":"Wine Bar","checkinsCount":51,"usersCount":31,"tipCount":5,"visitsCount":51,"url":"http://vinostrology.com","tier":"","message":"","currency":"","rating":8},{"name":"Honeymoon","phone":"3607340728","address":"1053 N State St","lat":48.74650927271317,"lng":-122.48105347553611,"neighborhood":"Central Business District","city_fetched":"Bellingham","state":"WA","country":"United States","canonicalUrl":"https://foursquare.com/v/honeymoon/4b592760f964a5203d7f28e3","category":"Wine Bar","checkinsCount":561,"usersCount":210,"tipCount":12,"visitsCount":571,"url":"http://honeymoonmead.net","tier":"","message":"","currency":"","rating":8},{"name":"Archer Alehouse","address":"1212 10th St","lat":48.720255,"lng":-122.504691,"neighborhood":"Fairhaven","city_fetched":"Bellingham","state":"WA","country":"United States","canonicalUrl":"https://foursquare.com/v/archer-alehouse/4b49135ff964a520db6426e3","category":"Pub","checkinsCount":874,"usersCount":344,"tipCount":11,"visitsCount":903,"tier":"","message":"","currency":"","rating":7.9},{"name":"Copper Hog","phone":"3609277888","address":"1327 N State St","lat":48.74928591526859,"lng":-122.47623292122051,"neighborhood":"Central Business District","city_fetched":"Bellingham","state":"WA","country":"United States","canonicalUrl":"https://foursquare.com/v/copper-hog/4af64ab7f964a520e60222e3","category":"Gastropub","checkinsCount":3599,"usersCount":1264,"tipCount":29,"visitsCount":3907,"url":"http://thecopperhog.com","tier":2,"message":"Moderate","currency":"$","rating":7.8},{"name":"Anthony's Hearthfire Grill","phone":"3605273473","twitter":"hearthfirebham","address":"7 Bellwether Way","lat":48.75480619149993,"lng":-122.49694117008778,"city_fetched":"Bellingham","state":"WA","country":"United States","canonicalUrl":"https://foursquare.com/v/anthonys-hearthfire-grill/4afb68d8f964a520ae1d22e3","category":"Steakhouse","checkinsCount":1137,"usersCount":669,"tipCount":14,"visitsCount":1255,"url":"http://www.anthonys.com","tier":"","message":"","currency":"","rating":7.8},{"name":"Kulshan K2","address":"1537 Kentucky street","lat":48.75763437421324,"lng":-122.45372985593824,"neighborhood":"Roosevelt","city_fetched":"Bellingham","state":"WA","country":"United States","canonicalUrl":"https://foursquare.com/v/kulshan-k2/5565151f498e3e0c2ce4a472","category":"Brewery","checkinsCount":98,"usersCount":108,"tipCount":1,"visitsCount":257,"tier":"","message":"","currency":"","rating":7.7},{"name":"Daphne's","phone":"3607783462","address":"1201 11th St","lat":48.72068049995156,"lng":-122.50460166409582,"neighborhood":"Fairhaven","city_fetched":"Bellingham","state":"WA","country":"United States","canonicalUrl":"https://foursquare.com/v/daphnes/4bb4035749bdc9b662730c10","category":"Bar","checkinsCount":373,"usersCount":167,"tipCount":6,"visitsCount":394,"url":"http://www.daphnesbar.com","tier":"","message":"","currency":"","rating":7.7},{"name":"Jalepenos Family Mexican Restaurant & Lounge","phone":"3606713099","address":"501 W Holly St","lat":48.75243290218914,"lng":-122.48406989849377,"city_fetched":"Bellingham","state":"WA","country":"United States","canonicalUrl":"https://foursquare.com/v/jalepenos-family-mexican-restaurant--lounge/4b7b4097f964a520b15a2fe3","category":"Mexican Restaurant","checkinsCount":1566,"usersCount":752,"tipCount":19,"visitsCount":1816,"url":"http://www.jalapenosbellingham.com","tier":2,"message":"Moderate","currency":"$","rating":7.7},{"name":"El Gitano","phone":"3607141065","address":"1125 E Sunset Dr","lat":48.77369880939393,"lng":-122.46176719665527,"city_fetched":"Bellingham","state":"WA","country":"United States","canonicalUrl":"https://foursquare.com/v/el-gitano/4b6e11a3f964a5201da82ce3","category":"Mexican Restaurant","checkinsCount":1196,"usersCount":448,"tipCount":23,"visitsCount":1311,"url":"http://elgitano.net","tier":2,"message":"Moderate","currency":"$","rating":7.7},{"name":"Green Frog Cafe Acoustic Tavern","phone":"3607561213","twitter":"acoustictavern","address":"902 N State St #104","lat":48.74573479854388,"lng":-122.48140958181105,"neighborhood":"Central Business District","city_fetched":"Bellingham","state":"WA","country":"United States","canonicalUrl":"https://foursquare.com/v/green-frog-cafe-acoustic-tavern/4ba2c31cf964a520151738e3","category":"Bar","checkinsCount":1057,"usersCount":418,"tipCount":5,"visitsCount":1163,"url":"http://www.acoustictavern.com","tier":"","message":"","currency":"","rating":7.6},{"name":"The Racket Bar & Pinball Lounge","lat":48.7476965854411,"lng":-122.478135037014,"city_fetched":"Bellingham","state":"WA","country":"United States","canonicalUrl":"https://foursquare.com/v/the-racket-bar--pinball-lounge/5599968b498ea6e88bd07fa1","category":"Bar","checkinsCount":223,"usersCount":55,"tipCount":1,"visitsCount":238,"tier":"","message":"","currency":"","rating":7.6},{"name":"April Brews Day Beerfest","address":"1100 Railroad Ave","lat":48.74744995176785,"lng":-122.4802803972623,"neighborhood":"Central Business District","city_fetched":"Bellingham","state":"WA","country":"United States","canonicalUrl":"https://foursquare.com/v/april-brews-day-beerfest/4dbca7504b222080d3984218","category":"Beer Garden","checkinsCount":117,"usersCount":94,"tipCount":0,"visitsCount":122,"tier":"","message":"","currency":"","rating":7.6},{"name":"NYP Bar and Grill","phone":"3607333171","address":"902 N State St","lat":48.74443,"lng":-122.48283,"city_fetched":"Bellingham","state":"WA","country":"United States","canonicalUrl":"https://foursquare.com/v/nyp-bar-and-grill/4afa34a8f964a520531722e3","category":"Sports Bar","checkinsCount":2386,"usersCount":914,"tipCount":28,"visitsCount":2725,"url":"http://www.newyorkpizzaandbar.com","tier":2,"message":"Moderate","currency":"$","rating":7.6},{"name":"The Shakedown","twitter":"shakedownbham","address":"1212 N State St","lat":48.747583,"lng":-122.47823,"city_fetched":"Bellingham","state":"WA","country":"United States","canonicalUrl":"https://foursquare.com/v/the-shakedown/4d82cfee61676dcba8684ee4","category":"Rock Club","checkinsCount":1120,"usersCount":351,"tipCount":6,"visitsCount":1170,"url":"http://www.shakedownbellingham.com","tier":"","message":"","currency":"","rating":7.5},{"name":"The Local Public House","phone":"3603063731","address":"1427 Railroad Ave","lat":48.75110186661876,"lng":-122.47576256208157,"neighborhood":"Central Business District","city_fetched":"Bellingham","state":"WA","country":"United States","canonicalUrl":"https://foursquare.com/v/the-local-public-house/525db34211d2f2ff175351d0","category":"Gastropub","checkinsCount":409,"usersCount":237,"tipCount":11,"visitsCount":498,"tier":"","message":"","currency":"","rating":7.5},{"name":"Wild Buffalo","phone":"3603123684","address":"208 W Holly St","lat":48.7508891,"lng":-122.48048206666665,"neighborhood":"Central Business District","city_fetched":"Bellingham","state":"WA","country":"United States","canonicalUrl":"https://foursquare.com/v/wild-buffalo/4b330f6ff964a5205b1725e3","category":"Music Venue","checkinsCount":1585,"usersCount":644,"tipCount":17,"visitsCount":1740,"tier":"","message":"","currency":"","rating":7.5},{"name":"Chuckanut Brewery & Kitchen","phone":"3607523377","twitter":"chuckanutbeer","address":"601 W Holly St","lat":48.7533199,"lng":-122.4850924,"city_fetched":"Bellingham","state":"WA","country":"United States","canonicalUrl":"https://foursquare.com/v/chuckanut-brewery--kitchen/4b08d0c6f964a5208f1223e3","category":"Brewery","checkinsCount":1348,"usersCount":1168,"tipCount":23,"visitsCount":1690,"url":"http://chuckanutbreweryandkitchen.com","tier":"","message":"","currency":"","rating":7.5},{"name":"Extremes Sports Grill","address":"4156 Meridian St","lat":48.792367,"lng":-122.48540229,"neighborhood":"Meridian","city_fetched":"Bellingham","state":"WA","country":"United States","canonicalUrl":"https://foursquare.com/v/extremes-sports-grill/4b57c1c3f964a5207f3f28e3","category":"Sports Bar","checkinsCount":563,"usersCount":290,"tipCount":10,"visitsCount":592,"tier":"","message":"","currency":"","rating":7.4},{"name":"Bellingham Bar & Grill","phone":"3607332579","address":"1408 Cornwall Ave","lat":48.751074,"lng":-122.477239,"neighborhood":"Central Business District","city_fetched":"Bellingham","state":"WA","country":"United States","canonicalUrl":"https://foursquare.com/v/bellingham-bar--grill/4b514945f964a520d14927e3","category":"Bar","checkinsCount":1485,"usersCount":462,"tipCount":8,"visitsCount":1544,"url":"http://bellinghambarandgrill.com","tier":"","message":"","currency":"","rating":7.4},{"name":"Schweinhaus Biergarten","phone":"3606710206","twitter":"schweinhaus","address":"1330 N State St","lat":48.749161,"lng":-122.47564,"city_fetched":"Bellingham","state":"WA","country":"United States","canonicalUrl":"https://foursquare.com/schweinhaus","category":"Beer Garden","checkinsCount":259,"usersCount":175,"tipCount":2,"visitsCount":360,"url":"http://www.schweinhausbiergarten.com","tier":"","message":"","currency":"","rating":7.4},{"name":"The Fireside Martini & Wine Bar","phone":"3607381000","twitter":"firesidemartini","address":"416 W Bakerview Rd","lat":48.79036778662228,"lng":-122.49562018817979,"city_fetched":"Bellingham","state":"WA","country":"United States","canonicalUrl":"https://foursquare.com/v/the-fireside-martini--wine-bar/4be20db1660ec928179ec83b","category":"Cocktail Bar","checkinsCount":243,"usersCount":166,"tipCount":10,"visitsCount":245,"tier":"","message":"","currency":"","rating":7.3},{"name":"Slo-Pitch Sports Grill","phone":"3607332255","address":"3720 Meridian St","lat":48.781038813383226,"lng":-122.48573030346199,"city_fetched":"Bellingham","state":"WA","country":"United States","canonicalUrl":"https://foursquare.com/v/slopitch-sports-grill/4b5bc63ff964a520681529e3","category":"Casino","checkinsCount":927,"usersCount":324,"tipCount":15,"visitsCount":1221,"url":"http://www.slopitchcasino.com","tier":"","message":"","currency":"","rating":7.2},{"name":"Village Inn Pub & Eatery","phone":"3607342490","address":"3020 Northwest Ave","lat":48.771283,"lng":-122.49260654,"city_fetched":"Bellingham","state":"WA","country":"United States","canonicalUrl":"https://foursquare.com/v/village-inn-pub--eatery/4b8dffa0f964a520931533e3","category":"Karaoke Bar","checkinsCount":352,"usersCount":129,"tipCount":6,"visitsCount":400,"tier":"","message":"","currency":"","rating":7.1},{"name":"Royal Inn Restaurant","phone":"3607383701","address":"208 E Holly St","lat":48.74869774716571,"lng":-122.47781753540039,"neighborhood":"Central Business District","city_fetched":"Bellingham","state":"WA","country":"United States","canonicalUrl":"https://foursquare.com/v/royal-inn-restaurant/40b13b00f964a520fbf61ee3","category":"Bar","checkinsCount":1463,"usersCount":342,"tipCount":3,"visitsCount":1519,"url":"http://theroyal.biz","tier":"","message":"","currency":"","rating":7.1},{"name":"The Grand Avenue Alehouse","phone":"3606713080","address":"113 Grand Ave","lat":48.75249372076864,"lng":-122.47987131732994,"city_fetched":"Bellingham","state":"WA","country":"United States","canonicalUrl":"https://foursquare.com/v/the-grand-avenue-alehouse/4b2acfc3f964a5201cb024e3","category":"Bar","checkinsCount":1453,"usersCount":379,"tipCount":18,"visitsCount":1586,"url":"http://grandavenuealehouse.com","tier":1,"message":"Cheap","currency":"$","rating":7.1},{"name":"On Rice Thai Cuisine & Spirit","phone":"3607389995","address":"2200 Rimland Dr","lat":48.7730005752714,"lng":-122.44440525770187,"city_fetched":"Bellingham","state":"WA","country":"United States","canonicalUrl":"https://foursquare.com/v/on-rice-thai-cuisine--spirit/4b1d3967f964a520400d24e3","category":"Thai Restaurant","checkinsCount":649,"usersCount":304,"tipCount":11,"visitsCount":740,"url":"http://www.onrice.biz","tier":"","message":"","currency":"","rating":7},{"name":"Rumors Cabaret","phone":"3606711849","twitter":"rumorscabaret","address":"1119 Railroad Ave","lat":48.74787005935955,"lng":-122.48056411743164,"neighborhood":"Central Business District","city_fetched":"Bellingham","state":"WA","country":"United States","canonicalUrl":"https://foursquare.com/v/rumors-cabaret/437bc800f964a5209c2a1fe3","category":"Nightclub","checkinsCount":2985,"usersCount":657,"tipCount":22,"visitsCount":3079,"url":"http://www.rumorscabaret.com","tier":1,"message":"Cheap","currency":"$","rating":7},{"name":"The Real McCoy","phone":"3603928051","address":"114 Prospect St","lat":48.752453,"lng":-122.480618,"city_fetched":"Bellingham","state":"WA","country":"United States","canonicalUrl":"https://foursquare.com/v/the-real-mccoy/50ac1d22e4b0651a4691bd3c","category":"Cocktail Bar","checkinsCount":119,"usersCount":72,"tipCount":4,"visitsCount":119,"tier":"","message":"","currency":"","rating":6.9}]