[{"name":"Deschutes Brewery & Public House","phone":"5413829242","twitter":"deschutesbeer","address":"1044 NW Bond St","lat":44.059473559361564,"lng":-121.31156086921692,"city_fetched":"Bend","state":"OR","country":"United States","canonicalUrl":"https://foursquare.com/deschutesbeer","category":"Brewery","checkinsCount":7930,"usersCount":5476,"tipCount":95,"visitsCount":9157,"url":"https://www.deschutesbrewery.com/pubs/bend","tier":2,"message":"Moderate","currency":"$","rating":9.6},{"name":"Crux Fermentation Project","phone":"5413853333","twitter":"cruxbrew","address":"50 SW Division St","lat":44.050621763189575,"lng":-121.30793232446787,"city_fetched":"Bend","state":"OR","country":"United States","canonicalUrl":"https://foursquare.com/v/crux-fermentation-project/4fcaf8cee4b0499e2bbdbff3","category":"Brewery","checkinsCount":3407,"usersCount":2634,"tipCount":62,"visitsCount":4692,"url":"http://cruxfermentation.com","tier":2,"message":"Moderate","currency":"$","rating":9.5},{"name":"Boneyard Beer","phone":"5413232325","twitter":"boneyardbeer","address":"37 NW Lake Pl","lat":44.054201,"lng":-121.30817233,"neighborhood":"Old Bend","city_fetched":"Bend","state":"OR","country":"United States","canonicalUrl":"https://foursquare.com/v/boneyard-beer/4bf5bbca5e800f476f17e6d4","category":"Brewery","checkinsCount":1649,"usersCount":1511,"tipCount":17,"visitsCount":2110,"url":"http://www.boneyardbeer.com","tier":"","message":"","currency":"","rating":9.2},{"name":"10 Barrel Brewing Company","phone":"5415851007","twitter":"10barrelbrewing","address":"1135 NW Galveston Ave","lat":44.05643882,"lng":-121.328576,"city_fetched":"Bend","state":"OR","country":"United States","canonicalUrl":"https://foursquare.com/v/10-barrel-brewing-company/4af1f75ef964a520d5e421e3","category":"Brewery","checkinsCount":6394,"usersCount":3765,"tipCount":85,"visitsCount":7441,"url":"http://10barrel.com","tier":2,"message":"Moderate","currency":"$","rating":9.1},{"name":"Deschutes Brewery Brewhouse","phone":"5413858606","twitter":"deschutesbeer","address":"901 SW Simpson Ave","lat":44.04675266582644,"lng":-121.3225205765921,"city_fetched":"Bend","state":"OR","country":"United States","canonicalUrl":"https://foursquare.com/v/deschutes-brewery-brewhouse/4e959ce530f82cbde9db75a5","category":"Factory","checkinsCount":1304,"usersCount":1210,"tipCount":9,"visitsCount":1533,"url":"http://www.deschutesbrewery.com","tier":"","message":"","currency":"","rating":9},{"name":"Velvet","phone":"5417280303","address":"805 NW Wall St","lat":44.058301637115235,"lng":-121.3150691986084,"neighborhood":"Old Bend","city_fetched":"Bend","state":"OR","country":"United States","canonicalUrl":"https://foursquare.com/v/velvet/4bd3d425462cb713ef6adf07","category":"Lounge","checkinsCount":731,"usersCount":361,"tipCount":9,"visitsCount":737,"url":"http://velvetbend.com","tier":"","message":"","currency":"","rating":8.6},{"name":"Les Schwab Ampitheater","address":"975 SW Colorado Ave","lat":44.04647107846875,"lng":-121.3181132690777,"city_fetched":"Bend","state":"OR","country":"United States","canonicalUrl":"https://foursquare.com/v/les-schwab-ampitheater/4b7610adf964a520493a2ee3","category":"Music Venue","checkinsCount":1444,"usersCount":1136,"tipCount":10,"visitsCount":1869,"tier":"","message":"","currency":"","rating":8.5},{"name":"Brother Jon’s Alehouse","phone":"5417280102","twitter":"brotherjonsale","address":"1051 NW Bond St","lat":44.05992092840855,"lng":-121.3115882813653,"city_fetched":"Bend","state":"OR","country":"United States","canonicalUrl":"https://foursquare.com/v/brother-jons-alehouse/4f29990be4b0ea161e62ca99","category":"Pub","checkinsCount":1402,"usersCount":667,"tipCount":13,"visitsCount":1504,"url":"http://www.brotherjonsalehouse.com","tier":"","message":"","currency":"","rating":8.4},{"name":"The Growler Guys","phone":"5412138579","twitter":"thegrowlerguys","address":"2699 NE Highway 20","lat":44.05430990923612,"lng":-121.26414784442656,"city_fetched":"Bend","state":"OR","country":"United States","canonicalUrl":"https://foursquare.com/v/the-growler-guys/51187d3be4b02a68df535f31","category":"Beer Garden","checkinsCount":193,"usersCount":90,"tipCount":7,"visitsCount":204,"url":"http://www.thegrowlerguys.com","tier":"","message":"","currency":"","rating":8.4},{"name":"Broken Top Bottle Shop","phone":"5417280703","twitter":"btbsbend","address":"1740 NW Pence Ln #1","lat":44.06324070775131,"lng":-121.33876718064423,"city_fetched":"Bend","state":"OR","country":"United States","canonicalUrl":"https://foursquare.com/v/broken-top-bottle-shop/4f2ddb23e4b0620357138991","category":"Gastropub","checkinsCount":1190,"usersCount":486,"tipCount":18,"visitsCount":1516,"url":"http://www.btbsbend.com","tier":2,"message":"Moderate","currency":"$","rating":8.4},{"name":"McMenamins Old St. Francis School","phone":"5413825174","address":"700 NW Bond St","lat":44.0566081,"lng":-121.31442,"neighborhood":"Old Bend","city_fetched":"Bend","state":"OR","country":"United States","canonicalUrl":"https://foursquare.com/v/mcmenamins-old-st-francis-school/4af1f7e6f964a520dbe421e3","category":"Brewery","checkinsCount":5040,"usersCount":2788,"tipCount":55,"visitsCount":5864,"url":"http://www.mcmenamins.com/421-old-st-francis-school-home","tier":2,"message":"Moderate","currency":"$","rating":8.4},{"name":"GoodLife Brewing","phone":"5417280749","twitter":"goodlifebrewing","address":"70 SW Century Dr","lat":44.05078382111739,"lng":-121.3303792476654,"city_fetched":"Bend","state":"OR","country":"United States","canonicalUrl":"https://foursquare.com/goodlifebrewing","category":"Brewery","checkinsCount":1919,"usersCount":1422,"tipCount":20,"visitsCount":2325,"url":"http://goodlifebrewing.com","tier":"","message":"","currency":"","rating":8.3},{"name":"Worthy Brewing Company","phone":"5416394776","twitter":"worthybrewing","address":"495 NE Bellevue Dr","lat":44.055506955889186,"lng":-121.26074828434973,"neighborhood":"Mountain View","city_fetched":"Bend","state":"OR","country":"United States","canonicalUrl":"https://foursquare.com/v/worthy-brewing-company/50d0d422e4b0707f73d3da90","category":"Brewery","checkinsCount":1644,"usersCount":1260,"tipCount":26,"visitsCount":2351,"url":"http://www.worthybrewing.com","tier":2,"message":"Moderate","currency":"$","rating":8.3},{"name":"JC's Bar And Grill","address":"812 NW Wall St","lat":44.05798807074549,"lng":-121.31460696867929,"city_fetched":"Bend","state":"OR","country":"United States","canonicalUrl":"https://foursquare.com/v/jcs-bar-and-grill/4bccaaeeb6c49c74d7299491","category":"Bar","checkinsCount":741,"usersCount":330,"tipCount":5,"visitsCount":747,"tier":"","message":"","currency":"","rating":8.2},{"name":"Zydeco Kitchen & Cocktails","phone":"5413122899","address":"919 NW Bond St","lat":44.05859050587439,"lng":-121.31286477006354,"city_fetched":"Bend","state":"OR","country":"United States","canonicalUrl":"https://foursquare.com/v/zydeco-kitchen--cocktails/4af0f938f964a5205ce021e3","category":"Lounge","checkinsCount":1106,"usersCount":791,"tipCount":21,"visitsCount":1166,"url":"http://www.zydecokitchen.com","tier":"","message":"","currency":"","rating":8.1},{"name":"dogwood cocktail cabin","lat":44.05871256568833,"lng":-121.31418744953052,"city_fetched":"Bend","state":"OR","country":"United States","canonicalUrl":"https://foursquare.com/v/dogwood-cocktail-cabin/533f2130498e87e5ccc1ee8f","category":"Cocktail Bar","checkinsCount":166,"usersCount":114,"tipCount":6,"visitsCount":169,"tier":"","message":"","currency":"","rating":8},{"name":"Brother Jon's Public House","phone":"5413063321","address":"1227 NW Galveston Ave","lat":44.05641911666667,"lng":-121.329358,"city_fetched":"Bend","state":"OR","country":"United States","canonicalUrl":"https://foursquare.com/v/brother-jons-public-house/4b4eb5d8f964a52068f426e3","category":"Pub","checkinsCount":1582,"usersCount":618,"tipCount":29,"visitsCount":1711,"url":"http://brotherjonspublichouse.com","tier":"","message":"","currency":"","rating":8},{"name":"Bend Brewing Company","phone":"5413831599","address":"1019 NW Brooks St","lat":44.06047241765023,"lng":-121.31370604673505,"city_fetched":"Bend","state":"OR","country":"United States","canonicalUrl":"https://foursquare.com/v/bend-brewing-company/4b3aaf26f964a520a36c25e3","category":"Brewery","checkinsCount":2699,"usersCount":2014,"tipCount":47,"visitsCount":3039,"url":"http://bendbrewingco.com","tier":2,"message":"Moderate","currency":"$","rating":8},{"name":"O'Kanes Whiskey & Cigar Bar","phone":"5413308563","address":"700 NW Bond St","lat":44.05618903447261,"lng":-121.31317019462585,"neighborhood":"Old Bend","city_fetched":"Bend","state":"OR","country":"United States","canonicalUrl":"https://foursquare.com/v/okanes-whiskey--cigar-bar/4b453a77f964a5208d0826e3","category":"Whisky Bar","checkinsCount":1057,"usersCount":478,"tipCount":9,"visitsCount":1177,"url":"http://www.mcmenamins.com/546-o-kanes-home","tier":2,"message":"Moderate","currency":"$","rating":7.9},{"name":"Kelly D's Sports Bar","phone":"5413895625","address":"1012 SE Cleveland","lat":44.040547013282776,"lng":-121.3024628162384,"city_fetched":"Bend","state":"OR","country":"United States","canonicalUrl":"https://foursquare.com/v/kelly-ds-sports-bar/4becca116b88c9b6dc868762","category":"Sports Bar","checkinsCount":249,"usersCount":91,"tipCount":5,"visitsCount":342,"url":"http://kellyds.com","tier":"","message":"","currency":"","rating":7.9},{"name":"Silver Moon Brewing & Tap Room","phone":"5413888331","twitter":"silvermoonbeer","address":"24 NW Greenwood Ave","lat":44.06009227869159,"lng":-121.30785137414932,"city_fetched":"Bend","state":"OR","country":"United States","canonicalUrl":"https://foursquare.com/v/silver-moon-brewing--tap-room/4af1f5e4f964a520c9e421e3","category":"Brewery","checkinsCount":1626,"usersCount":1347,"tipCount":22,"visitsCount":2057,"url":"http://www.silvermoonbrewing.com","tier":1,"message":"Cheap","currency":"$","rating":7.9},{"name":"Cabin 22 Bar & Grill","phone":"5413063322","address":"25 SW Century Dr","lat":44.05096809769231,"lng":-121.33215350431358,"city_fetched":"Bend","state":"OR","country":"United States","canonicalUrl":"https://foursquare.com/v/cabin-22-bar--grill/535a8159498e12eef58b7ccf","category":"New American Restaurant","checkinsCount":145,"usersCount":184,"tipCount":2,"visitsCount":293,"url":"http://www.cabin22bend.com","tier":2,"message":"Moderate","currency":"$","rating":7.9},{"name":"Astro Lounge","phone":"5413880116","address":"939 NW Bond St","lat":44.05867943037286,"lng":-121.31286978721619,"city_fetched":"Bend","state":"OR","country":"United States","canonicalUrl":"https://foursquare.com/v/astro-lounge/4e1fc262814d32181a6d2b3d","category":"Cocktail Bar","checkinsCount":1858,"usersCount":463,"tipCount":13,"visitsCount":1894,"url":"http://astroloungebend.com","tier":"","message":"","currency":"","rating":7.7},{"name":"DRAKE","phone":"5413063366","address":"801 NW Wall St","lat":44.058305,"lng":-121.315317,"neighborhood":"Old Bend","city_fetched":"Bend","state":"OR","country":"United States","canonicalUrl":"https://foursquare.com/v/drake/51803277e4b0371cad5cdd91","category":"Gastropub","checkinsCount":396,"usersCount":296,"tipCount":12,"visitsCount":430,"url":"http://www.drakebend.com","tier":2,"message":"Moderate","currency":"$","rating":7.7},{"name":"Hideaway Tavern","phone":"5413129898","address":"939 SE 2nd St","lat":44.040852,"lng":-121.304356,"city_fetched":"Bend","state":"OR","country":"United States","canonicalUrl":"https://foursquare.com/v/hideaway-tavern/5079b4cfe4b065f1dd6daf03","category":"American Restaurant","checkinsCount":954,"usersCount":206,"tipCount":11,"visitsCount":1263,"url":"http://hideawaytavernbend.com","tier":2,"message":"Moderate","currency":"$","rating":7.7},{"name":"Sidelines Sports Bar & Grill","phone":"5413858898","address":"1020 NW Wall St","lat":44.059887,"lng":-121.312837,"city_fetched":"Bend","state":"OR","country":"United States","canonicalUrl":"https://foursquare.com/v/sidelines-sports-bar--grill/4b21c5e6f964a520424124e3","category":"Sports Bar","checkinsCount":1299,"usersCount":494,"tipCount":11,"visitsCount":1437,"url":"http://www.myspace.com/sidelinesbend","tier":"","message":"","currency":"","rating":7.7},{"name":"10below Restaurant","phone":"5413821010","address":"10 NW Minnesota Ave","lat":44.0579164,"lng":-121.3123685,"city_fetched":"Bend","state":"OR","country":"United States","canonicalUrl":"https://foursquare.com/v/10below-restaurant/4b6e2391f964a52024ad2ce3","category":"Restaurant","checkinsCount":683,"usersCount":366,"tipCount":16,"visitsCount":694,"url":"http://www.oxfordsuites.com","tier":4,"message":"Very Expensive","currency":"$","rating":7.6},{"name":"Hola!","phone":"5416472711","twitter":"holabend","address":"650 SW Powerhouse Dr","lat":44.04448323,"lng":-121.3145608,"city_fetched":"Bend","state":"OR","country":"United States","canonicalUrl":"https://foursquare.com/v/hola/4bc91e37cc8cd13a1a29bbcf","category":"Latin American Restaurant","checkinsCount":778,"usersCount":321,"tipCount":24,"visitsCount":785,"url":"http://holabend.com","tier":2,"message":"Moderate","currency":"$","rating":7.5},{"name":"The Blacksmith Restaurant, Bar & Lounge","phone":"5413180588","twitter":"bendblacksmith","address":"211 NW Greenwood Ave","lat":44.059527,"lng":-121.31049,"city_fetched":"Bend","state":"OR","country":"United States","canonicalUrl":"https://foursquare.com/v/the-blacksmith-restaurant-bar--lounge/4a90deb4f964a520a71920e3","category":"Steakhouse","checkinsCount":931,"usersCount":562,"tipCount":25,"visitsCount":1061,"url":"http://www.bendblacksmith.com","tier":3,"message":"Expensive","currency":"$","rating":7.4},{"name":"The Growler Guys","phone":"5417978381","twitter":"thegrowlerguys","address":"1400 NW College Way","lat":44.063104829023935,"lng":-121.33712768554688,"city_fetched":"Bend","state":"OR","country":"United States","canonicalUrl":"https://foursquare.com/v/the-growler-guys/51c249f8498e79ef54931930","category":"Beer Garden","checkinsCount":47,"usersCount":50,"tipCount":1,"visitsCount":62,"url":"http://www.thegrowlerguys.com","tier":"","message":"","currency":"","rating":7.4},{"name":"D & D Bar & Grill","phone":"5413824592","address":"927 NW Bond St","lat":44.058556069574195,"lng":-121.31303071975708,"city_fetched":"Bend","state":"OR","country":"United States","canonicalUrl":"https://foursquare.com/v/d--d-bar--grill/4af5d7bff964a520a6fd21e3","category":"Sports Bar","checkinsCount":711,"usersCount":341,"tipCount":5,"visitsCount":715,"tier":"","message":"","currency":"","rating":7.4},{"name":"Fireside Bar","phone":"5413825174","address":"700 NW Bond St","lat":44.05675732827213,"lng":-121.3144218743317,"neighborhood":"Old Bend","city_fetched":"Bend","state":"OR","country":"United States","canonicalUrl":"https://foursquare.com/v/fireside-bar/4e4c46b3bd413c4cc6682866","category":"Bar","checkinsCount":492,"usersCount":284,"tipCount":4,"visitsCount":493,"tier":"","message":"","currency":"","rating":7.3},{"name":"Cascade Lakes Brewing","phone":"5413884998","twitter":"cascadelakesale","address":"1441 SW Chandler Ave","lat":44.041576087974605,"lng":-121.3326644897461,"neighborhood":"Century West","city_fetched":"Bend","state":"OR","country":"United States","canonicalUrl":"https://foursquare.com/v/cascade-lakes-brewing/4af1f6baf964a520cfe421e3","category":"Brewery","checkinsCount":1794,"usersCount":1328,"tipCount":18,"visitsCount":2205,"url":"http://www.cascadelakes.com","tier":2,"message":"Moderate","currency":"$","rating":7.3},{"name":"Kayo's Dinner House & Lounge","phone":"5413232520","twitter":"kayosdinner","address":"415 NE 3rd St","lat":44.05441293544749,"lng":-121.30304493418699,"city_fetched":"Bend","state":"OR","country":"United States","canonicalUrl":"https://foursquare.com/v/kayos-dinner-house--lounge/4d48a81183eda1cdd913a0b1","category":"Restaurant","checkinsCount":149,"usersCount":86,"tipCount":2,"visitsCount":155,"url":"http://www.kayosdinnerhouse.net","tier":3,"message":"Expensive","currency":"$","rating":7.2},{"name":"The Stihl Whiskey Bar","lat":44.05730111674154,"lng":-121.31343269761977,"city_fetched":"Bend","state":"OR","country":"United States","canonicalUrl":"https://foursquare.com/v/the-stihl-whiskey-bar/54067970498e9778ef2843ab","category":"Whisky Bar","checkinsCount":83,"usersCount":60,"tipCount":2,"visitsCount":85,"tier":"","message":"","currency":"","rating":7.2},{"name":"RiverBend Brewing Company","phone":"5415507550","address":"2650 NE Division St","lat":44.075811,"lng":-121.30537,"city_fetched":"Bend","state":"OR","country":"United States","canonicalUrl":"https://foursquare.com/v/riverbend-brewing-company/527f1609498e9c229f40b030","category":"Sports Bar","checkinsCount":248,"usersCount":254,"tipCount":3,"visitsCount":369,"url":"http://riverbendbrewing.com","tier":"","message":"","currency":"","rating":7.2},{"name":"SEVEN Nightclub","phone":"5417609412","address":"1033 NW Bond St","lat":44.05951981897437,"lng":-121.31191492080688,"city_fetched":"Bend","state":"OR","country":"United States","canonicalUrl":"https://foursquare.com/v/seven-nightclub/4a90ed87f964a520b41920e3","category":"Nightclub","checkinsCount":717,"usersCount":231,"tipCount":6,"visitsCount":722,"url":"http://www.sevenbend.com","tier":"","message":"","currency":"","rating":7},{"name":"Growler Phil's","phone":"5413063443","twitter":"growlerphils","address":"1244 NW Galveston Ave","lat":44.056861428899595,"lng":-121.32980743099041,"city_fetched":"Bend","state":"OR","country":"United States","canonicalUrl":"https://foursquare.com/v/growler-phils/517af42fe4b03145888a39f6","category":"Beer Store","checkinsCount":161,"usersCount":90,"tipCount":3,"visitsCount":165,"url":"http://www.growlerphils.com","tier":"","message":"","currency":"","rating":7},{"name":"Portello Wine Cafe","phone":"5413851777","address":"2754 NW Crossing Dr","lat":44.05896642137488,"lng":-121.35573008232214,"city_fetched":"Bend","state":"OR","country":"United States","canonicalUrl":"https://foursquare.com/v/portello-wine-cafe/4b5229bbf964a520a26c27e3","category":"Wine Bar","checkinsCount":415,"usersCount":128,"tipCount":14,"visitsCount":419,"url":"http://portellowinecafe.com","tier":"","message":"","currency":"","rating":7}]