[{"name":"Sportsman Food & Spirits","lat":41.363402,"lng":-96.1560560111852,"city_fetched":"Bennington","state":"NE","country":"United States","canonicalUrl":"https://foursquare.com/v/sportsman-food--spirits/4c82cb552f1c236a44553d43","category":"Bar","checkinsCount":163,"usersCount":72,"tipCount":7,"visitsCount":168,"tier":"","message":"","currency":"","rating":7.8},{"name":"The Warehouse","phone":"4022383000","address":"15409 s 2nd","lat":41.37219716979103,"lng":-96.16235901927789,"city_fetched":"Bennington","state":"NE","country":"United States","canonicalUrl":"https://foursquare.com/v/the-warehouse/4d7c2c4c6152b60c4a828d26","category":"Bar","checkinsCount":332,"usersCount":205,"tipCount":5,"visitsCount":441,"url":"http://www.benningtonwarehouse.com","tier":"","message":"","currency":"","rating":7.5}]