[{"name":"Parkside Café","phone":"2055950920","address":"4036 5th Ave S","lat":33.52182780483324,"lng":-86.77320781743448,"neighborhood":"Forest Park","city_fetched":"Birmingham","state":"AL","country":"United States","canonicalUrl":"https://foursquare.com/v/parkside-caf%C3%A9/4b493a0af964a520b06a26e3","category":"Bar","checkinsCount":4044,"usersCount":1325,"tipCount":18,"visitsCount":4656,"tier":2,"message":"Moderate","currency":"$","rating":9.5},{"name":"Good People Brewing Company","phone":"2052862337","twitter":"gpbrewing","address":"114 14th St S","lat":33.50704924881552,"lng":-86.81199073791504,"neighborhood":"Five Points South","city_fetched":"Birmingham","state":"AL","country":"United States","canonicalUrl":"https://foursquare.com/gpbrewing","category":"Brewery","checkinsCount":4416,"usersCount":2299,"tipCount":37,"visitsCount":5326,"url":"http://www.goodpeoplebrewing.com","tier":2,"message":"Moderate","currency":"$","rating":9.4},{"name":"Avondale Brewing Company","phone":"2057775456","twitter":"avondalebrewing","address":"201 41st St S","lat":33.52451296488369,"lng":-86.77404215250755,"neighborhood":"Forest Park","city_fetched":"Birmingham","state":"AL","country":"United States","canonicalUrl":"https://foursquare.com/v/avondale-brewing-company/4c250bbbf1272d7f8f1984c5","category":"Brewery","checkinsCount":6719,"usersCount":2749,"tipCount":56,"visitsCount":7370,"url":"http://www.avondalebrewing.com","tier":2,"message":"Moderate","currency":"$","rating":9.2},{"name":"Highland's Bar & Grill","phone":"2059391400","address":"2011 11th Ave S","lat":33.50065714309365,"lng":-86.79547966735771,"neighborhood":"Five Points South","city_fetched":"Birmingham","state":"AL","country":"United States","canonicalUrl":"https://foursquare.com/v/highlands-bar--grill/4b54cb0df964a520bbcc27e3","category":"Bar","checkinsCount":1089,"usersCount":727,"tipCount":34,"visitsCount":1115,"url":"http://highlandsbarandgrill.com","tier":"","message":"","currency":"","rating":9.2},{"name":"The Collins Bar","phone":"2053237995","twitter":"collinsbham","address":"2125 2nd Ave N","lat":33.51649445191471,"lng":-86.80393137498477,"neighborhood":"Central City","city_fetched":"Birmingham","state":"AL","country":"United States","canonicalUrl":"https://foursquare.com/v/the-collins-bar/523cd5d811d290cb022ac2c1","category":"Bar","checkinsCount":1820,"usersCount":1184,"tipCount":27,"visitsCount":2507,"url":"http://www.collinsbirmingham.com","tier":2,"message":"Moderate","currency":"$","rating":9.2},{"name":"Cahaba Brewing Company","twitter":"cahababrewing","address":"4500 5th Ave S Ste C","lat":33.527382,"lng":-86.765382,"city_fetched":"Birmingham","state":"AL","country":"United States","canonicalUrl":"https://foursquare.com/v/cahaba-brewing-company/56a054a7498e4578acaccc83","category":"Brewery","checkinsCount":275,"usersCount":347,"tipCount":6,"visitsCount":629,"tier":"","message":"","currency":"","rating":9.2},{"name":"The J. Clyde","phone":"2059391312","twitter":"jclyde_bham","address":"1312 Cobb Ln S","lat":33.498071576929725,"lng":-86.7953234910965,"neighborhood":"Five Points South","city_fetched":"Birmingham","state":"AL","country":"United States","canonicalUrl":"https://foursquare.com/v/the-j-clyde/4b16f61ef964a52029c023e3","category":"Restaurant","checkinsCount":8069,"usersCount":2818,"tipCount":87,"visitsCount":8830,"url":"http://jclyde.com","tier":2,"message":"Moderate","currency":"$","rating":9},{"name":"Seasons 52","phone":"2059685152","twitter":"seasons52","address":"245 Summit Blvd","lat":33.44934714,"lng":-86.72948345,"city_fetched":"Birmingham","state":"AL","country":"United States","canonicalUrl":"https://foursquare.com/v/seasons-52/515333c1e4b038b84c25e3bf","category":"New American Restaurant","checkinsCount":1131,"usersCount":1086,"tipCount":19,"visitsCount":1762,"url":"http://seasons52.com","tier":3,"message":"Expensive","currency":"$","rating":9},{"name":"The Garage Cafe","phone":"2053223220","address":"2304 10th Ter S","lat":33.50376,"lng":-86.79072356,"neighborhood":"Five Points South","city_fetched":"Birmingham","state":"AL","country":"United States","canonicalUrl":"https://foursquare.com/v/the-garage-cafe/4b5399e2f964a52026a427e3","category":"Pub","checkinsCount":2346,"usersCount":1192,"tipCount":28,"visitsCount":2746,"url":"http://garagecafe.us","tier":2,"message":"Moderate","currency":"$","rating":9},{"name":"Paramount","phone":"2053202824","twitter":"paramountbham","address":"20th Street N","lat":33.51546511605201,"lng":-86.80631014588924,"neighborhood":"Central City","city_fetched":"Birmingham","state":"AL","country":"United States","canonicalUrl":"https://foursquare.com/v/paramount/52c37a54498e635e856a89e4","category":"Bar","checkinsCount":1548,"usersCount":931,"tipCount":19,"visitsCount":2119,"url":"http://paramountbirmingham.com","tier":2,"message":"Moderate","currency":"$","rating":8.8},{"name":"Rogue Tavern","phone":"2052024151","twitter":"roguetavern","address":"2312 2nd Ave N","lat":33.517784593962546,"lng":-86.8016898288011,"neighborhood":"Central City","city_fetched":"Birmingham","state":"AL","country":"United States","canonicalUrl":"https://foursquare.com/v/rogue-tavern/4aecd80ef964a520b5cb21e3","category":"American Restaurant","checkinsCount":5787,"usersCount":1930,"tipCount":48,"visitsCount":6240,"url":"http://roguetavern-hub.com","tier":2,"message":"Moderate","currency":"$","rating":8.8},{"name":"Area 41 Pizza Company","phone":"2059954141","address":"30 Manning Pl","lat":33.40743645465998,"lng":-86.63023845696289,"city_fetched":"Birmingham","state":"AL","country":"United States","canonicalUrl":"https://foursquare.com/v/area-41-pizza-company/4be04d14652b0f47b9dd7111","category":"Pizza Place","checkinsCount":615,"usersCount":346,"tipCount":18,"visitsCount":835,"url":"http://www.area41pizza.co","tier":"","message":"","currency":"","rating":8.8},{"name":"Avo Restaurant & Dram Whiskey Bar","phone":"2058718212","twitter":"avo_dram","address":"2721 Cahaba Rd","lat":33.48409892389624,"lng":-86.77351701386087,"city_fetched":"Birmingham","state":"AL","country":"United States","canonicalUrl":"https://foursquare.com/avo_dram","category":"Bar","checkinsCount":4230,"usersCount":1538,"tipCount":32,"visitsCount":4404,"url":"http://www.avorestaurant.com","tier":3,"message":"Expensive","currency":"$","rating":8.8},{"name":"Fleming's Prime Steakhouse & Wine Bar","phone":"2052629463","address":"103 Summit Blvd","lat":33.445482,"lng":-86.732899,"city_fetched":"Birmingham","state":"AL","country":"United States","canonicalUrl":"https://foursquare.com/v/flemings-prime-steakhouse--wine-bar/4bf8708b5ec320a120d088d3","category":"Steakhouse","checkinsCount":1493,"usersCount":863,"tipCount":19,"visitsCount":1688,"url":"http://www.flemingssteakhouse.com/locations/al/birmingham","tier":4,"message":"Very Expensive","currency":"$","rating":8.8},{"name":"Village Tavern","phone":"2059701640","twitter":"villagtavern","address":"101 Summit Blvd","lat":33.44531719172404,"lng":-86.73356538638313,"city_fetched":"Birmingham","state":"AL","country":"United States","canonicalUrl":"https://foursquare.com/v/village-tavern/4c57092e6201e21e62be216e","category":"American Restaurant","checkinsCount":2864,"usersCount":1740,"tipCount":32,"visitsCount":3355,"url":"http://www.villagetavern.com/index.cfm","tier":2,"message":"Moderate","currency":"$","rating":8.7},{"name":"Carrigan's Public House","phone":"2054402430","twitter":"carriganspub","address":"2430 Morris Ave","lat":33.51714899214308,"lng":-86.7986878591257,"neighborhood":"Central City","city_fetched":"Birmingham","state":"AL","country":"United States","canonicalUrl":"https://foursquare.com/v/carrigans-public-house/51e2124c498e6e858d447a57","category":"Gastropub","checkinsCount":2295,"usersCount":1530,"tipCount":33,"visitsCount":3545,"url":"http://www.carriganspub.com","tier":2,"message":"Moderate","currency":"$","rating":8.6},{"name":"The Wine Loft","phone":"2053238228","twitter":"thewineloftbham","address":"2200 1st Ave N","lat":33.51588082900051,"lng":-86.8028523065552,"neighborhood":"Central City","city_fetched":"Birmingham","state":"AL","country":"United States","canonicalUrl":"https://foursquare.com/v/the-wine-loft/4bdcf2189e2e2d7f6483e49e","category":"Wine Bar","checkinsCount":1736,"usersCount":987,"tipCount":9,"visitsCount":1924,"url":"http://www.wineloftbham.com","tier":2,"message":"Moderate","currency":"$","rating":8.6},{"name":"Downtown Birmingham","lat":33.51637042489037,"lng":-86.8081493220414,"city_fetched":"Birmingham","state":"AL","country":"United States","canonicalUrl":"https://foursquare.com/v/downtown-birmingham/4f7fab0ae4b042dc2010c968","category":"Neighborhood","checkinsCount":1714,"usersCount":486,"tipCount":2,"visitsCount":1760,"tier":"","message":"","currency":"","rating":8.6},{"name":"Basil Gourmet Pizza & Bar","phone":"2052244465","address":"1101 Dunston Ave","lat":33.514573,"lng":-86.736651,"neighborhood":"Crestline","city_fetched":"Birmingham","state":"AL","country":"United States","canonicalUrl":"https://foursquare.com/v/basil-gourmet-pizza--bar/5276eb3411d212cc42018d11","category":"Pizza Place","checkinsCount":140,"usersCount":97,"tipCount":5,"visitsCount":170,"tier":"","message":"","currency":"","rating":8.5},{"name":"The Filling Station","phone":"2055923455","twitter":"thefillingsbham","address":"5524 Crestwood Blvd","lat":33.529039,"lng":-86.747371,"neighborhood":"Crestwood North","city_fetched":"Birmingham","state":"AL","country":"United States","canonicalUrl":"https://foursquare.com/v/the-filling-station/5662568f498eeb47790cff6b","category":"Pizza Place","checkinsCount":211,"usersCount":187,"tipCount":4,"visitsCount":413,"url":"http://thefillingstation-hub.com","tier":"","message":"","currency":"","rating":8.5},{"name":"Black Market Bar","phone":"2059678787","address":"3411 Colonnade Pkwy #800","lat":33.43820503126673,"lng":-86.72921818080489,"city_fetched":"Birmingham","state":"AL","country":"United States","canonicalUrl":"https://foursquare.com/v/black-market-bar/4b63874bf964a52017812ae3","category":"Bar","checkinsCount":4416,"usersCount":1600,"tipCount":22,"visitsCount":4977,"tier":2,"message":"Moderate","currency":"$","rating":8.5},{"name":"The Foreign Exchange Experience","phone":"2052798191","twitter":"theforeign1","address":"433 20th St S","lat":33.508398,"lng":-86.801155,"neighborhood":"Five Points South","city_fetched":"Birmingham","state":"AL","country":"United States","canonicalUrl":"https://foursquare.com/v/the-foreign-exchange-experience/510362c9e4b0c047df125b99","category":"Lounge","checkinsCount":55,"usersCount":37,"tipCount":7,"visitsCount":56,"url":"http://www.foreignexchangebham.com","tier":"","message":"","currency":"","rating":8.4},{"name":"Plum Bar","address":"108 17th St N","lat":33.51272115534639,"lng":-86.81019930846664,"city_fetched":"Birmingham","state":"AL","country":"United States","canonicalUrl":"https://foursquare.com/v/plum-bar/4bd10afa046076b07f537171","category":"Lounge","checkinsCount":965,"usersCount":413,"tipCount":8,"visitsCount":1366,"tier":"","message":"","currency":"","rating":8.3},{"name":"Ollie Irene","phone":"2057696034","address":"2713 Culver Rd","lat":33.48531424999237,"lng":-86.77324891090393,"city_fetched":"Birmingham","state":"AL","country":"United States","canonicalUrl":"https://foursquare.com/v/ollie-irene/4e398c6e7d8b6bed20afcb14","category":"Gastropub","checkinsCount":591,"usersCount":320,"tipCount":15,"visitsCount":602,"url":"http://ollieirene.com","tier":3,"message":"Expensive","currency":"$","rating":8.3},{"name":"5 Point Public House Oyster Bar","lat":33.49914076098076,"lng":-86.79558759161674,"neighborhood":"Five Points South","city_fetched":"Birmingham","state":"AL","country":"United States","canonicalUrl":"https://foursquare.com/v/5-point-public-house-oyster-bar/55a1a525498eadf4a4880393","category":"Gastropub","checkinsCount":126,"usersCount":91,"tipCount":6,"visitsCount":132,"tier":"","message":"","currency":"","rating":8.3},{"name":"Sky Castle Gastro Lounge","phone":"2055786080","address":"2808 7th Ave S","lat":33.51143235984211,"lng":-86.78808138002819,"neighborhood":"Southside","city_fetched":"Birmingham","state":"AL","country":"United States","canonicalUrl":"https://foursquare.com/v/sky-castle-gastro-lounge/567a1a7d498e38ab1dae5d5c","category":"Gastropub","checkinsCount":161,"usersCount":108,"tipCount":7,"visitsCount":177,"tier":"","message":"","currency":"","rating":8.3},{"name":"Crestwood Coffee Co.","phone":"2055950300","twitter":"crestwoodcoffee","address":"5512 Crestwood Blvd","lat":33.52941330144902,"lng":-86.7478863279601,"neighborhood":"Crestwood North","city_fetched":"Birmingham","state":"AL","country":"United States","canonicalUrl":"https://foursquare.com/v/crestwood-coffee-co/4b4b6a7cf964a520c29a26e3","category":"Coffee Shop","checkinsCount":1563,"usersCount":399,"tipCount":21,"visitsCount":1652,"tier":"","message":"","currency":"","rating":8.2},{"name":"World of Beer","phone":"2057037203","address":"1005 20th St S","lat":33.50154966755156,"lng":-86.79671097084018,"neighborhood":"Five Points South","city_fetched":"Birmingham","state":"AL","country":"United States","canonicalUrl":"https://foursquare.com/v/world-of-beer/504918d4e4b09f6aaf36ff7d","category":"Bar","checkinsCount":2564,"usersCount":1344,"tipCount":30,"visitsCount":2798,"url":"http://worldofbeer.com/Locations/FivePoints","tier":2,"message":"Moderate","currency":"$","rating":8.2},{"name":"Dave's Pizza","phone":"2058713212","address":"1819 29th Ave S","lat":33.4794982479935,"lng":-86.79066698347214,"city_fetched":"Birmingham","state":"AL","country":"United States","canonicalUrl":"https://foursquare.com/v/daves-pizza/4b80b20ef964a520bf8630e3","category":"Pizza Place","checkinsCount":1235,"usersCount":744,"tipCount":19,"visitsCount":1300,"url":"http://davesontheweb.com","tier":"","message":"","currency":"","rating":8.2},{"name":"Buffalo Wild Wings","phone":"2059911955","twitter":"bwwings","address":"4507 Riverview Pkwy #108","lat":33.427823970785866,"lng":-86.71125903473381,"city_fetched":"Birmingham","state":"AL","country":"United States","canonicalUrl":"https://foursquare.com/v/buffalo-wild-wings/4b591820f964a520407c28e3","category":"Wings Joint","checkinsCount":6547,"usersCount":2261,"tipCount":35,"visitsCount":7473,"url":"http://www.buffalowildwings.com","tier":2,"message":"Moderate","currency":"$","rating":8.2},{"name":"Foodbar","phone":"2058768100","twitter":"foodbarbham","address":"3156 Heights Village Rd","lat":33.455597,"lng":-86.735739,"city_fetched":"Birmingham","state":"AL","country":"United States","canonicalUrl":"https://foursquare.com/v/foodbar/521e741c11d27cc85e28413e","category":"American Restaurant","checkinsCount":106,"usersCount":73,"tipCount":8,"visitsCount":109,"url":"http://www.foodbarbham.com","tier":3,"message":"Expensive","currency":"$","rating":8.1},{"name":"41st Street Pub & Aircraft Sales","phone":"2052024187","twitter":"41ststreetpub","address":"130 41st St S Ste 105","lat":33.524644377455246,"lng":-86.77474887223127,"neighborhood":"Forest Park","city_fetched":"Birmingham","state":"AL","country":"United States","canonicalUrl":"https://foursquare.com/v/41st-street-pub--aircraft-sales/50284ba7e4b069e8b5df0f8a","category":"Pub","checkinsCount":1585,"usersCount":677,"tipCount":15,"visitsCount":1641,"url":"http://41ststreetpub.com","tier":2,"message":"Moderate","currency":"$","rating":8.1},{"name":"Mugshots","phone":"2058249030","twitter":"mugshotsburgers","address":"1919 Kentucky Ave","lat":33.44694996680465,"lng":-86.79263430518321,"city_fetched":"Birmingham","state":"AL","country":"United States","canonicalUrl":"https://foursquare.com/v/mugshots/4d584c87afe4b60c4d1a4f61","category":"Burger Joint","checkinsCount":3643,"usersCount":2043,"tipCount":49,"visitsCount":4176,"url":"http://mugshotsgrillandbar.com","tier":2,"message":"Moderate","currency":"$","rating":8.1},{"name":"Lou's Pub","phone":"2053227005","address":"728 29th St S","lat":33.510955476700566,"lng":-86.78685967147514,"neighborhood":"Southside","city_fetched":"Birmingham","state":"AL","country":"United States","canonicalUrl":"https://foursquare.com/v/lous-pub/4b6a2177f964a52050c92be3","category":"Pub","checkinsCount":1493,"usersCount":429,"tipCount":8,"visitsCount":1521,"url":"http://louspub.com","tier":2,"message":"Moderate","currency":"$","rating":8.1},{"name":"Overtime Bar","phone":"2052025674","twitter":"overtimebaral","address":"100 Frankfurt Cir","lat":33.43837666501572,"lng":-86.86605021468462,"city_fetched":"Birmingham","state":"AL","country":"United States","canonicalUrl":"https://foursquare.com/v/overtime-bar/4b6a247ef964a52000ca2be3","category":"Bar","checkinsCount":748,"usersCount":354,"tipCount":4,"visitsCount":828,"url":"http://www.theovertimebar.com","tier":"","message":"","currency":"","rating":8},{"name":"Mugshots","twitter":"mugshotsburgers","lat":33.52586258674943,"lng":-86.80781582325864,"city_fetched":"Birmingham","state":"AL","country":"United States","canonicalUrl":"https://foursquare.com/v/mugshots/53769d23498e78530c74c976","category":"Burger Joint","checkinsCount":660,"usersCount":446,"tipCount":15,"visitsCount":719,"tier":"","message":"","currency":"","rating":8},{"name":"Bar 31","phone":"2058243160","address":"1485 Montgomery Hwy","lat":33.41552549844164,"lng":-86.80308283681987,"city_fetched":"Birmingham","state":"AL","country":"United States","canonicalUrl":"https://foursquare.com/v/bar-31/50384df4e4b06ff87709ebb4","category":"Bar","checkinsCount":260,"usersCount":163,"tipCount":2,"visitsCount":384,"url":"http://bar31vestavia.com","tier":"","message":"","currency":"","rating":8},{"name":"The Blue Monkey Lounge","phone":"2059339222","address":"1318 Cobb Ln S","lat":33.4979167,"lng":-86.795279,"neighborhood":"Five Points South","city_fetched":"Birmingham","state":"AL","country":"United States","canonicalUrl":"https://foursquare.com/v/the-blue-monkey-lounge/4bfc8045d6f2c9b61c5b4fc8","category":"Lounge","checkinsCount":2249,"usersCount":1232,"tipCount":34,"visitsCount":2343,"tier":"","message":"","currency":"","rating":8},{"name":"Starz Karaoke Lounge","address":"5479 Highway 280 #118","lat":33.41143705085907,"lng":-86.66391953427092,"city_fetched":"Birmingham","state":"AL","country":"United States","canonicalUrl":"https://foursquare.com/v/starz-karaoke-lounge/4b6e3131f964a520c0b02ce3","category":"Karaoke Bar","checkinsCount":509,"usersCount":312,"tipCount":3,"visitsCount":527,"tier":"","message":"","currency":"","rating":8},{"name":"Highland Hookah Bar","address":"2228 Highland Ave S","lat":33.501704445188864,"lng":-86.79079944902426,"neighborhood":"Five Points South","city_fetched":"Birmingham","state":"AL","country":"United States","canonicalUrl":"https://foursquare.com/v/highland-hookah-bar/4e8524198231a2bbfef2fc2b","category":"Hookah Bar","checkinsCount":674,"usersCount":305,"tipCount":8,"visitsCount":683,"tier":"","message":"","currency":"","rating":7.9},{"name":"On Tap Lakeview","phone":"2053201225","twitter":"ontapsportscafe","address":"737 29th St S","lat":33.510785,"lng":-86.786077,"neighborhood":"Southside","city_fetched":"Birmingham","state":"AL","country":"United States","canonicalUrl":"https://foursquare.com/v/on-tap-lakeview/4b7ca413f964a5200a9f2fe3","category":"Sports Bar","checkinsCount":3604,"usersCount":1263,"tipCount":32,"visitsCount":3683,"url":"http://www.ontapsportscafe.com","tier":2,"message":"Moderate","currency":"$","rating":7.9},{"name":"Cosmo's Pizza","phone":"2059309971","address":"2102 Magnolia Ave S Ste R3","lat":33.50096582597471,"lng":-86.79619789123535,"neighborhood":"Five Points South","city_fetched":"Birmingham","state":"AL","country":"United States","canonicalUrl":"https://foursquare.com/v/cosmos-pizza/4b4f2717f964a5209cfb26e3","category":"Pizza Place","checkinsCount":1632,"usersCount":682,"tipCount":19,"visitsCount":1656,"url":"http://www.cosmossouthside.com","tier":"","message":"","currency":"","rating":7.8},{"name":"Jackson's Bar & Bistro","phone":"2058709669","twitter":"jacksonsbham","address":"1831 28th Ave S","lat":33.48072104306236,"lng":-86.78990652611246,"city_fetched":"Birmingham","state":"AL","country":"United States","canonicalUrl":"https://foursquare.com/jacksonsbham","category":"American Restaurant","checkinsCount":6039,"usersCount":2243,"tipCount":55,"visitsCount":6255,"url":"http://jacksonsbarandbistro.com/birmingham/","tier":2,"message":"Moderate","currency":"$","rating":7.8},{"name":"Tin Roof","phone":"2053234356","twitter":"tinroofbham","address":"2709 7th Ave S","lat":33.51063401636097,"lng":-86.78948458981304,"neighborhood":"Southside","city_fetched":"Birmingham","state":"AL","country":"United States","canonicalUrl":"https://foursquare.com/v/tin-roof/4f18dd54e4b0a339fa7bf757","category":"Bar","checkinsCount":4438,"usersCount":1723,"tipCount":22,"visitsCount":5280,"url":"http://tinroofbars.com/Home/Birmingham/","tier":1,"message":"Cheap","currency":"$","rating":7.7},{"name":"Pale Eddie's Pour House","phone":"2052970052","twitter":"paleeddies","address":"2308 2nd Ave N","lat":33.51764470354727,"lng":-86.80187131449844,"neighborhood":"Central City","city_fetched":"Birmingham","state":"AL","country":"United States","canonicalUrl":"https://foursquare.com/v/pale-eddies-pour-house/4c9170117f3b8cfaf4fe9c1e","category":"Bar","checkinsCount":2004,"usersCount":757,"tipCount":10,"visitsCount":2009,"url":"http://paleeddiespourhouse.com","tier":"","message":"","currency":"","rating":7.7},{"name":"Marty's PM","lat":33.500449589312204,"lng":-86.79931083210417,"neighborhood":"Five Points South","city_fetched":"Birmingham","state":"AL","country":"United States","canonicalUrl":"https://foursquare.com/v/martys-pm/53005409498eb25e82b70206","category":"Dive Bar","checkinsCount":316,"usersCount":208,"tipCount":2,"visitsCount":642,"tier":"","message":"","currency":"","rating":7.7},{"name":"Trimtab Brewing Company","address":"2721 5th Ave S","lat":33.51264234388167,"lng":-86.79072095096278,"neighborhood":"Southside","city_fetched":"Birmingham","state":"AL","country":"United States","canonicalUrl":"https://foursquare.com/v/trimtab-brewing-company/52faccc5498e4b0e2a5c4a68","category":"Brewery","checkinsCount":905,"usersCount":732,"tipCount":17,"visitsCount":1654,"tier":1,"message":"Cheap","currency":"$","rating":7.7},{"name":"Black Market Bar and Grill","phone":"2059338035","address":"2011 Highland Ave S","lat":33.50094064738027,"lng":-86.7963528658662,"neighborhood":"Five Points South","city_fetched":"Birmingham","state":"AL","country":"United States","canonicalUrl":"https://foursquare.com/v/black-market-bar-and-grill/4f85d7a4e4b0ab310b127e6b","category":"Bar","checkinsCount":3395,"usersCount":1034,"tipCount":17,"visitsCount":3526,"tier":2,"message":"Moderate","currency":"$","rating":7.6},{"name":"B & A Warehouse","phone":"2053264220","twitter":"bawarehouse","address":"1531 1st Ave S","lat":33.508755,"lng":-86.80976823,"neighborhood":"Five Points South","city_fetched":"Birmingham","state":"AL","country":"United States","canonicalUrl":"https://foursquare.com/v/b--a-warehouse/4b91cfd6f964a52013d933e3","category":"Bar","checkinsCount":546,"usersCount":447,"tipCount":1,"visitsCount":562,"url":"http://www.bawarehouse.com","tier":"","message":"","currency":"","rating":7.6},{"name":"Aloft Birmingham Soho Square","phone":"2058748055","twitter":"spg","address":"1903 29th Ave S","lat":33.479412840170426,"lng":-86.78925890145548,"city_fetched":"Birmingham","state":"AL","country":"United States","canonicalUrl":"https://foursquare.com/v/aloft-birmingham-soho-square/4b592be3f964a520058028e3","category":"Hotel","checkinsCount":3585,"usersCount":1495,"tipCount":22,"visitsCount":4003,"url":"http://www.spg.com/foursquare/","tier":"","message":"","currency":"","rating":7.6},{"name":"Brunswick Zone Riverview Lanes","phone":"2059913900","twitter":"bowlbrunswick","address":"2908 Riverview Rd","lat":33.427477,"lng":-86.713385,"city_fetched":"Birmingham","state":"AL","country":"United States","canonicalUrl":"https://foursquare.com/v/brunswick-zone-riverview-lanes/4b57b6f8f964a5205e3d28e3","category":"Bowling Alley","checkinsCount":3735,"usersCount":1462,"tipCount":23,"visitsCount":4305,"url":"https://t.co/DuAKyeYxjB","tier":"","message":"","currency":"","rating":7.6},{"name":"The Southern Kitchen and Bar","phone":"2052244839","address":"2301 Richard Arrington Jr Blvd N","lat":33.5264399911557,"lng":-86.8074430866201,"city_fetched":"Birmingham","state":"AL","country":"United States","canonicalUrl":"https://foursquare.com/v/the-southern-kitchen-and-bar/52f5b284498e44e781eef37a","category":"Gastropub","checkinsCount":1057,"usersCount":786,"tipCount":26,"visitsCount":1297,"url":"http://thesouthernbirmingham.com","tier":2,"message":"Moderate","currency":"$","rating":7.6},{"name":"On Tap Fultondale","lat":33.608769882951925,"lng":-86.80085106178957,"city_fetched":"Birmingham","state":"AL","country":"United States","canonicalUrl":"https://foursquare.com/v/on-tap-fultondale/4f806801e4b0cd6f61a30c96","category":"Sports Bar","checkinsCount":384,"usersCount":174,"tipCount":13,"visitsCount":422,"tier":"","message":"","currency":"","rating":7.6},{"name":"The Upper Deck","address":"Valley Ave","lat":33.4721494804334,"lng":-86.81951143665503,"city_fetched":"Birmingham","state":"AL","country":"United States","canonicalUrl":"https://foursquare.com/v/the-upper-deck/4d5e029e1939a35dae4504ee","category":"Bar","checkinsCount":339,"usersCount":185,"tipCount":4,"visitsCount":399,"tier":1,"message":"Cheap","currency":"$","rating":7.6},{"name":"Starz Karaoke Lounge","phone":"2059440077","address":"730 Valley Ave","lat":33.47653472029226,"lng":-86.8152307271174,"city_fetched":"Birmingham","state":"AL","country":"United States","canonicalUrl":"https://foursquare.com/v/starz-karaoke-lounge/4baedca2f964a520d1dd3be3","category":"Karaoke Bar","checkinsCount":728,"usersCount":303,"tipCount":5,"visitsCount":737,"tier":"","message":"","currency":"","rating":7.6},{"name":"Lakeview","address":"722-724 29th St S","lat":33.51106568355302,"lng":-86.7865407465311,"neighborhood":"Southside","city_fetched":"Birmingham","state":"AL","country":"United States","canonicalUrl":"https://foursquare.com/v/lakeview/4bf7779c5efe2d7f53266934","category":"Bar","checkinsCount":1479,"usersCount":215,"tipCount":2,"visitsCount":1501,"tier":"","message":"","currency":"","rating":7.5},{"name":"Steel","phone":"2053240666","address":"2300 1st Ave N","lat":33.516678,"lng":-86.80159,"neighborhood":"Central City","city_fetched":"Birmingham","state":"AL","country":"United States","canonicalUrl":"https://foursquare.com/v/steel/4aecd8c1f964a520b9cb21e3","category":"Lounge","checkinsCount":2627,"usersCount":769,"tipCount":11,"visitsCount":2931,"tier":"","message":"","currency":"","rating":7.5},{"name":"Matthew's Bar & Grill","phone":"2058626261","address":"2208 Morris Ave","lat":33.515489734760585,"lng":-86.80202827455595,"neighborhood":"Central City","city_fetched":"Birmingham","state":"AL","country":"United States","canonicalUrl":"https://foursquare.com/v/matthews-bar--grill/4ba0142ef964a5202a5837e3","category":"Bar","checkinsCount":7165,"usersCount":625,"tipCount":35,"visitsCount":7344,"url":"http://www.matthewsbarandgrill.com","tier":2,"message":"Moderate","currency":"$","rating":7.5},{"name":"The Palace Gentlemen's Club","address":"610 3rd Ave W","lat":33.50576705401168,"lng":-86.84571214301285,"city_fetched":"Birmingham","state":"AL","country":"United States","canonicalUrl":"https://foursquare.com/v/the-palace-gentlemens-club/4c9b0307db10b60c1ab0976d","category":"Strip Club","checkinsCount":1036,"usersCount":290,"tipCount":10,"visitsCount":1557,"tier":"","message":"","currency":"","rating":7.4},{"name":"The Neighborhood Brew","twitter":"thebrew22","address":"5184 Caldwell Mill Rd","lat":33.38630064190119,"lng":-86.74001916918635,"city_fetched":"Birmingham","state":"AL","country":"United States","canonicalUrl":"https://foursquare.com/v/the-neighborhood-brew/528b79a611d2a7e293bcffaf","category":"Beer Garden","checkinsCount":215,"usersCount":59,"tipCount":2,"visitsCount":230,"url":"http://www.theneighborhoodbrew.com","tier":"","message":"","currency":"","rating":7.4},{"name":"Hansom Brute","lat":33.51238443314327,"lng":-86.89944178186906,"neighborhood":"Ensley","city_fetched":"Birmingham","state":"AL","country":"United States","canonicalUrl":"https://foursquare.com/v/hansom-brute/4dc4d8ea18387d1bd52ecfbc","category":"Bar","checkinsCount":106,"usersCount":87,"tipCount":1,"visitsCount":141,"tier":"","message":"","currency":"","rating":7.4},{"name":"The Humidor Room","phone":"2059954481","address":"5479 U.S. 280","lat":33.41178468945652,"lng":-86.6642294211547,"city_fetched":"Birmingham","state":"AL","country":"United States","canonicalUrl":"https://foursquare.com/v/the-humidor-room/4c633e5879d1e21e153cd815","category":"Lounge","checkinsCount":553,"usersCount":155,"tipCount":9,"visitsCount":647,"url":"http://humidorroom280.com","tier":"","message":"","currency":"","rating":7.4},{"name":"Good People Brewing","phone":"2053171363","twitter":"hmshost","address":"Birmingham-Shuttlesworth International Airport","lat":33.563284597962536,"lng":-86.75100435831841,"neighborhood":"Woodlawn","city_fetched":"Birmingham","state":"AL","country":"United States","canonicalUrl":"https://foursquare.com/v/good-people-brewing/512f7db6582f8d1133cebe5e","category":"Beer Garden","checkinsCount":637,"usersCount":460,"tipCount":8,"visitsCount":640,"url":"http://www.goodpeoplebrewing.com","tier":1,"message":"Cheap","currency":"$","rating":7.3},{"name":"Birmingham Daiquiri's","phone":"2052266790","address":"324 9th St N","lat":33.50970632516626,"lng":-86.82254153929082,"city_fetched":"Birmingham","state":"AL","country":"United States","canonicalUrl":"https://foursquare.com/v/birmingham-daiquiris/4e0eaa8952b1b27c1b89bae6","category":"Bar","checkinsCount":273,"usersCount":195,"tipCount":6,"visitsCount":461,"tier":"","message":"","currency":"","rating":7.3},{"name":"Otey's Tavern","phone":"2058718435","twitter":"oteys382","address":"224 Country Club Park","lat":33.50243949409922,"lng":-86.75712199412006,"city_fetched":"Birmingham","state":"AL","country":"United States","canonicalUrl":"https://foursquare.com/v/oteys-tavern/4b625b3cf964a520f7432ae3","category":"Bar","checkinsCount":1892,"usersCount":586,"tipCount":5,"visitsCount":1969,"url":"http://www.oteystavern.com","tier":"","message":"","currency":"","rating":7.3},{"name":"Cahaba Brewing Company","phone":"2055782616","twitter":"cahababrewing","address":"2616 3rd Ave S","lat":33.514330901499854,"lng":-86.7938482761383,"neighborhood":"Southside","city_fetched":"Birmingham","state":"AL","country":"United States","canonicalUrl":"https://foursquare.com/v/cahaba-brewing-company/4f19fc471081b9819016c54d","category":"Brewery","checkinsCount":898,"usersCount":508,"tipCount":5,"visitsCount":1002,"url":"http://www.cahababrewing.com","tier":"","message":"","currency":"","rating":7.3},{"name":"Greybar","twitter":"greybar280","address":"5426 Highway 280","lat":33.41539705462213,"lng":-86.66719168424606,"city_fetched":"Birmingham","state":"AL","country":"United States","canonicalUrl":"https://foursquare.com/v/greybar/4c130500a9c220a1432e559d","category":"Bar","checkinsCount":1040,"usersCount":410,"tipCount":6,"visitsCount":1091,"tier":"","message":"","currency":"","rating":7.3},{"name":"The Vault","lat":33.51614957780202,"lng":-86.80743327772264,"neighborhood":"Central City","city_fetched":"Birmingham","state":"AL","country":"United States","canonicalUrl":"https://foursquare.com/v/the-vault/50de795ae4b04716441b5220","category":"Lounge","checkinsCount":443,"usersCount":208,"tipCount":4,"visitsCount":588,"tier":"","message":"","currency":"","rating":7.3},{"name":"Legends Sports Lounge","phone":"2058215919","twitter":"legends_lounge","address":"230 18th St N","lat":33.5145992553697,"lng":-86.80981278419495,"city_fetched":"Birmingham","state":"AL","country":"United States","canonicalUrl":"https://foursquare.com/legends_lounge","category":"Sports Bar","checkinsCount":335,"usersCount":91,"tipCount":6,"visitsCount":339,"tier":"","message":"","currency":"","rating":7.2},{"name":"Pale Eddie's","address":"2308 2nd Ave N","lat":33.51775323439502,"lng":-86.80179773929729,"neighborhood":"Central City","city_fetched":"Birmingham","state":"AL","country":"United States","canonicalUrl":"https://foursquare.com/v/pale-eddies/51c51174498ea67ea571d370","category":"Bar","checkinsCount":451,"usersCount":161,"tipCount":2,"visitsCount":481,"tier":2,"message":"Moderate","currency":"$","rating":7.2},{"name":"On Tap Inverness Corners","phone":"2054371999","twitter":"ontapsportscafe","address":"810 Inverness Cors","lat":33.416631240353475,"lng":-86.69571456646206,"city_fetched":"Birmingham","state":"AL","country":"United States","canonicalUrl":"https://foursquare.com/v/on-tap-inverness-corners/4b6383e0f964a520ef7f2ae3","category":"Bar","checkinsCount":1256,"usersCount":517,"tipCount":14,"visitsCount":1353,"url":"http://www.ontapsportscafe.com","tier":"","message":"","currency":"","rating":7.1},{"name":"Hooters","phone":"2056559475","address":"1917 Edwards Lake Rd","lat":33.59488493494733,"lng":-86.64830953266588,"city_fetched":"Birmingham","state":"AL","country":"United States","canonicalUrl":"https://foursquare.com/v/hooters/4bbf630cb083a5938b55a3e9","category":"Wings Joint","checkinsCount":2769,"usersCount":861,"tipCount":24,"visitsCount":3022,"url":"http://www.hooters.com","tier":2,"message":"Moderate","currency":"$","rating":7.1},{"name":"Club Onyx","address":"615 8th Ave W","lat":33.511605752923856,"lng":-86.84670205151053,"city_fetched":"Birmingham","state":"AL","country":"United States","canonicalUrl":"https://foursquare.com/v/club-onyx/4c8b21016418a14300c8e6ce","category":"Nightclub","checkinsCount":712,"usersCount":241,"tipCount":7,"visitsCount":885,"tier":"","message":"","currency":"","rating":7.1},{"name":"City Vineyard","address":"Hwy 280","lat":33.4116881402171,"lng":-86.66437206684203,"city_fetched":"Birmingham","state":"AL","country":"United States","canonicalUrl":"https://foursquare.com/v/city-vineyard/4ddd5788227106a58b734aa5","category":"Wine Bar","checkinsCount":175,"usersCount":95,"tipCount":6,"visitsCount":175,"url":"http://cityvineyard.net","tier":"","message":"","currency":"","rating":7},{"name":"The Red Zone","address":"1108 20th St S","lat":33.500346,"lng":-86.796247,"neighborhood":"Five Points South","city_fetched":"Birmingham","state":"AL","country":"United States","canonicalUrl":"https://foursquare.com/v/the-red-zone/520c0c2211d22abe8b060f89","category":"Sports Bar","checkinsCount":382,"usersCount":167,"tipCount":15,"visitsCount":404,"url":"http://theredzonebham.com","tier":"","message":"","currency":"","rating":7},{"name":"Crestwood Tavern","phone":"2055100053","twitter":"crestwoodtav","address":"5500 Crestwood Blvd","lat":33.52876626,"lng":-86.74811351666666,"neighborhood":"Crestwood North","city_fetched":"Birmingham","state":"AL","country":"United States","canonicalUrl":"https://foursquare.com/v/crestwood-tavern/4b5d04a8f964a520264f29e3","category":"Bar","checkinsCount":711,"usersCount":256,"tipCount":10,"visitsCount":774,"tier":"","message":"","currency":"","rating":7},{"name":"Dirty Ashs","address":"114 17th St N","lat":33.512786,"lng":-86.81022,"city_fetched":"Birmingham","state":"AL","country":"United States","canonicalUrl":"https://foursquare.com/v/dirty-ashs/4e20eed6d16474063201b0d0","category":"Hookah Bar","checkinsCount":260,"usersCount":91,"tipCount":3,"visitsCount":262,"tier":"","message":"","currency":"","rating":6.9},{"name":"Al's On Seventh","phone":"2053212812","address":"2627 7th Ave S","lat":33.51024098650611,"lng":-86.79036770812107,"neighborhood":"Southside","city_fetched":"Birmingham","state":"AL","country":"United States","canonicalUrl":"https://foursquare.com/v/als-on-seventh/4d3a6ab40333a09320a85434","category":"Gay Bar","checkinsCount":3994,"usersCount":824,"tipCount":13,"visitsCount":4721,"url":"http://alsonseventh.com","tier":1,"message":"Cheap","currency":"$","rating":6.9},{"name":"Brown derby","phone":"2055950067","address":"3630 6th Ave S","lat":33.51835979249166,"lng":-86.77784555807449,"neighborhood":"Southside","city_fetched":"Birmingham","state":"AL","country":"United States","canonicalUrl":"https://foursquare.com/v/brown-derby/4c14534482a3c9b6432efdf8","category":"Bar","checkinsCount":306,"usersCount":205,"tipCount":2,"visitsCount":481,"tier":"","message":"","currency":"","rating":6.9}]