[{"name":"Fork","phone":"2082871700","twitter":"boisefork","address":"199 N 8th St","lat":43.61631129933152,"lng":-116.2029024887495,"neighborhood":"Downtown Boise City","city_fetched":"Boise","state":"ID","country":"United States","canonicalUrl":"https://foursquare.com/v/fork/4d4b730305556ea8d862a828","category":"American Restaurant","checkinsCount":3706,"usersCount":1925,"tipCount":74,"visitsCount":3832,"url":"http://www.boisefork.com","tier":2,"message":"Moderate","currency":"$","rating":9.3},{"name":"Bittercreek Ale House","phone":"2083451813","address":"246 N 8th St","lat":43.616593565009495,"lng":-116.20244735649645,"neighborhood":"Downtown Boise City","city_fetched":"Boise","state":"ID","country":"United States","canonicalUrl":"https://foursquare.com/v/bittercreek-ale-house/4bad27aaf964a5207e333be3","category":"Bar","checkinsCount":5386,"usersCount":2174,"tipCount":68,"visitsCount":5519,"url":"http://www.bittercreekalehouse.com","tier":2,"message":"Moderate","currency":"$","rating":9.3},{"name":"Barbacoa","phone":"2083385000","address":"276 W Bobwhite Ct.","lat":43.59768895974986,"lng":-116.18353128433228,"neighborhood":"Southeast Boise","city_fetched":"Boise","state":"ID","country":"United States","canonicalUrl":"https://foursquare.com/v/barbacoa/4d1264b312916dcb9299d58a","category":"Latin American Restaurant","checkinsCount":3247,"usersCount":2001,"tipCount":45,"visitsCount":4014,"url":"http://barbacoa-boise.com","tier":3,"message":"Expensive","currency":"$","rating":9.1},{"name":"10 Barrel Brewing","phone":"2083445870","twitter":"10barrelbrewing","address":"830 W Bannock St","lat":43.61771105330594,"lng":-116.20288255829858,"neighborhood":"Downtown Boise City","city_fetched":"Boise","state":"ID","country":"United States","canonicalUrl":"https://foursquare.com/v/10-barrel-brewing/514a3386e4b034cf090ebfba","category":"Brewery","checkinsCount":3023,"usersCount":1800,"tipCount":50,"visitsCount":4100,"url":"http://www.10barrel.com","tier":2,"message":"Moderate","currency":"$","rating":9},{"name":"Chandlers","phone":"2083834300","twitter":"chandlersboise","address":"981 W Grove St","lat":43.61561653275951,"lng":-116.20627825946343,"neighborhood":"Downtown Boise City","city_fetched":"Boise","state":"ID","country":"United States","canonicalUrl":"https://foursquare.com/v/chandlers/4b496009f964a520ac6e26e3","category":"Steakhouse","checkinsCount":1432,"usersCount":817,"tipCount":29,"visitsCount":1504,"url":"https://www.chandlersboise.com","tier":4,"message":"Very Expensive","currency":"$","rating":8.9},{"name":"Twisted Timber Foods & Brews","phone":"2083627157","twitter":"twisted_timber","address":"4563 S Cloverdale Rd","lat":43.56178168593596,"lng":-116.33474349975586,"neighborhood":"Southwest","city_fetched":"Boise","state":"ID","country":"United States","canonicalUrl":"https://foursquare.com/v/twisted-timber-foods--brews/4b85ff3bf964a520fe7c31e3","category":"Pub","checkinsCount":1861,"usersCount":351,"tipCount":19,"visitsCount":2258,"url":"http://ilovethetimber.com","tier":2,"message":"Moderate","currency":"$","rating":8.9},{"name":"Bier:Thirty Bottle & Bistro","phone":"2083421916","twitter":"bier_thirty","address":"3073 S Bown Way","lat":43.574856899623505,"lng":-116.15471363067627,"neighborhood":"Southeast Boise","city_fetched":"Boise","state":"ID","country":"United States","canonicalUrl":"https://foursquare.com/v/bierthirty-bottle--bistro/4d56d79ea747b60c87bc2d2b","category":"Beer Garden","checkinsCount":2329,"usersCount":600,"tipCount":20,"visitsCount":2660,"url":"http://www.bierthirty.com","tier":2,"message":"Moderate","currency":"$","rating":8.8},{"name":"Bar Gernika","phone":"2083442175","twitter":"gernika","address":"202 S Capitol Blvd","lat":43.61416333150552,"lng":-116.20298339783993,"neighborhood":"Downtown Boise City","city_fetched":"Boise","state":"ID","country":"United States","canonicalUrl":"https://foursquare.com/v/bar-gernika/4b3c1be5f964a520e58125e3","category":"Gastropub","checkinsCount":2500,"usersCount":929,"tipCount":38,"visitsCount":2630,"url":"http://bargernika.com","tier":1,"message":"Cheap","currency":"$","rating":8.7},{"name":"Edge Brewing Co.","phone":"2089952979","twitter":"edgebrew","address":"525 N Steelhead Way","lat":43.6094725759285,"lng":-116.29080792014821,"city_fetched":"Boise","state":"ID","country":"United States","canonicalUrl":"https://foursquare.com/v/edge-brewing-co/525d9ccf498e97ffe197f72b","category":"Brewery","checkinsCount":890,"usersCount":432,"tipCount":17,"visitsCount":1323,"url":"http://edgebrew.com","tier":2,"message":"Moderate","currency":"$","rating":8.7},{"name":"Bardenay","phone":"2084260555","twitter":"bardenay","address":"610 W Grove St","lat":43.61401953335383,"lng":-116.20218190304135,"neighborhood":"Downtown Boise City","city_fetched":"Boise","state":"ID","country":"United States","canonicalUrl":"https://foursquare.com/v/bardenay/4b49617ff964a520c96e26e3","category":"Brewery","checkinsCount":4479,"usersCount":2322,"tipCount":37,"visitsCount":4931,"url":"http://www.bardenay.com","tier":2,"message":"Moderate","currency":"$","rating":8.6},{"name":"Highlands Hollow","phone":"2083436820","twitter":"highlandshollow","address":"2455 N Highlands Holw","lat":43.64230371220722,"lng":-116.2084838385692,"city_fetched":"Boise","state":"ID","country":"United States","canonicalUrl":"https://foursquare.com/v/highlands-hollow/4b4112e7f964a5208cc025e3","category":"Pub","checkinsCount":1330,"usersCount":642,"tipCount":32,"visitsCount":1519,"url":"http://www.highlandshollow.com","tier":2,"message":"Moderate","currency":"$","rating":8.6},{"name":"Modern Hotel & Bar","phone":"2084248244","twitter":"modernhotel","address":"1314 W Grove St","lat":43.61839973326468,"lng":-116.21050357818604,"neighborhood":"Downtown Boise City","city_fetched":"Boise","state":"ID","country":"United States","canonicalUrl":"https://foursquare.com/v/modern-hotel--bar/4b496efaf964a520bd6f26e3","category":"Hotel Bar","checkinsCount":3050,"usersCount":1123,"tipCount":40,"visitsCount":3380,"url":"http://www.themodernhotel.com","tier":2,"message":"Moderate","currency":"$","rating":8.5},{"name":"Taphouse","phone":"2083366991","twitter":"taphouseboise","address":"760 W Main St","lat":43.615274037950144,"lng":-116.20307773812382,"neighborhood":"Downtown Boise City","city_fetched":"Boise","state":"ID","country":"United States","canonicalUrl":"https://foursquare.com/taphouseboise","category":"Sports Bar","checkinsCount":1609,"usersCount":811,"tipCount":18,"visitsCount":1822,"url":"http://boisetaphouse.com","tier":2,"message":"Moderate","currency":"$","rating":8.4},{"name":"Neurolux","phone":"2083430886","twitter":"neurolux","address":"113 N 11th St","lat":43.617914,"lng":-116.20670020580292,"neighborhood":"Downtown Boise City","city_fetched":"Boise","state":"ID","country":"United States","canonicalUrl":"https://foursquare.com/v/neurolux/4b43d6b2f964a5209ceb25e3","category":"Bar","checkinsCount":4157,"usersCount":1043,"tipCount":26,"visitsCount":4386,"url":"http://neurolux.com","tier":2,"message":"Moderate","currency":"$","rating":8.4},{"name":"Old Chicago","phone":"2083210033","twitter":"oldchicagoep","address":"350 N Milwaukee St","lat":43.607617969863846,"lng":-116.2789750099182,"city_fetched":"Boise","state":"ID","country":"United States","canonicalUrl":"https://foursquare.com/v/old-chicago/4b5a3774f964a520e7b428e3","category":"Pizza Place","checkinsCount":5719,"usersCount":1366,"tipCount":44,"visitsCount":6236,"url":"http://oldchicago.com","tier":2,"message":"Moderate","currency":"$","rating":8.4},{"name":"Woodland Empire Ale Craft","address":"1114 W Front St","lat":43.61637315641288,"lng":-116.20910713731422,"neighborhood":"Downtown Boise City","city_fetched":"Boise","state":"ID","country":"United States","canonicalUrl":"https://foursquare.com/v/woodland-empire-ale-craft/52d5b50e498e43a4f587d583","category":"Brewery","checkinsCount":371,"usersCount":173,"tipCount":5,"visitsCount":415,"url":"http://woodlandempire.com","tier":1,"message":"Cheap","currency":"$","rating":8.2},{"name":"Ha'Penny Bridge Irish Pub & Grill","phone":"2083435568","address":"855 W Broad St","lat":43.61357356,"lng":-116.20643734931946,"neighborhood":"Downtown Boise City","city_fetched":"Boise","state":"ID","country":"United States","canonicalUrl":"https://foursquare.com/v/hapenny-bridge-irish-pub--grill/4b462a37f964a520ba1826e3","category":"Pub","checkinsCount":1620,"usersCount":731,"tipCount":10,"visitsCount":1625,"url":"http://hapennybridgepub.com","tier":"","message":"","currency":"","rating":8.2},{"name":"Crooked Fence Brewing","phone":"2089012090","twitter":"cfbrewery","address":"5242 W Chinden Blvd","lat":43.6450420594827,"lng":-116.27127366927945,"neighborhood":"Northwest","city_fetched":"Boise","state":"ID","country":"United States","canonicalUrl":"https://foursquare.com/v/crooked-fence-brewing/4f342e52e4b020e82e5c407a","category":"Brewery","checkinsCount":400,"usersCount":196,"tipCount":7,"visitsCount":441,"url":"http://www.crookedfencebrewing.com","tier":"","message":"","currency":"","rating":8.1},{"name":"Brewer's Haven","phone":"2089914677","address":"1795 S. Vista","lat":43.58760311441792,"lng":-116.21410432367651,"neighborhood":"Vista","city_fetched":"Boise","state":"ID","country":"United States","canonicalUrl":"https://foursquare.com/v/brewers-haven/4b6dde54f964a5202a972ce3","category":"Brewery","checkinsCount":781,"usersCount":328,"tipCount":6,"visitsCount":924,"tier":"","message":"","currency":"","rating":8},{"name":"Boise Brewing","phone":"2083427655","twitter":"boisebrewery","address":"521 W Broad St","lat":43.61184060976724,"lng":-116.2030665576375,"neighborhood":"Downtown Boise City","city_fetched":"Boise","state":"ID","country":"United States","canonicalUrl":"https://foursquare.com/boisebrewery","category":"Brewery","checkinsCount":396,"usersCount":285,"tipCount":12,"visitsCount":603,"url":"http://www.boisebrewing.com","tier":"","message":"","currency":"","rating":8},{"name":"Liquid Laughs","phone":"2082875379","twitter":"liquidboise","address":"405 S 8th St Ste 110","lat":43.613398541897155,"lng":-116.20637886776109,"neighborhood":"Downtown Boise City","city_fetched":"Boise","state":"ID","country":"United States","canonicalUrl":"https://foursquare.com/v/liquid-laughs/4b462a6af964a520c31826e3","category":"Comedy Club","checkinsCount":2777,"usersCount":667,"tipCount":14,"visitsCount":2798,"url":"http://www.liquidboise.com","tier":"","message":"","currency":"","rating":8},{"name":"The River Room","lat":43.60771569881677,"lng":-116.19444358122851,"neighborhood":"Downtown Boise City","city_fetched":"Boise","state":"ID","country":"United States","canonicalUrl":"https://foursquare.com/v/the-river-room/50a99f7de4b02a7dc0e54ab0","category":"Beer Garden","checkinsCount":335,"usersCount":139,"tipCount":2,"visitsCount":340,"tier":"","message":"","currency":"","rating":8},{"name":"Grinkers Grand Palace","lat":43.69351577758789,"lng":-116.35183715820312,"city_fetched":"Boise","state":"ID","country":"United States","canonicalUrl":"https://foursquare.com/v/grinkers-grand-palace/509ee39ee4b0472289f6ef10","category":"Pub","checkinsCount":330,"usersCount":107,"tipCount":5,"visitsCount":356,"tier":"","message":"","currency":"","rating":7.9},{"name":"Payette Brewing Company","phone":"2083440011","twitter":"payettebrewing","address":"111 W 33rd St","lat":43.621151,"lng":-116.23918737,"neighborhood":"Northwest","city_fetched":"Boise","state":"ID","country":"United States","canonicalUrl":"https://foursquare.com/v/payette-brewing-company/4d893ebcd85f3704fa86e3db","category":"Brewery","checkinsCount":1138,"usersCount":487,"tipCount":14,"visitsCount":1312,"url":"http://payettebrewing.com","tier":"","message":"","currency":"","rating":7.9},{"name":"Pengilly's Saloon","phone":"2083456344","twitter":"pengillys","address":"513 W Main St","lat":43.614089,"lng":-116.200733,"neighborhood":"Downtown Boise City","city_fetched":"Boise","state":"ID","country":"United States","canonicalUrl":"https://foursquare.com/v/pengillys-saloon/4b47ca74f964a520dc3e26e3","category":"Bar","checkinsCount":2790,"usersCount":884,"tipCount":17,"visitsCount":2897,"tier":1,"message":"Cheap","currency":"$","rating":7.9},{"name":"Powderhaus Brewing Company","phone":"2084735801","twitter":"powderhausbrew","address":"9719 W Chinden Blvd","lat":43.65655651503782,"lng":-116.30196800535492,"neighborhood":"West Valley","city_fetched":"Boise","state":"ID","country":"United States","canonicalUrl":"https://foursquare.com/v/powderhaus-brewing-company/561e55d6498e9f84888e9591","category":"Brewery","checkinsCount":58,"usersCount":82,"tipCount":1,"visitsCount":127,"tier":"","message":"","currency":"","rating":7.8},{"name":"Red Feather Lounge","phone":"2084296240","twitter":"bitterfeather","address":"246 N 8th St","lat":43.616664738612755,"lng":-116.20243460641359,"neighborhood":"Downtown Boise City","city_fetched":"Boise","state":"ID","country":"United States","canonicalUrl":"https://foursquare.com/v/red-feather-lounge/4b3fa169f964a520c8aa25e3","category":"Lounge","checkinsCount":3089,"usersCount":1033,"tipCount":49,"visitsCount":3111,"url":"http://redfeatherlounge.com/home.html","tier":2,"message":"Moderate","currency":"$","rating":7.8},{"name":"Slanted Rock Brewing Co","twitter":"slantedrock","address":"2374 E Cinema Dr","lat":43.59172892461268,"lng":-116.36607920531989,"neighborhood":"Southeast Meridian","city_fetched":"Boise","state":"ID","country":"United States","canonicalUrl":"https://foursquare.com/v/slanted-rock-brewing-co/4fa15c10bb3d40519d4aa5c4","category":"Brewery","checkinsCount":373,"usersCount":185,"tipCount":5,"visitsCount":502,"url":"http://slantedrock.com","tier":"","message":"","currency":"","rating":7.8},{"name":"Symposion","phone":"2083429420","address":"2801 W Fletcher St","lat":43.61945295,"lng":-116.2252103,"neighborhood":"Northwest","city_fetched":"Boise","state":"ID","country":"United States","canonicalUrl":"https://foursquare.com/v/symposion/4b84d692f964a520484531e3","category":"Dive Bar","checkinsCount":340,"usersCount":189,"tipCount":5,"visitsCount":375,"tier":"","message":"","currency":"","rating":7.8},{"name":"R Bar","phone":"2086290029","address":"1041 S Broadway Ave","lat":43.59999867122187,"lng":-116.19361722961814,"neighborhood":"Southeast Boise","city_fetched":"Boise","state":"ID","country":"United States","canonicalUrl":"https://foursquare.com/v/r-bar/4c7f0e021009a093f685464e","category":"Bar","checkinsCount":2318,"usersCount":334,"tipCount":2,"visitsCount":2372,"url":"http://rbarboise.com","tier":"","message":"","currency":"","rating":7.8},{"name":"Rudy's Pub & Grill","phone":"2088844453","address":"2310 E Overland Rd","lat":43.590627908706665,"lng":-116.36479,"neighborhood":"Southeast Meridian","city_fetched":"Boise","state":"ID","country":"United States","canonicalUrl":"https://foursquare.com/v/rudys-pub--grill/4b636693f964a52024772ae3","category":"Pub","checkinsCount":801,"usersCount":409,"tipCount":11,"visitsCount":860,"url":"http://www.rudyspubngrill.com","tier":2,"message":"Moderate","currency":"$","rating":7.7},{"name":"Eastside Tavern","address":"610 E Boise Ave","lat":43.58007845544973,"lng":-116.17580835680528,"neighborhood":"Southeast Boise","city_fetched":"Boise","state":"ID","country":"United States","canonicalUrl":"https://foursquare.com/v/eastside-tavern/4bfdcbe58992a593eab8acb0","category":"Bar","checkinsCount":1153,"usersCount":279,"tipCount":7,"visitsCount":1349,"tier":"","message":"","currency":"","rating":7.7},{"name":"Parrilla Grill","phone":"2083234688","twitter":"parrillagrill","address":"1512 N 13th St","lat":43.62988993974893,"lng":-116.20319081154452,"neighborhood":"North End","city_fetched":"Boise","state":"ID","country":"United States","canonicalUrl":"https://foursquare.com/v/parrilla-grill/4b4d63d3f964a520d2d126e3","category":"Mexican Restaurant","checkinsCount":2599,"usersCount":744,"tipCount":22,"visitsCount":2661,"url":"http://parrillagrillhydepark.com","tier":1,"message":"Cheap","currency":"$","rating":7.7},{"name":"The Lift Bar & Grill","phone":"2083423250","twitter":"theliftboise","address":"4091 W State St","lat":43.642806,"lng":-116.239992,"neighborhood":"Northwest","city_fetched":"Boise","state":"ID","country":"United States","canonicalUrl":"https://foursquare.com/v/the-lift-bar--grill/4b4e1f90f964a5200ae226e3","category":"Bar","checkinsCount":2034,"usersCount":631,"tipCount":23,"visitsCount":2261,"url":"http://www.theliftboise.com","tier":2,"message":"Moderate","currency":"$","rating":7.7},{"name":"Twin Peaks","phone":"2083750118","address":"W Spectrum St","lat":43.58730697631836,"lng":-116.27854919433594,"neighborhood":"Southwest","city_fetched":"Boise","state":"ID","country":"United States","canonicalUrl":"https://foursquare.com/v/twin-peaks/524a0d0b11d212c1f11d1a09","category":"Sports Bar","checkinsCount":635,"usersCount":490,"tipCount":13,"visitsCount":1031,"url":"http://twinpeaksrestaurant.com","tier":2,"message":"Moderate","currency":"$","rating":7.7},{"name":"The Huddle","twitter":"thehuddlegrill","address":"205 N 10th St","lat":43.61778715116684,"lng":-116.2048400707222,"neighborhood":"Downtown Boise City","city_fetched":"Boise","state":"ID","country":"United States","canonicalUrl":"https://foursquare.com/v/the-huddle/4d5c2eda9c31b60c970fb2ee","category":"Sports Bar","checkinsCount":465,"usersCount":179,"tipCount":9,"visitsCount":465,"tier":"","message":"","currency":"","rating":7.7},{"name":"Sockeye Grill And Brewery","phone":"2086581533","twitter":"sockeyebrew","address":"3019 N Cole Rd","lat":43.63237042279892,"lng":-116.2745928623827,"city_fetched":"Boise","state":"ID","country":"United States","canonicalUrl":"https://foursquare.com/v/sockeye-grill-and-brewery/4b4a6659f964a520768626e3","category":"Brewery","checkinsCount":1427,"usersCount":821,"tipCount":26,"visitsCount":1742,"url":"http://www.sockeyebrew.com","tier":2,"message":"Moderate","currency":"$","rating":7.7},{"name":"Stagecoach Inn","phone":"2083424161","address":"3132 W Chinden Blvd","lat":43.621244993725675,"lng":-116.23675385811447,"neighborhood":"Northwest","city_fetched":"Boise","state":"ID","country":"United States","canonicalUrl":"https://foursquare.com/v/stagecoach-inn/556a3c91498e1cf0312804a3","category":"Pub","checkinsCount":39,"usersCount":115,"tipCount":0,"visitsCount":194,"tier":"","message":"","currency":"","rating":7.7},{"name":"Old Chicago","phone":"2083630037","address":"730 W Idaho St","lat":43.61624602576044,"lng":-116.20247841782975,"neighborhood":"Downtown Boise City","city_fetched":"Boise","state":"ID","country":"United States","canonicalUrl":"https://foursquare.com/v/old-chicago/4b45bea9f964a520c70f26e3","category":"Pizza Place","checkinsCount":5054,"usersCount":1481,"tipCount":30,"visitsCount":5124,"url":"http://oldchicago.com","tier":2,"message":"Moderate","currency":"$","rating":7.6},{"name":"McCleary's Pub","phone":"2083423007","address":"604 N Orchard","lat":43.610060310665865,"lng":-116.24319796280032,"city_fetched":"Boise","state":"ID","country":"United States","canonicalUrl":"https://foursquare.com/v/mcclearys-pub/4b9cbf38f964a520807936e3","category":"Pub","checkinsCount":823,"usersCount":132,"tipCount":4,"visitsCount":860,"tier":"","message":"","currency":"","rating":7.6},{"name":"Bodovino","phone":"2083368466","twitter":"bodovino","address":"404 S 8th St","lat":43.61324212796453,"lng":-116.20561122894286,"neighborhood":"Downtown Boise City","city_fetched":"Boise","state":"ID","country":"United States","canonicalUrl":"https://foursquare.com/v/bodovino/514b67b7f2e738cb0d22597b","category":"Wine Bar","checkinsCount":311,"usersCount":206,"tipCount":8,"visitsCount":321,"url":"http://www.bodovino.com","tier":"","message":"","currency":"","rating":7.6},{"name":"Terry's State Street Saloon","phone":"2083318225","address":"3301 N Collister Dr","lat":43.64992166238787,"lng":-116.24855411138135,"neighborhood":"Collister","city_fetched":"Boise","state":"ID","country":"United States","canonicalUrl":"https://foursquare.com/v/terrys-state-street-saloon/4b49e32ef964a520667526e3","category":"Karaoke Bar","checkinsCount":1127,"usersCount":264,"tipCount":13,"visitsCount":1206,"url":"http://www.statestreetsaloon.com","tier":"","message":"","currency":"","rating":7.6},{"name":"PreFunk Beer Pub","twitter":"prefunkbeerbar","address":"1100 W Front St","lat":43.616046,"lng":-116.208554,"neighborhood":"Downtown Boise City","city_fetched":"Boise","state":"ID","country":"United States","canonicalUrl":"https://foursquare.com/v/prefunk-beer-pub/51f6d2c7498eeefd09925f7c","category":"Pub","checkinsCount":461,"usersCount":285,"tipCount":11,"visitsCount":617,"tier":2,"message":"Moderate","currency":"$","rating":7.6},{"name":"Beef O'Brady's","phone":"2088886228","twitter":"mbeefs","address":"1505 S Eagle Rd","lat":43.591558230650385,"lng":-116.35615758558878,"neighborhood":"Southeast Meridian","city_fetched":"Boise","state":"ID","country":"United States","canonicalUrl":"https://foursquare.com/v/beef-obradys/4ea2348be3008f7d91feee9c","category":"Sports Bar","checkinsCount":1063,"usersCount":414,"tipCount":15,"visitsCount":1255,"url":"http://www.beefobradys.com","tier":"","message":"","currency":"","rating":7.6},{"name":"The Piper Pub & Grill","phone":"2083432444","address":"150 N 8th St","lat":43.61561980417904,"lng":-116.20350090818148,"neighborhood":"Downtown Boise City","city_fetched":"Boise","state":"ID","country":"United States","canonicalUrl":"https://foursquare.com/v/the-piper-pub--grill/4b4519f6f964a520a40426e3","category":"Bar","checkinsCount":1355,"usersCount":604,"tipCount":14,"visitsCount":1388,"url":"http://pipers.com","tier":2,"message":"Moderate","currency":"$","rating":7.6},{"name":"The Matador","phone":"2083429988","twitter":"matadorrest","address":"215 N 8th St","lat":43.616956899215864,"lng":-116.20248092312076,"neighborhood":"Downtown Boise City","city_fetched":"Boise","state":"ID","country":"United States","canonicalUrl":"https://foursquare.com/v/the-matador/4c65720118b676b09317aa0e","category":"Mexican Restaurant","checkinsCount":3817,"usersCount":1291,"tipCount":26,"visitsCount":3907,"url":"http://matadorrestaurants.com","tier":2,"message":"Moderate","currency":"$","rating":7.5},{"name":"Willowcreek Grill","phone":"2089383010","address":"1065 E Winding Creek Dr","lat":43.693757266812035,"lng":-116.340708929349,"city_fetched":"Boise","state":"ID","country":"United States","canonicalUrl":"https://foursquare.com/v/willowcreek-grill/4bd3842141b9ef3bf66900e6","category":"American Restaurant","checkinsCount":478,"usersCount":266,"tipCount":2,"visitsCount":554,"url":"http://willowcreekgrill.com","tier":2,"message":"Moderate","currency":"$","rating":7.5},{"name":"Cloud Nine Brewery","address":"1750 W State St","lat":43.625475,"lng":-116.210908,"neighborhood":"North End","city_fetched":"Boise","state":"ID","country":"United States","canonicalUrl":"https://foursquare.com/v/cloud-nine-brewery/5327a6c3498eb0e0d00cab90","category":"Brewery","checkinsCount":213,"usersCount":162,"tipCount":9,"visitsCount":258,"tier":"","message":"","currency":"","rating":7.5},{"name":"Crooked Fence Barrelhouse","phone":"2088904120","address":"5181 N Glenwood St","lat":43.65174261606659,"lng":-116.28004139704852,"neighborhood":"Northwest","city_fetched":"Boise","state":"ID","country":"United States","canonicalUrl":"https://foursquare.com/v/crooked-fence-barrelhouse/5190a2bd498edd24e0f845dc","category":"American Restaurant","checkinsCount":850,"usersCount":608,"tipCount":12,"visitsCount":1284,"url":"http://www.cfbarrelhouse.com","tier":2,"message":"Moderate","currency":"$","rating":7.5},{"name":"Busters","phone":"2089381800","address":"1396 E State St","lat":43.691278,"lng":-116.334551,"city_fetched":"Boise","state":"ID","country":"United States","canonicalUrl":"https://foursquare.com/v/busters/4b47f07df964a520904426e3","category":"Restaurant","checkinsCount":459,"usersCount":212,"tipCount":5,"visitsCount":572,"url":"http://eaglebustersbarandgrill.com","tier":1,"message":"Cheap","currency":"$","rating":7.5},{"name":"Solid Grill and Bar","phone":"2083456620","twitter":"solidboise","address":"405 S 8th St","lat":43.613546014409515,"lng":-116.20616797821393,"neighborhood":"Downtown Boise City","city_fetched":"Boise","state":"ID","country":"United States","canonicalUrl":"https://foursquare.com/v/solid-grill-and-bar/4b7756c2f964a5204e932ee3","category":"Restaurant","checkinsCount":3126,"usersCount":967,"tipCount":24,"visitsCount":3171,"url":"http://solidboise.com","tier":2,"message":"Moderate","currency":"$","rating":7.5},{"name":"Hyde Park Pub & Grill","phone":"2083369260","address":"1501 N 13th St","lat":43.629403,"lng":-116.203504,"neighborhood":"North End","city_fetched":"Boise","state":"ID","country":"United States","canonicalUrl":"https://foursquare.com/v/hyde-park-pub--grill/4b5e5c55f964a520478b29e3","category":"Burger Joint","checkinsCount":1037,"usersCount":391,"tipCount":18,"visitsCount":1066,"tier":1,"message":"Cheap","currency":"$","rating":7.4},{"name":"The 44","phone":"2083440693","address":"4340 W State St","lat":43.64610135555267,"lng":-116.24352883,"neighborhood":"Northwest","city_fetched":"Boise","state":"ID","country":"United States","canonicalUrl":"https://foursquare.com/v/the-44/4b4e7a05f964a52026ef26e3","category":"Dive Bar","checkinsCount":1391,"usersCount":236,"tipCount":9,"visitsCount":1443,"tier":"","message":"","currency":"","rating":7.4},{"name":"The Balcony Club","phone":"2083361313","twitter":"balconyclub","address":"150 N 8th St","lat":43.6161678185277,"lng":-116.2032606761951,"neighborhood":"Downtown Boise City","city_fetched":"Boise","state":"ID","country":"United States","canonicalUrl":"https://foursquare.com/v/the-balcony-club/4b45c1f5f964a520ea0f26e3","category":"Gay Bar","checkinsCount":3594,"usersCount":804,"tipCount":21,"visitsCount":3628,"url":"http://www.thebalconyclub.com","tier":"","message":"","currency":"","rating":7.4},{"name":"13th Street Bar & Grill","phone":"2086398888","address":"1520 N 13th St","lat":43.63010992719106,"lng":-116.20319452173987,"neighborhood":"North End","city_fetched":"Boise","state":"ID","country":"United States","canonicalUrl":"https://foursquare.com/v/13th-street-bar--grill/4c3529c666e40f47f8d8ca8b","category":"Sports Bar","checkinsCount":2475,"usersCount":788,"tipCount":16,"visitsCount":2652,"url":"http://13pubandgrill.com","tier":"","message":"","currency":"","rating":7.4},{"name":"Quinn's Restaurant and Lounge","phone":"2083429568","address":"1005 S Vista Ave","lat":43.59501865,"lng":-116.21394376666667,"neighborhood":"Depot Bench","city_fetched":"Boise","state":"ID","country":"United States","canonicalUrl":"https://foursquare.com/v/quinns-restaurant-and-lounge/4b4a54e9f964a520268426e3","category":"American Restaurant","checkinsCount":878,"usersCount":416,"tipCount":7,"visitsCount":1015,"url":"http://quinnsrestaurant.net","tier":2,"message":"Moderate","currency":"$","rating":7.4},{"name":"The Dutch Goose","phone":"2083428887","address":"3515 W State St","lat":43.6380031,"lng":-116.23346,"neighborhood":"Northwest","city_fetched":"Boise","state":"ID","country":"United States","canonicalUrl":"https://foursquare.com/v/the-dutch-goose/4b4a6188f964a520f48526e3","category":"Dive Bar","checkinsCount":561,"usersCount":340,"tipCount":9,"visitsCount":642,"tier":"","message":"","currency":"","rating":7.3},{"name":"The Press","address":"212 N 9th St","lat":43.61740825,"lng":-116.20360166,"neighborhood":"Downtown Boise City","city_fetched":"Boise","state":"ID","country":"United States","canonicalUrl":"https://foursquare.com/v/the-press/4e1e6525b61cc42aee394c4f","category":"Gastropub","checkinsCount":399,"usersCount":97,"tipCount":8,"visitsCount":401,"tier":"","message":"","currency":"","rating":7.2},{"name":"Barrel 55 Dining & Taphouse","address":"3004 N Eagle Rd","lat":43.632792,"lng":-116.353833,"city_fetched":"Boise","state":"ID","country":"United States","canonicalUrl":"https://foursquare.com/v/barrel-55-dining--taphouse/577efb1d498ea8b933c2d8f1","category":"Gastropub","checkinsCount":13,"usersCount":12,"tipCount":1,"visitsCount":14,"tier":"","message":"","currency":"","rating":7.2},{"name":"Spacebar Arcade","phone":"2089180597","twitter":"spacebararcade","address":"200 N. Capitol Blvd.","lat":43.61590999700605,"lng":-116.20153191008646,"neighborhood":"Downtown Boise City","city_fetched":"Boise","state":"ID","country":"United States","canonicalUrl":"https://foursquare.com/v/spacebar-arcade/4ff48aeb395033ac2b16b41c","category":"Arcade","checkinsCount":860,"usersCount":376,"tipCount":10,"visitsCount":905,"tier":"","message":"","currency":"","rating":7.2},{"name":"Tom Grainey's","phone":"2083452505","address":"109 S 6th St","lat":43.61417959,"lng":-116.20166995,"neighborhood":"Downtown Boise City","city_fetched":"Boise","state":"ID","country":"United States","canonicalUrl":"https://foursquare.com/v/tom-graineys/4bf981205317a5939164017f","category":"Bar","checkinsCount":3692,"usersCount":962,"tipCount":10,"visitsCount":3841,"tier":2,"message":"Moderate","currency":"$","rating":7.1},{"name":"Fatty's Bar","phone":"2085142531","twitter":"drinkfattys","address":"800 W Idaho St Ste 200","lat":43.61657562844549,"lng":-116.20266756884493,"neighborhood":"Downtown Boise City","city_fetched":"Boise","state":"ID","country":"United States","canonicalUrl":"https://foursquare.com/v/fattys-bar/4ccd297454f0b1f73c311bca","category":"Bar","checkinsCount":2470,"usersCount":790,"tipCount":12,"visitsCount":2501,"url":"http://www.drinkfattys.com","tier":"","message":"","currency":"","rating":7.1},{"name":"Whiskey Bar","address":"509 W Main St","lat":43.61408742831337,"lng":-116.20060022305037,"neighborhood":"Downtown Boise City","city_fetched":"Boise","state":"ID","country":"United States","canonicalUrl":"https://foursquare.com/v/whiskey-bar/53802cb3498e7fa5d01a4ae6","category":"Cocktail Bar","checkinsCount":156,"usersCount":114,"tipCount":3,"visitsCount":163,"tier":"","message":"","currency":"","rating":7.1},{"name":"Legends Sports Pub & Grill","phone":"2083771819","address":"7609 W Overland Rd","lat":43.58841107997035,"lng":-116.27753734588623,"neighborhood":"Southwest","city_fetched":"Boise","state":"ID","country":"United States","canonicalUrl":"https://foursquare.com/v/legends-sports-pub--grill/4b4106c3f964a520a2bf25e3","category":"Sports Bar","checkinsCount":1522,"usersCount":790,"tipCount":12,"visitsCount":1596,"url":"http://www.boisesportspub.com","tier":"","message":"","currency":"","rating":7},{"name":"The Crux","address":"1022 W Main St","lat":43.617454,"lng":-116.206702,"neighborhood":"Downtown Boise City","city_fetched":"Boise","state":"ID","country":"United States","canonicalUrl":"https://foursquare.com/v/the-crux/4f120cece4b07e9ecb1d771c","category":"Coffee Shop","checkinsCount":954,"usersCount":371,"tipCount":19,"visitsCount":1012,"tier":1,"message":"Cheap","currency":"$","rating":7},{"name":"RAM Restaurant & Brewery","phone":"2088880314","twitter":"theram","address":"3272 E Pine Ave","lat":43.613397483983206,"lng":-116.35409832000732,"city_fetched":"Boise","state":"ID","country":"United States","canonicalUrl":"https://foursquare.com/v/ram-restaurant--brewery/4b5120d1f964a520de4327e3","category":"Brewery","checkinsCount":1680,"usersCount":869,"tipCount":17,"visitsCount":1895,"url":"http://theram.com","tier":2,"message":"Moderate","currency":"$","rating":7},{"name":"Cazba Eastern Mediterranean & Greek Cuisine","phone":"2083810222","twitter":"opalounge","address":"211 N 8th St","lat":43.616890145367535,"lng":-116.20255553599334,"neighborhood":"Downtown Boise City","city_fetched":"Boise","state":"ID","country":"United States","canonicalUrl":"https://foursquare.com/v/cazba-eastern-mediterranean--greek-cuisine/4b52c8d1f964a520ff8727e3","category":"Cocktail Bar","checkinsCount":594,"usersCount":332,"tipCount":11,"visitsCount":594,"tier":"","message":"","currency":"","rating":6.9},{"name":"Hooligans Pub","phone":"2083769800","twitter":"hooliganspub1","address":"10704 W Overland Rd","lat":43.59062277896207,"lng":-116.31604113951,"neighborhood":"Southwest","city_fetched":"Boise","state":"ID","country":"United States","canonicalUrl":"https://foursquare.com/v/hooligans-pub/4b6d13a4f964a520db652ce3","category":"Pub","checkinsCount":385,"usersCount":111,"tipCount":3,"visitsCount":389,"url":"http://www.hooliganspubboise.com","tier":"","message":"","currency":"","rating":6.9},{"name":"Broadway Bar","phone":"2083429951","address":"1712 S Broadway Ave","lat":43.591817522726764,"lng":-116.19330364730128,"neighborhood":"Southeast Boise","city_fetched":"Boise","state":"ID","country":"United States","canonicalUrl":"https://foursquare.com/v/broadway-bar/4b462fdef964a5207d1926e3","category":"Dive Bar","checkinsCount":845,"usersCount":227,"tipCount":3,"visitsCount":918,"tier":"","message":"","currency":"","rating":6.5}]