[{"name":"Beefeaters","phone":"8143629717","address":"27 Congress St","lat":41.954867,"lng":-78.649639,"city_fetched":"Bradford","state":"PA","country":"United States","canonicalUrl":"https://foursquare.com/v/beefeaters/4b6d020bf964a520bb622ce3","category":"Bar","checkinsCount":353,"usersCount":279,"tipCount":8,"visitsCount":443,"tier":"","message":"","currency":"","rating":7},{"name":"New City Line","phone":"8143684400","address":"244 W Washington St","lat":41.9572645,"lng":-78.66304665000001,"city_fetched":"Bradford","state":"PA","country":"United States","canonicalUrl":"https://foursquare.com/v/new-city-line/4c30143816adc92852bfbe9c","category":"Bar","checkinsCount":188,"usersCount":72,"tipCount":9,"visitsCount":231,"tier":"","message":"","currency":"","rating":6.7}]