[{"name":"The Last Turn Saloon","phone":"2188294856","address":"214 S 8th St","lat":46.35628790980675,"lng":-94.19774129284923,"city_fetched":"Brainerd","state":"MN","country":"United States","canonicalUrl":"https://foursquare.com/v/the-last-turn-saloon/4b99946bf964a520208535e3","category":"Pub","checkinsCount":482,"usersCount":227,"tipCount":11,"visitsCount":503,"url":"http://lastturnsaloon.com","tier":"","message":"","currency":"","rating":8.5},{"name":"Shep's on 6th","phone":"2188294835","address":"315 S 6th St","lat":46.35528094998329,"lng":-94.20033931732178,"city_fetched":"Brainerd","state":"MN","country":"United States","canonicalUrl":"https://foursquare.com/v/sheps-on-6th/4b9c641ff964a5202f6536e3","category":"Bar","checkinsCount":1593,"usersCount":314,"tipCount":11,"visitsCount":1765,"tier":2,"message":"Moderate","currency":"$","rating":8.2},{"name":"Boomer Pizza","phone":"2184544900","twitter":"boomerpizza","address":"14039 Edgewood Dr","lat":46.354897538273946,"lng":-94.24625722987234,"city_fetched":"Brainerd","state":"MN","country":"United States","canonicalUrl":"https://foursquare.com/v/boomer-pizza/5233499c11d2bbaf2c650007","category":"Pizza Place","checkinsCount":176,"usersCount":86,"tipCount":10,"visitsCount":228,"url":"http://boomerpizza.com","tier":2,"message":"Moderate","currency":"$","rating":8.2},{"name":"Hassie's Saloon","address":"Hwy 210","lat":46.38360867276933,"lng":-94.14530190178925,"city_fetched":"Brainerd","state":"MN","country":"United States","canonicalUrl":"https://foursquare.com/v/hassies-saloon/515b21f3e4b0d002fb0ec419","category":"Bar","checkinsCount":99,"usersCount":83,"tipCount":4,"visitsCount":156,"tier":"","message":"","currency":"","rating":7.9},{"name":"Jack Pine Brewery","phone":"2182708072","address":"7942 College Rd #115","lat":46.345046451987805,"lng":-94.23497200012207,"city_fetched":"Brainerd","state":"MN","country":"United States","canonicalUrl":"https://foursquare.com/v/jack-pine-brewery/50f1ad30e4b0dfb0c2bae57a","category":"Brewery","checkinsCount":312,"usersCount":216,"tipCount":7,"visitsCount":446,"url":"http://jackpinebrewery.com","tier":"","message":"","currency":"","rating":7.8},{"name":"O'Neary's Irish Pub","phone":"2188287024","address":"305 S 7th St","lat":46.35542271941051,"lng":-94.19900677171864,"city_fetched":"Brainerd","state":"MN","country":"United States","canonicalUrl":"https://foursquare.com/v/onearys-irish-pub/4bf759244a67c928fc9b23cf","category":"Karaoke Bar","checkinsCount":311,"usersCount":94,"tipCount":11,"visitsCount":327,"tier":"","message":"","currency":"","rating":7.4},{"name":"Jack's House","phone":"2188245225","address":"300 HWY 25 S","lat":46.35552674246956,"lng":-94.1667529697017,"city_fetched":"Brainerd","state":"MN","country":"United States","canonicalUrl":"https://foursquare.com/v/jacks-house/4bdadab463c5c9b647312568","category":"Other Nightlife","checkinsCount":1148,"usersCount":259,"tipCount":3,"visitsCount":1275,"tier":"","message":"","currency":"","rating":7.3},{"name":"Liquor Pigz","phone":"2188280547","address":"714 Laurel St","lat":46.35570321742883,"lng":-94.19830978944435,"city_fetched":"Brainerd","state":"MN","country":"United States","canonicalUrl":"https://foursquare.com/v/liquor-pigz/4bb2c94114cfd13ae86f15ab","category":"Bar","checkinsCount":642,"usersCount":184,"tipCount":8,"visitsCount":719,"tier":"","message":"","currency":"","rating":6.9},{"name":"Yesterday's Gone","phone":"2188242050","address":"219 S 9th St","lat":46.356065861291746,"lng":-94.19564008712769,"city_fetched":"Brainerd","state":"MN","country":"United States","canonicalUrl":"https://foursquare.com/v/yesterdays-gone/4cad36ff76d3a09346c6386b","category":"Bar","checkinsCount":290,"usersCount":115,"tipCount":1,"visitsCount":315,"url":"http://www.yesterdaysgonebar.com","tier":"","message":"","currency":"","rating":6.6}]