[{"name":"Garfield's Restaurant & Pub","phone":"4173353701","address":"100 Branson Landing Blvd","lat":36.64188348968667,"lng":-93.21320411334672,"city_fetched":"Branson","state":"MO","country":"United States","canonicalUrl":"https://foursquare.com/v/garfields-restaurant--pub/4b6de2c3f964a520be982ce3","category":"American Restaurant","checkinsCount":786,"usersCount":724,"tipCount":15,"visitsCount":842,"url":"http://www.garfields.net","tier":"","message":"","currency":"","rating":8.4},{"name":"Missouri Mountain Moonshine","lat":36.64235926544121,"lng":-93.21330715054299,"city_fetched":"Branson","state":"MO","country":"United States","canonicalUrl":"https://foursquare.com/v/missouri-mountain-moonshine/55dbb27b498e252160a3f708","category":"Bar","checkinsCount":67,"usersCount":61,"tipCount":2,"visitsCount":68,"tier":"","message":"","currency":"","rating":8},{"name":"Cheeky Monkey","address":"120 Montgomery Dr","lat":36.60330496657527,"lng":-93.29798394476738,"city_fetched":"Branson","state":"MO","country":"United States","canonicalUrl":"https://foursquare.com/v/cheeky-monkey/531966a3498e7c6fb2f5a227","category":"Nightclub","checkinsCount":118,"usersCount":125,"tipCount":2,"visitsCount":265,"tier":"","message":"","currency":"","rating":7.9},{"name":"Outback Steak & Oyster Bar","phone":"4173347003","address":"1924 W 76 Country Blvd","lat":36.641296803940975,"lng":-93.2552220797792,"city_fetched":"Branson","state":"MO","country":"United States","canonicalUrl":"https://foursquare.com/v/outback-steak--oyster-bar/4b7df1cff964a5207bdb2fe3","category":"Pub","checkinsCount":1537,"usersCount":963,"tipCount":15,"visitsCount":1678,"url":"http://www.outbackbranson.com","tier":2,"message":"Moderate","currency":"$","rating":7.5},{"name":"Wyndham Branson at The Meadows","phone":"4173364993","address":"110 Willow Bnd","lat":36.60191362374079,"lng":-93.28512296573746,"city_fetched":"Branson","state":"MO","country":"United States","canonicalUrl":"https://foursquare.com/v/wyndham-branson-at-the-meadows/53018477498ece7a1b89f8a5","category":"Resort","checkinsCount":463,"usersCount":219,"tipCount":2,"visitsCount":609,"url":"http://www.wingatemissoula.com","tier":"","message":"","currency":"","rating":7.4},{"name":"Waxy O'Shea's Irish Pub","phone":"4173481759","address":"235 Branson Landing Blvd","lat":36.644043852953054,"lng":-93.21444511413574,"city_fetched":"Branson","state":"MO","country":"United States","canonicalUrl":"https://foursquare.com/v/waxy-osheas-irish-pub/4bef5329c80dc928b0d627e3","category":"Pub","checkinsCount":1979,"usersCount":1247,"tipCount":37,"visitsCount":2034,"url":"http://waxyosheas.com","tier":2,"message":"Moderate","currency":"$","rating":7.2},{"name":"Black Horse Pub","lat":36.623847542667946,"lng":-93.21657010775024,"city_fetched":"Branson","state":"Missouri","country":"United States","canonicalUrl":"https://foursquare.com/v/black-horse-pub/4e7d444cb634ae4a345fc5a8","category":"Bar","checkinsCount":156,"usersCount":89,"tipCount":4,"visitsCount":175,"tier":"","message":"","currency":"","rating":7.2},{"name":"Time Out Sports Bar & Grill","phone":"4173378463","address":"3265 Falls Parkway","lat":36.62569625017806,"lng":-93.28182594821389,"city_fetched":"Branson","state":"MO","country":"United States","canonicalUrl":"https://foursquare.com/v/time-out-sports-bar--grill/503e4a32e4b0a53975ce08b3","category":"Wings Joint","checkinsCount":350,"usersCount":263,"tipCount":4,"visitsCount":469,"url":"http://www.timeoutbranson.com","tier":1,"message":"Cheap","currency":"$","rating":7.1},{"name":"The Starlite Theatre","phone":"4173379333","address":"3115 W 76 Country Blvd","lat":36.63830053099736,"lng":-93.27785115052185,"city_fetched":"Branson","state":"MO","country":"United States","canonicalUrl":"https://foursquare.com/v/the-starlite-theatre/4e5f960dc65b1ce83ded3daa","category":"Concert Hall","checkinsCount":605,"usersCount":204,"tipCount":4,"visitsCount":626,"tier":"","message":"","currency":"","rating":7.1},{"name":"Gilley's Cantina","address":"3431-3499 W 76 Country Blvd","lat":36.64216016666666,"lng":-93.2846241,"city_fetched":"Branson","state":"MO","country":"United States","canonicalUrl":"https://foursquare.com/v/gilleys-cantina/4e24ff4f18388c58be283a40","category":"Bar","checkinsCount":112,"usersCount":104,"tipCount":3,"visitsCount":112,"tier":"","message":"","currency":"","rating":6.7},{"name":"Paddlewheel Pub","lat":36.64574605411342,"lng":-93.21297350707773,"city_fetched":"Branson","state":"MO","country":"United States","canonicalUrl":"https://foursquare.com/v/paddlewheel-pub/514502b5e4b0dfd2d1c18c07","category":"Pub","checkinsCount":162,"usersCount":108,"tipCount":10,"visitsCount":162,"tier":"","message":"","currency":"","rating":6.2},{"name":"Ernie Biggs Dueling Piano Bar & Grille","phone":"4172393670","twitter":"ebbranson","address":"505 Branson Landing Blvd","lat":36.64667388487317,"lng":-93.2148576413195,"city_fetched":"Branson","state":"MO","country":"United States","canonicalUrl":"https://foursquare.com/v/ernie-biggs-dueling-piano-bar--grille/4c50cb7dd2a7c9b68ac61d10","category":"Piano Bar","checkinsCount":928,"usersCount":659,"tipCount":6,"visitsCount":953,"url":"http://www.erniebiggs.com","tier":"","message":"","currency":"","rating":6.2},{"name":"Time Out Sports Bar","address":"1335 E State Highway 76","lat":36.641201979054784,"lng":-93.24362916709744,"city_fetched":"Branson","state":"MO","country":"United States","canonicalUrl":"https://foursquare.com/v/time-out-sports-bar/4da8fedd0cb6a89c624bf19f","category":"Sports Bar","checkinsCount":211,"usersCount":94,"tipCount":8,"visitsCount":211,"url":"http://timeoutbranson.com","tier":"","message":"","currency":"","rating":6},{"name":"Rowdy Beaver Restaurant & Tavern","address":"1700 W 76 Country Blvd","lat":36.64222446911408,"lng":-93.25002677931533,"city_fetched":"Branson","state":"MO","country":"United States","canonicalUrl":"https://foursquare.com/v/rowdy-beaver-restaurant--tavern/4bd3922c77b29c74bf399182","category":"American Restaurant","checkinsCount":832,"usersCount":698,"tipCount":14,"visitsCount":913,"url":"http://rowdybeaver.com","tier":2,"message":"Moderate","currency":"$","rating":5.8}]