[{"name":"Oskar Blues Brewery","phone":"8288832337","twitter":"oskarblueswnc","address":"342 Mountain Industrial Dr","lat":35.25374393728502,"lng":-82.70708449101674,"city_fetched":"Brevard","state":"NC","country":"United States","canonicalUrl":"https://foursquare.com/oskarblueswnc","category":"Brewery","checkinsCount":1560,"usersCount":1448,"tipCount":14,"visitsCount":2155,"url":"http://www.oskarblues.com/about-us/oskarbluesbrevard/","tier":1,"message":"Cheap","currency":"$","rating":9.1},{"name":"The Phoenix","phone":"8288773232","twitter":"phoenixbrevard","address":"14 S Gaston St","lat":35.23278086151833,"lng":-82.73355779855663,"city_fetched":"Brevard","state":"NC","country":"United States","canonicalUrl":"https://foursquare.com/phoenixbrevard","category":"Restaurant","checkinsCount":224,"usersCount":138,"tipCount":6,"visitsCount":239,"url":"http://www.thephoenixbrevard.com","tier":3,"message":"Expensive","currency":"$","rating":7.9},{"name":"Jordan St Cafe","phone":"8288832558","address":"48 West Jordan Street","lat":35.233456405719465,"lng":-82.73563385009766,"city_fetched":"Brevard","state":"NC","country":"United States","canonicalUrl":"https://foursquare.com/v/jordan-st-cafe/4b816d81f964a5206aa530e3","category":"Rock Club","checkinsCount":509,"usersCount":177,"tipCount":13,"visitsCount":532,"tier":"","message":"","currency":"","rating":7.5},{"name":"Brevard Brewing Co.","address":"63","lat":35.23335112148704,"lng":-82.73330491787699,"city_fetched":"Brevard","state":"NC","country":"United States","canonicalUrl":"https://foursquare.com/v/brevard-brewing-co/4f16ef7ae4b0380208238778","category":"Brewery","checkinsCount":649,"usersCount":489,"tipCount":11,"visitsCount":737,"tier":"","message":"","currency":"","rating":7.1},{"name":"Dugan's Pub","phone":"8288626527","address":"29 W French Broad St","lat":35.23611949947274,"lng":-82.73259368589376,"city_fetched":"Brevard","state":"NC","country":"United States","canonicalUrl":"https://foursquare.com/v/dugans-pub/4b4bb5b1f964a520d4a426e3","category":"Pub","checkinsCount":793,"usersCount":577,"tipCount":14,"visitsCount":1034,"tier":"","message":"","currency":"","rating":6.8}]