[{"name":"Wooden Legs Brewing Company","phone":"6056922337","twitter":"woodenlegsbrew","address":"309 5th St Ste 100","lat":44.31036846831296,"lng":-96.7995285987854,"city_fetched":"Brookings","state":"SD","country":"United States","canonicalUrl":"https://foursquare.com/woodenlegsbrew","category":"Brewery","checkinsCount":1412,"usersCount":345,"tipCount":11,"visitsCount":1772,"url":"http://www.woodenlegsbrewing.com","tier":2,"message":"Moderate","currency":"$","rating":8.6},{"name":"Cubby's Sports Bar and Grill","phone":"6056967978","twitter":"cubbysbrookings","address":"307 Main Ave","lat":44.308218814659256,"lng":-96.7987722158432,"city_fetched":"Brookings","state":"SD","country":"United States","canonicalUrl":"https://foursquare.com/v/cubbys-sports-bar-and-grill/4b6b01e3f964a52020ec2be3","category":"Sports Bar","checkinsCount":4327,"usersCount":1084,"tipCount":41,"visitsCount":4608,"url":"http://cubbyssportsbarandgrill.com","tier":1,"message":"Cheap","currency":"$","rating":8.4},{"name":"Skinner's Pub","phone":"6056923248","address":"300 Main Ave","lat":44.308095974929614,"lng":-96.79834842681885,"city_fetched":"Brookings","state":"SD","country":"United States","canonicalUrl":"https://foursquare.com/v/skinners-pub/4b9edfe2f964a520be0737e3","category":"Bar","checkinsCount":3313,"usersCount":637,"tipCount":11,"visitsCount":3383,"tier":2,"message":"Moderate","currency":"$","rating":7.5},{"name":"Pints & Quarts","phone":"6056927696","twitter":"bpintsquarts","address":"313 Main Ave","lat":44.30842960915652,"lng":-96.79884484468403,"city_fetched":"Brookings","state":"SD","country":"United States","canonicalUrl":"https://foursquare.com/bpintsquarts","category":"Bar","checkinsCount":423,"usersCount":136,"tipCount":3,"visitsCount":436,"url":"http://www.bpintsquarts.com","tier":2,"message":"Moderate","currency":"$","rating":7.3},{"name":"Jim's Tap","phone":"6056922833","address":"315 Main Ave","lat":44.30834624158866,"lng":-96.79881345697173,"city_fetched":"Brookings","state":"SD","country":"United States","canonicalUrl":"https://foursquare.com/v/jims-tap/4b7e1addf964a520e6e22fe3","category":"Pub","checkinsCount":1470,"usersCount":408,"tipCount":15,"visitsCount":1475,"tier":"","message":"","currency":"","rating":7.2},{"name":"Ground Round","phone":"6056975357","address":"2500 6th St","lat":44.31071400440104,"lng":-96.76247667104695,"city_fetched":"Brookings","state":"SD","country":"United States","canonicalUrl":"https://foursquare.com/v/ground-round/4e543bd8e4cd76151a3b5ba8","category":"American Restaurant","checkinsCount":730,"usersCount":360,"tipCount":7,"visitsCount":807,"url":"http://oshkoshwaterfronthotel.com/hotel_restaurant_bar.phtml","tier":2,"message":"Moderate","currency":"$","rating":7},{"name":"Ray's Corner","phone":"6056922921","address":"401 Main Ave","lat":44.309067,"lng":-96.7987572,"city_fetched":"Brookings","state":"SD","country":"United States","canonicalUrl":"https://foursquare.com/v/rays-corner/4b7f2a85f964a520d01b30e3","category":"Dive Bar","checkinsCount":577,"usersCount":224,"tipCount":3,"visitsCount":593,"tier":"","message":"","currency":"","rating":6.9},{"name":"Sully's Irish Pub","phone":"6056925424","address":"416 Main Ave","lat":44.30994238250558,"lng":-96.79878294467926,"city_fetched":"Brookings","state":"SD","country":"United States","canonicalUrl":"https://foursquare.com/v/sullys-irish-pub/4b89f4a3f964a5208f5832e3","category":"Bar","checkinsCount":1604,"usersCount":319,"tipCount":11,"visitsCount":1615,"tier":"","message":"","currency":"","rating":6.5},{"name":"9 Bar & Nightclub","phone":"6056926463","address":"307 Main Ave","lat":44.30814203985835,"lng":-96.79899752140045,"city_fetched":"Brookings","state":"SD","country":"United States","canonicalUrl":"https://foursquare.com/v/9-bar--nightclub/4b7e08aff964a52004e02fe3","category":"Nightclub","checkinsCount":1559,"usersCount":377,"tipCount":2,"visitsCount":1563,"tier":"","message":"","currency":"","rating":5.6},{"name":"Prairie Lanes","phone":"6056924435","address":"722 Western Ave","lat":44.313934936835906,"lng":-96.80806302567092,"city_fetched":"Brookings","state":"SD","country":"United States","canonicalUrl":"https://foursquare.com/v/prairie-lanes/4c086b606071a593fc56dc32","category":"Bowling Alley","checkinsCount":504,"usersCount":254,"tipCount":2,"visitsCount":576,"url":"http://prairie26lanes.com","tier":"","message":"","currency":"","rating":5.6}]