[{"name":"Foam Brewers","address":"112 Lake St","lat":44.479168414933525,"lng":-73.22022954843156,"city_fetched":"Burlington","state":"VT","country":"United States","canonicalUrl":"https://foursquare.com/v/foam-brewers/5722bb5fcd1051829989ce51","category":"Brewery","checkinsCount":282,"usersCount":288,"tipCount":7,"visitsCount":353,"url":"http://foambrewers.com","tier":"","message":"","currency":"","rating":9.1},{"name":"The Tap Room at Switchback Brewing Company","phone":"8026514114","twitter":"switchbackbeer","address":"160 Flynn Ave","lat":44.45605388434028,"lng":-73.22031497955322,"neighborhood":"South End","city_fetched":"Burlington","state":"VT","country":"United States","canonicalUrl":"https://foursquare.com/v/the-tap-room-at-switchback-brewing-company/4be993be62c0c928f7cddfd4","category":"Brewery","checkinsCount":1629,"usersCount":1550,"tipCount":16,"visitsCount":2078,"url":"http://www.switchbackvt.com/tours.html","tier":1,"message":"Cheap","currency":"$","rating":9.1},{"name":"The Farmhouse Tap & Grill","phone":"8028590888","twitter":"fhtgburlington","address":"160 Bank St","lat":44.47832708476566,"lng":-73.21326613426208,"city_fetched":"Burlington","state":"VT","country":"United States","canonicalUrl":"https://foursquare.com/v/the-farmhouse-tap--grill/4bf3375294af2d7fed493972","category":"Gastropub","checkinsCount":12569,"usersCount":7059,"tipCount":146,"visitsCount":14024,"url":"http://www.farmhousetg.com","tier":2,"message":"Moderate","currency":"$","rating":9.1},{"name":"Citizen Cider","phone":"8024483278","twitter":"citizencider","address":"316 Pine St","lat":44.4706883460187,"lng":-73.21462861772007,"neighborhood":"South End","city_fetched":"Burlington","state":"VT","country":"United States","canonicalUrl":"https://foursquare.com/v/citizen-cider/533f48d3498eb76534dffbb2","category":"Brewery","checkinsCount":1216,"usersCount":1165,"tipCount":22,"visitsCount":1835,"url":"http://www.citizencider.com","tier":1,"message":"Cheap","currency":"$","rating":8.9},{"name":"Zero Gravity Brewery","phone":"8028612999","twitter":"zerogravitybeer","address":"716 Pine St","lat":44.45980650739844,"lng":-73.2141022987196,"neighborhood":"South End","city_fetched":"Burlington","state":"VT","country":"United States","canonicalUrl":"https://foursquare.com/v/zero-gravity-brewery/555f8503498eec162d3c10b1","category":"Beer Garden","checkinsCount":577,"usersCount":534,"tipCount":9,"visitsCount":733,"url":"http://www.zerogravitybeer.com","tier":"","message":"","currency":"","rating":8.4},{"name":"The Daily Planet","phone":"8028629647","twitter":"dailyplanetvt","address":"15 Center St","lat":44.477764,"lng":-73.211495,"city_fetched":"Burlington","state":"VT","country":"United States","canonicalUrl":"https://foursquare.com/v/the-daily-planet/4b16dbbdf964a52082be23e3","category":"Bar","checkinsCount":2673,"usersCount":1137,"tipCount":32,"visitsCount":2783,"url":"http://www.dailyplanet15.com","tier":2,"message":"Moderate","currency":"$","rating":8.3},{"name":"Windjammer Upper Deck Pub","phone":"8028460658","twitter":"jammerudp","address":"1076 Williston Rd","lat":44.46976118474001,"lng":-73.17889762094347,"city_fetched":"Burlington","state":"VT","country":"United States","canonicalUrl":"https://foursquare.com/v/windjammer-upper-deck-pub/4b49062df964a5208a6226e3","category":"Hotel Bar","checkinsCount":2284,"usersCount":1238,"tipCount":19,"visitsCount":2315,"url":"http://windjammerrestaurant.com/upper-deck-pub/","tier":2,"message":"Moderate","currency":"$","rating":8.3},{"name":"Mule Bar","phone":"8023992020","twitter":"mulebarvt","address":"38 Main St","lat":44.490717038319474,"lng":-73.18646279979349,"city_fetched":"Burlington","state":"VT","country":"United States","canonicalUrl":"https://foursquare.com/v/mule-bar/518c1e18498e6b121ed63543","category":"Bar","checkinsCount":1316,"usersCount":530,"tipCount":12,"visitsCount":1388,"url":"http://mulebarvt.com","tier":2,"message":"Moderate","currency":"$","rating":8.2},{"name":"Mr. Mike's Pizza","phone":"8028640072","address":"206 Main St","lat":44.47604627140312,"lng":-73.21109477418271,"city_fetched":"Burlington","state":"VT","country":"United States","canonicalUrl":"https://foursquare.com/v/mr-mikes-pizza/4b4d083ef964a52097c826e3","category":"Pizza Place","checkinsCount":3078,"usersCount":1166,"tipCount":26,"visitsCount":3202,"tier":"","message":"","currency":"","rating":8.2},{"name":"Three Needs Taproom & Brewery","phone":"8026580889","address":"185 Pearl St","lat":44.48039730232507,"lng":-73.21163214268921,"city_fetched":"Burlington","state":"VT","country":"United States","canonicalUrl":"https://foursquare.com/v/three-needs-taproom--brewery/4f1f32a2e4b09603a3cdd688","category":"Brewery","checkinsCount":4412,"usersCount":1733,"tipCount":20,"visitsCount":4917,"url":"http://www.welickcock.com","tier":2,"message":"Moderate","currency":"$","rating":8.1},{"name":"Zero Gravity","phone":"8028612999","twitter":"zerogravitybeer","address":"115 Saint Paul St","lat":44.47661251991073,"lng":-73.21405313500826,"city_fetched":"Burlington","state":"VT","country":"United States","canonicalUrl":"https://foursquare.com/v/zero-gravity/4e149f09227146630abe42d3","category":"Brewery","checkinsCount":675,"usersCount":540,"tipCount":12,"visitsCount":675,"url":"http://www.zerogravitybeer.com","tier":"","message":"","currency":"","rating":8.1},{"name":"The Whiskey Room at Ri Ra","phone":"8028609401","address":"123 Church St","lat":44.47704637462797,"lng":-73.21274361185029,"city_fetched":"Burlington","state":"VT","country":"United States","canonicalUrl":"https://foursquare.com/v/the-whiskey-room-at-ri-ra/4f513751e4b0776d634d088f","category":"Whisky Bar","checkinsCount":2375,"usersCount":1234,"tipCount":16,"visitsCount":2397,"url":"http://www.rira.com/burlington","tier":3,"message":"Expensive","currency":"$","rating":8.1},{"name":"The Archives","address":"191 College St","lat":44.47708175383943,"lng":-73.21235169856489,"city_fetched":"Burlington","state":"VT","country":"United States","canonicalUrl":"https://foursquare.com/v/the-archives/54979f23498e025da45bb54f","category":"Bar","checkinsCount":210,"usersCount":91,"tipCount":1,"visitsCount":215,"url":"http://thearchivesbar.com","tier":"","message":"","currency":"","rating":8},{"name":"Arts Riot","phone":"8025400406","twitter":"artsriot","address":"400 Pine St","lat":44.46809282015782,"lng":-73.21493483279916,"neighborhood":"South End","city_fetched":"Burlington","state":"VT","country":"United States","canonicalUrl":"https://foursquare.com/v/arts-riot/50fc8337e4b05cb57ab23c9b","category":"Public Art","checkinsCount":674,"usersCount":512,"tipCount":6,"visitsCount":1031,"url":"http://artsriot.com","tier":"","message":"","currency":"","rating":8},{"name":"Mad River Distillers Burlington","phone":"8024895501","twitter":"drinkmrd","address":"137 Saint Paul St","lat":44.47605998710452,"lng":-73.21425613072883,"city_fetched":"Burlington","state":"VT","country":"United States","canonicalUrl":"https://foursquare.com/v/mad-river-distillers-burlington/56e34f69cd10c99b7e5c9c3d","category":"Distillery","checkinsCount":49,"usersCount":42,"tipCount":4,"visitsCount":49,"url":"http://madriverdistillers.com","tier":"","message":"","currency":"","rating":8},{"name":"Windjammer Restaurant","phone":"8028626585","twitter":"jammerudp","address":"1076 Williston Rd","lat":44.46967594175607,"lng":-73.17901071150096,"city_fetched":"Burlington","state":"VT","country":"United States","canonicalUrl":"https://foursquare.com/v/windjammer-restaurant/4be72997910020a16a1dd514","category":"American Restaurant","checkinsCount":1388,"usersCount":855,"tipCount":15,"visitsCount":1409,"url":"http://www.windjammerrestaurant.com","tier":3,"message":"Expensive","currency":"$","rating":7.9},{"name":"Four Quarters Brewing","twitter":"4quartersbrew","address":"150 W Canal St #1","lat":44.49072270368693,"lng":-73.19246504132691,"city_fetched":"Burlington","state":"VT","country":"United States","canonicalUrl":"https://foursquare.com/v/four-quarters-brewing/51ab3ffa498ed3e626079281","category":"Brewery","checkinsCount":658,"usersCount":321,"tipCount":4,"visitsCount":972,"url":"http://www.fourquartersbrewing.com","tier":"","message":"","currency":"","rating":7.8},{"name":"Juniper Bar & Restaurant","phone":"8026510080","twitter":"hotelvermont","address":"41 Cherry St","lat":44.47903535527702,"lng":-73.21794552902335,"city_fetched":"Burlington","state":"VT","country":"United States","canonicalUrl":"https://foursquare.com/v/juniper-bar--restaurant/5195b60eabd89fda61290250","category":"Hotel Bar","checkinsCount":1052,"usersCount":517,"tipCount":11,"visitsCount":1092,"url":"http://hotelvt.com/dining-drinking","tier":2,"message":"Moderate","currency":"$","rating":7.8},{"name":"Queen City Brewery","phone":"8025400280","address":"703B Pine St","lat":44.45969294425115,"lng":-73.21491603198895,"neighborhood":"South End","city_fetched":"Burlington","state":"VT","country":"United States","canonicalUrl":"https://foursquare.com/v/queen-city-brewery/53334aa5498e6694ff72ec35","category":"Brewery","checkinsCount":530,"usersCount":484,"tipCount":5,"visitsCount":653,"url":"http://queencitybrewery.com","tier":"","message":"","currency":"","rating":7.7},{"name":"Splash At The Boathouse","phone":"8023435894","address":"0 College St","lat":44.47706396456066,"lng":-73.22263240814209,"city_fetched":"Burlington","state":"VT","country":"United States","canonicalUrl":"https://foursquare.com/v/splash-at-the-boathouse/4bf59a96bfeac92845cf9236","category":"Bar","checkinsCount":1453,"usersCount":1067,"tipCount":16,"visitsCount":1476,"url":"http://splashattheboathouse.com","tier":2,"message":"Moderate","currency":"$","rating":7.7},{"name":"Manhattan Pizza & Pub","phone":"8026586776","twitter":"manhattanbtv","address":"167 Main St","lat":44.475994,"lng":-73.21256383333333,"city_fetched":"Burlington","state":"VT","country":"United States","canonicalUrl":"https://foursquare.com/v/manhattan-pizza--pub/4b186b20f964a52078d223e3","category":"Pizza Place","checkinsCount":4208,"usersCount":1294,"tipCount":38,"visitsCount":4324,"url":"http://manhattanpizzaandpubvt.com","tier":1,"message":"Cheap","currency":"$","rating":7.7},{"name":"Vermont Pub & Brewery","phone":"8028650500","address":"144 College St","lat":44.477156225887335,"lng":-73.21435791068409,"city_fetched":"Burlington","state":"VT","country":"United States","canonicalUrl":"https://foursquare.com/v/vermont-pub--brewery/4b21bdeef964a520e44024e3","category":"Brewery","checkinsCount":9578,"usersCount":5671,"tipCount":118,"visitsCount":10125,"url":"http://www.vermontbrewery.com","tier":2,"message":"Moderate","currency":"$","rating":7.6},{"name":"Church Street Tavern","phone":"8026581309","twitter":"churchsttav_vt","address":"103 Church St","lat":44.47752387,"lng":-73.212598,"city_fetched":"Burlington","state":"VT","country":"United States","canonicalUrl":"https://foursquare.com/v/church-street-tavern/4aff1d77f964a520753422e3","category":"Bar","checkinsCount":2788,"usersCount":1775,"tipCount":31,"visitsCount":2832,"url":"http://www.churchstreettavernvt.com","tier":"","message":"","currency":"","rating":7.6},{"name":"Drink","phone":"8028609463","twitter":"drinkvt","address":"135 Saint Paul St","lat":44.476044366332246,"lng":-73.21385202579839,"city_fetched":"Burlington","state":"VT","country":"United States","canonicalUrl":"https://foursquare.com/v/drink/4ad91df9f964a520491821e3","category":"Cocktail Bar","checkinsCount":5962,"usersCount":1722,"tipCount":50,"visitsCount":6054,"url":"http://come2drink.com","tier":"","message":"","currency":"","rating":7.5},{"name":"Spare Time","phone":"8026552720","address":"215 Lower Mountain View Dr","lat":44.506085856780764,"lng":-73.17667007446289,"city_fetched":"Burlington","state":"VT","country":"United States","canonicalUrl":"https://foursquare.com/v/spare-time/4b51dfbcf964a5200d5927e3","category":"Bowling Alley","checkinsCount":2623,"usersCount":1109,"tipCount":11,"visitsCount":2827,"url":"http://www.sparetimecolchester.com","tier":"","message":"","currency":"","rating":7.4},{"name":"Nectar's","phone":"8026584771","twitter":"nectarsvt","address":"188 Main St","lat":44.47602570860011,"lng":-73.21152000012576,"city_fetched":"Burlington","state":"VT","country":"United States","canonicalUrl":"https://foursquare.com/v/nectars/4ac28cadf964a520ad9920e3","category":"Rock Club","checkinsCount":5771,"usersCount":2287,"tipCount":33,"visitsCount":5806,"url":"http://www.liveatnectars.com","tier":"","message":"","currency":"","rating":7.4},{"name":"Club Metronome","phone":"8028654563","twitter":"nectarsvt","address":"188 Main St","lat":44.47609340710637,"lng":-73.2116690896203,"city_fetched":"Burlington","state":"VT","country":"United States","canonicalUrl":"https://foursquare.com/v/club-metronome/4b0a2b53f964a520322223e3","category":"Nightclub","checkinsCount":2560,"usersCount":913,"tipCount":17,"visitsCount":2572,"url":"http://www.clubmetronome.com","tier":2,"message":"Moderate","currency":"$","rating":7.3},{"name":"Ruben James","phone":"8028640744","twitter":"rjsburlington","address":"159 Main St","lat":44.47594628444464,"lng":-73.2128057370257,"city_fetched":"Burlington","state":"VT","country":"United States","canonicalUrl":"https://foursquare.com/v/ruben-james/4b2ad938f964a520c4b024e3","category":"Sports Bar","checkinsCount":6287,"usersCount":1358,"tipCount":37,"visitsCount":6403,"url":"http://rjsburlington.com","tier":1,"message":"Cheap","currency":"$","rating":7.2},{"name":"Scuffer Steak and Ale House","phone":"8028649451","twitter":"scuffersteakvt","address":"148 Church St","lat":44.47627473366052,"lng":-73.21251960807983,"city_fetched":"Burlington","state":"VT","country":"United States","canonicalUrl":"https://foursquare.com/v/scuffer-steak-and-ale-house/4b2ae640f964a520beb124e3","category":"Gastropub","checkinsCount":2061,"usersCount":1260,"tipCount":31,"visitsCount":2145,"url":"http://www.thescuffer.com","tier":2,"message":"Moderate","currency":"$","rating":7.1},{"name":"Finnigan's Pub","phone":"8028648209","address":"205 College St","lat":44.477113,"lng":-73.211579,"city_fetched":"Burlington","state":"VT","country":"United States","canonicalUrl":"https://foursquare.com/v/finnigans-pub/4b47ebf5f964a5200e4426e3","category":"Pub","checkinsCount":1826,"usersCount":645,"tipCount":9,"visitsCount":1865,"url":"http://www.finnigansvt.com","tier":"","message":"","currency":"","rating":7},{"name":"oak45","phone":"8024483740","address":"45 Main St","lat":44.490935045167014,"lng":-73.18593668557229,"city_fetched":"Burlington","state":"VT","country":"United States","canonicalUrl":"https://foursquare.com/v/oak45/5286c1c3498e87aa60f7196e","category":"Wine Bar","checkinsCount":286,"usersCount":163,"tipCount":6,"visitsCount":312,"url":"http://www.oak45.com","tier":"","message":"","currency":"","rating":7},{"name":"Smitty's Pub","phone":"8028623400","address":"1127 North Ave","lat":44.50690764029711,"lng":-73.2455093581278,"neighborhood":"New North End","city_fetched":"Burlington","state":"VT","country":"United States","canonicalUrl":"https://foursquare.com/v/smittys-pub/4f5aaf76e4b0d8f7b55ebdd7","category":"Pub","checkinsCount":343,"usersCount":130,"tipCount":5,"visitsCount":349,"tier":"","message":"","currency":"","rating":7},{"name":"Olde Northender Pub","phone":"8028649888","address":"23 North St","lat":44.48432,"lng":-73.221407,"city_fetched":"Burlington","state":"VT","country":"United States","canonicalUrl":"https://foursquare.com/v/olde-northender-pub/4b2c307ef964a52068c324e3","category":"Pub","checkinsCount":1075,"usersCount":218,"tipCount":6,"visitsCount":1123,"tier":1,"message":"Cheap","currency":"$","rating":7}]