[{"name":"Pinch Penny Pub","phone":"6185493348","twitter":"pinchpennypub","address":"700 E Grand Ave","lat":37.71791986706578,"lng":-89.2065341770649,"city_fetched":"Carbondale","state":"IL","country":"United States","canonicalUrl":"https://foursquare.com/v/pinch-penny-pub/4b523a1af964a520167127e3","category":"Bar","checkinsCount":5346,"usersCount":1314,"tipCount":23,"visitsCount":5851,"url":"http://pinchpennypub.com","tier":2,"message":"Moderate","currency":"$","rating":8.4},{"name":"The Cellar","phone":"6185493838","address":"101 W Monroe St","lat":37.72614692138851,"lng":-89.2165537313723,"city_fetched":"Carbondale","state":"IL","country":"United States","canonicalUrl":"https://foursquare.com/v/the-cellar/4b4d2cc9f964a5205ccd26e3","category":"Bar","checkinsCount":1718,"usersCount":539,"tipCount":11,"visitsCount":1838,"tier":"","message":"","currency":"","rating":8},{"name":"Hangar 9","phone":"6185490511","twitter":"thehangar9","address":"511 S Illinois Ave","lat":37.722807848232456,"lng":-89.21627038220969,"city_fetched":"Carbondale","state":"IL","country":"United States","canonicalUrl":"https://foursquare.com/thehangar9","category":"Bar","checkinsCount":2175,"usersCount":789,"tipCount":16,"visitsCount":2361,"url":"http://www.thehangar9.com","tier":1,"message":"Cheap","currency":"$","rating":7.5},{"name":"PK's","phone":"6185291124","address":"308 S Illinois Ave","lat":37.72486801319303,"lng":-89.21686494866135,"city_fetched":"Carbondale","state":"IL","country":"United States","canonicalUrl":"https://foursquare.com/v/pks/4b5a6d9af964a52090c428e3","category":"Dive Bar","checkinsCount":2045,"usersCount":386,"tipCount":20,"visitsCount":2131,"tier":"","message":"","currency":"","rating":7.4},{"name":"Blue Martin","phone":"6185494326","address":"215 E Main St","lat":37.72720536666667,"lng":-89.21446801666667,"city_fetched":"Carbondale","state":"IL","country":"United States","canonicalUrl":"https://foursquare.com/v/blue-martin/4b848ceff964a520473b31e3","category":"Lounge","checkinsCount":898,"usersCount":391,"tipCount":12,"visitsCount":918,"tier":"","message":"","currency":"","rating":7.2},{"name":"Tres Hombres","phone":"6184573308","address":"119 N Washington St","lat":37.728022038947756,"lng":-89.21536922580215,"city_fetched":"Carbondale","state":"IL","country":"United States","canonicalUrl":"https://foursquare.com/v/tres-hombres/4b54c51cf964a5208ccb27e3","category":"Mexican Restaurant","checkinsCount":2203,"usersCount":745,"tipCount":15,"visitsCount":2431,"url":"http://trescarbondale.com","tier":2,"message":"Moderate","currency":"$","rating":6.9},{"name":"Cali's","address":"702 E Grand","lat":37.719055861155,"lng":-89.20666320914569,"city_fetched":"Carbondale","state":"IL","country":"United States","canonicalUrl":"https://foursquare.com/v/calis/4bd1157bb221c9b6121ed5d0","category":"Nightclub","checkinsCount":516,"usersCount":239,"tipCount":3,"visitsCount":517,"tier":"","message":"","currency":"","rating":6.8},{"name":"Sidetracks","phone":"6184575950","address":"101 W College St","lat":37.72163439143987,"lng":-89.21572690368171,"city_fetched":"Carbondale","state":"IL","country":"United States","canonicalUrl":"https://foursquare.com/v/sidetracks/4b68bf98f964a520ad8a2be3","category":"Bar","checkinsCount":3256,"usersCount":388,"tipCount":6,"visitsCount":3311,"tier":1,"message":"Cheap","currency":"$","rating":6.7},{"name":"Saluki Bar","address":"760 B E Grand Ave.","lat":37.719143801633614,"lng":-89.20673754804336,"city_fetched":"Carbondale","state":"IL","country":"United States","canonicalUrl":"https://foursquare.com/v/saluki-bar/4edbcbf40aaf49e02b4160f0","category":"Bar","checkinsCount":1143,"usersCount":407,"tipCount":9,"visitsCount":1304,"tier":1,"message":"Cheap","currency":"$","rating":6.3},{"name":"Stix Bar and Billiards","address":"517 S Illinois Ave","lat":37.722280331555744,"lng":-89.21609851371957,"city_fetched":"Carbondale","state":"IL","country":"United States","canonicalUrl":"https://foursquare.com/v/stix-bar-and-billiards/4bb421e09af3b713ec0a8c28","category":"Bar","checkinsCount":1299,"usersCount":395,"tipCount":6,"visitsCount":1358,"tier":"","message":"","currency":"","rating":6.3},{"name":"Callahan's Irish Pub","phone":"6185295494","address":"760 E Grand Ave","lat":37.71901695,"lng":-89.2066695,"city_fetched":"Carbondale","state":"IL","country":"United States","canonicalUrl":"https://foursquare.com/v/callahans-irish-pub/4b555186f964a52080e127e3","category":"Bar","checkinsCount":809,"usersCount":202,"tipCount":9,"visitsCount":809,"url":"http://www.carboz.net","tier":"","message":"","currency":"","rating":6}]