[{"name":"Vintage","address":"1016 S Poplar St","lat":42.840246,"lng":-106.33751108,"city_fetched":"Casper","state":"WY","country":"United States","canonicalUrl":"https://foursquare.com/v/vintage/4be4a24c910020a1d803d214","category":"Wine Bar","checkinsCount":195,"usersCount":79,"tipCount":2,"visitsCount":197,"tier":"","message":"","currency":"","rating":7.9},{"name":"Wonder Bar","phone":"3072344110","address":"256 s center","lat":42.84763233666127,"lng":-106.32526234051117,"city_fetched":"Casper","state":"WY","country":"United States","canonicalUrl":"https://foursquare.com/v/wonder-bar/4ba135e4f964a52074a237e3","category":"Bar","checkinsCount":1424,"usersCount":531,"tipCount":13,"visitsCount":1704,"url":"http://thewonderbar.com","tier":"","message":"","currency":"","rating":7.7},{"name":"Botticelli Ristorante Italiano","phone":"3072662700","twitter":"botticelli_wy","address":"129 W 2nd St","lat":42.848455,"lng":-106.326007,"city_fetched":"Casper","state":"WY","country":"United States","canonicalUrl":"https://foursquare.com/v/botticelli-ristorante-italiano/4cafcdd6cbab236a6d529b73","category":"Italian Restaurant","checkinsCount":103,"usersCount":96,"tipCount":2,"visitsCount":105,"url":"http://botticellicasper.com","tier":2,"message":"Moderate","currency":"$","rating":7.5},{"name":"Keg & Cork","lat":42.84521683738844,"lng":-106.24832716129572,"city_fetched":"Casper","state":"WY","country":"United States","canonicalUrl":"https://foursquare.com/v/keg--cork/5126b4e8e4b004c7d7fdc83a","category":"Pub","checkinsCount":335,"usersCount":191,"tipCount":5,"visitsCount":548,"tier":"","message":"","currency":"","rating":7.3},{"name":"Applebee's","phone":"3074726555","twitter":"applebees","address":"359 Miracle Rd","lat":42.85469671,"lng":-106.2675076,"city_fetched":"Casper","state":"WY","country":"United States","canonicalUrl":"https://foursquare.com/v/applebees/4c166e62b7b9c9283872ae37","category":"American Restaurant","checkinsCount":538,"usersCount":356,"tipCount":10,"visitsCount":686,"url":"http://restaurants.applebees.com/wy/evansville/359-miracle-rd.html","tier":2,"message":"Moderate","currency":"$","rating":6.2},{"name":"Fireside","address":"2377-2473 Cy Ave","lat":42.830244,"lng":-106.34718674,"city_fetched":"Casper","state":"WY","country":"United States","canonicalUrl":"https://foursquare.com/v/fireside/4cd372db558a3704597cc1a6","category":"Bar","checkinsCount":137,"usersCount":71,"tipCount":1,"visitsCount":142,"tier":"","message":"","currency":"","rating":5.9},{"name":"Sanford's Grub & Pub","phone":"3073156040","address":"61 SE Wyoming Blvd","lat":42.85129484718471,"lng":-106.26912268952917,"city_fetched":"Casper","state":"WY","country":"United States","canonicalUrl":"https://foursquare.com/v/sanfords-grub--pub/4d5b52c76b2e3704345480ee","category":"Gastropub","checkinsCount":219,"usersCount":188,"tipCount":7,"visitsCount":226,"tier":"","message":"","currency":"","rating":5.5},{"name":"Galloway's Pub","address":"2800 Cy Ave","lat":42.828671400198175,"lng":-106.35625268295323,"city_fetched":"Casper","state":"WY","country":"United States","canonicalUrl":"https://foursquare.com/v/galloways-pub/4d4b9d24b496b60ce2fdc600","category":"Bar","checkinsCount":392,"usersCount":174,"tipCount":2,"visitsCount":452,"tier":"","message":"","currency":"","rating":5.4}]