[{"name":"C-Town Wings","lat":40.5488044569936,"lng":-84.57079018793888,"city_fetched":"Celina","state":"OH","country":"United States","canonicalUrl":"https://foursquare.com/v/ctown-wings/4e1a42eb62e12640d8875d63","category":"Bar","checkinsCount":451,"usersCount":163,"tipCount":7,"visitsCount":561,"tier":"","message":"","currency":"","rating":7.8},{"name":"Dockside Grill","lat":40.54229341481218,"lng":-84.5718184439747,"city_fetched":"Celina","state":"OH","country":"United States","canonicalUrl":"https://foursquare.com/v/dockside-grill/4c522ce499ecc9b68cbc785a","category":"Bar","checkinsCount":269,"usersCount":123,"tipCount":2,"visitsCount":341,"tier":"","message":"","currency":"","rating":6}]