[{"name":"Champion Brewery","phone":"4342952739","address":"324 6th St SE","lat":38.02783494237724,"lng":-78.47842727905211,"city_fetched":"Charlottesville","state":"VA","country":"United States","canonicalUrl":"https://foursquare.com/v/champion-brewery/50b0116ce4b042e780e57226","category":"Brewery","checkinsCount":1817,"usersCount":922,"tipCount":16,"visitsCount":2567,"url":"http://championbrewingcompany.com","tier":2,"message":"Moderate","currency":"$","rating":9},{"name":"Mellow Mushroom","phone":"4349729366","twitter":"mellowcville","address":"1321 W Main St","lat":38.03365893933946,"lng":-78.49847316741943,"city_fetched":"Charlottesville","state":"VA","country":"United States","canonicalUrl":"https://foursquare.com/v/mellow-mushroom/4ae36bacf964a520e29421e3","category":"Pizza Place","checkinsCount":9897,"usersCount":3144,"tipCount":48,"visitsCount":10587,"url":"http://www.mellowmushroom.com/charlottesville/","tier":2,"message":"Moderate","currency":"$","rating":9},{"name":"Beer Run","phone":"4349842337","twitter":"beerrunva","address":"156 Carlton Rd Ste 203","lat":38.02454022149463,"lng":-78.46846461296082,"city_fetched":"Charlottesville","state":"VA","country":"United States","canonicalUrl":"https://foursquare.com/v/beer-run/4b0eb431f964a520df5923e3","category":"Bar","checkinsCount":6309,"usersCount":2194,"tipCount":75,"visitsCount":7325,"url":"http://www.beerrun.com","tier":2,"message":"Moderate","currency":"$","rating":8.8},{"name":"Kardinal Hall","twitter":"kardinalhallva","address":"722 Preston Ave Ste 101","lat":38.036098415347965,"lng":-78.48783381228888,"city_fetched":"Charlottesville","state":"VA","country":"United States","canonicalUrl":"https://foursquare.com/v/kardinal-hall/55f08302498e0d5e669fa985","category":"Beer Garden","checkinsCount":417,"usersCount":398,"tipCount":3,"visitsCount":787,"url":"http://kardinalhall.com","tier":"","message":"","currency":"","rating":8.6},{"name":"Three Notch'd Brewing Company","phone":"4342930610","twitter":"threenotchdbeer","address":"946 Grady Ave","lat":38.038110810251844,"lng":-78.49075271333987,"city_fetched":"Charlottesville","state":"VA","country":"United States","canonicalUrl":"https://foursquare.com/v/three-notchd-brewing-company/51a10ebd498e8482eebb0cc6","category":"Brewery","checkinsCount":1142,"usersCount":679,"tipCount":12,"visitsCount":1322,"url":"http://threenotchdbrewing.com","tier":2,"message":"Moderate","currency":"$","rating":8.5},{"name":"Continental Divide","phone":"4349840143","address":"811 W Main St","lat":38.031745916976796,"lng":-78.4910024253253,"city_fetched":"Charlottesville","state":"VA","country":"United States","canonicalUrl":"https://foursquare.com/v/continental-divide/4b81e93ff964a520aec330e3","category":"Mexican Restaurant","checkinsCount":1617,"usersCount":847,"tipCount":35,"visitsCount":1769,"url":"http://eatdivide.com","tier":2,"message":"Moderate","currency":"$","rating":8.5},{"name":"The Alley Light","phone":"4342965003","address":"108 2nd St SW","lat":38.030477,"lng":-78.482293,"city_fetched":"Charlottesville","state":"VA","country":"United States","canonicalUrl":"https://foursquare.com/v/the-alley-light/52f1654c11d21fc7673a8964","category":"Speakeasy","checkinsCount":519,"usersCount":296,"tipCount":14,"visitsCount":531,"url":"http://alleylight.com","tier":3,"message":"Expensive","currency":"$","rating":8.4},{"name":"Twisted Branch Tea Bazaar","phone":"4342939947","twitter":"teabazaar","address":"414 E Main St","lat":38.02981163691863,"lng":-78.47898226085672,"city_fetched":"Charlottesville","state":"VA","country":"United States","canonicalUrl":"https://foursquare.com/v/twisted-branch-tea-bazaar/4a6ddc85f964a5202ad31fe3","category":"Tea Room","checkinsCount":1323,"usersCount":628,"tipCount":21,"visitsCount":1331,"url":"http://www.teabazaar.com","tier":1,"message":"Cheap","currency":"$","rating":8.4},{"name":"The Livery Stable","phone":"4342022088","address":"120 Old Preston Ave","lat":38.03153185115241,"lng":-78.48308348275587,"city_fetched":"Charlottesville","state":"VA","country":"United States","canonicalUrl":"https://foursquare.com/v/the-livery-stable/51e9f0f3498ec400e858353a","category":"American Restaurant","checkinsCount":891,"usersCount":355,"tipCount":12,"visitsCount":1015,"tier":"","message":"","currency":"","rating":8.3},{"name":"Zocalo","phone":"4349774944","address":"201 E Main St","lat":38.030726537584144,"lng":-78.48041117191315,"city_fetched":"Charlottesville","state":"VA","country":"United States","canonicalUrl":"https://foursquare.com/v/zocalo/4b47f642f964a520314526e3","category":"Latin American Restaurant","checkinsCount":2174,"usersCount":1115,"tipCount":22,"visitsCount":2196,"url":"http://www.zocalo-restaurant.com","tier":2,"message":"Moderate","currency":"$","rating":8.3},{"name":"Commonwealth Restaurant & Skybar","phone":"4342027728","address":"422 E Main St","lat":38.02972149581404,"lng":-78.47864372231514,"city_fetched":"Charlottesville","state":"VA","country":"United States","canonicalUrl":"https://foursquare.com/v/commonwealth-restaurant--skybar/4e2fe60818a8ea95b0aa7f26","category":"American Restaurant","checkinsCount":4107,"usersCount":2249,"tipCount":43,"visitsCount":4453,"url":"http://www.commonwealthskybar.com","tier":3,"message":"Expensive","currency":"$","rating":8.1},{"name":"Boylan Heights","phone":"4349845707","twitter":"boylanheights","address":"102 14th St NW","lat":38.0340814659391,"lng":-78.49936366081238,"city_fetched":"Charlottesville","state":"VA","country":"United States","canonicalUrl":"https://foursquare.com/v/boylan-heights/4b57a8f6f964a5203e3a28e3","category":"Bar","checkinsCount":8651,"usersCount":3139,"tipCount":43,"visitsCount":9130,"url":"http://www.boylan-heights.com","tier":2,"message":"Moderate","currency":"$","rating":8.1},{"name":"Bang!","phone":"4349842264","address":"213 2nd St SW","lat":38.02977953,"lng":-78.482951,"city_fetched":"Charlottesville","state":"VA","country":"United States","canonicalUrl":"https://foursquare.com/v/bang/4b1857f0f964a5202dd123e3","category":"Lounge","checkinsCount":1464,"usersCount":826,"tipCount":24,"visitsCount":1528,"url":"http://bangrestaurant.net","tier":2,"message":"Moderate","currency":"$","rating":8},{"name":"Mono Loco","phone":"4349790688","twitter":"monolococville","address":"200 W Water St.","lat":38.03025751142838,"lng":-78.48285466432571,"city_fetched":"Charlottesville","state":"VA","country":"United States","canonicalUrl":"https://foursquare.com/v/mono-loco/4b887b2ef964a52018fb31e3","category":"Latin American Restaurant","checkinsCount":1721,"usersCount":911,"tipCount":13,"visitsCount":1797,"url":"http://www.monolocorestaurant.com","tier":2,"message":"Moderate","currency":"$","rating":8},{"name":"The Virginian Restaurant","phone":"4349844667","twitter":"virginiancville","address":"1521 University Ave","lat":38.03523495114626,"lng":-78.50071549415588,"city_fetched":"Charlottesville","state":"VA","country":"United States","canonicalUrl":"https://foursquare.com/v/the-virginian-restaurant/4b3c3035f964a520bb8225e3","category":"American Restaurant","checkinsCount":4622,"usersCount":1712,"tipCount":20,"visitsCount":4675,"url":"http://www.thevirginiancville.com‎","tier":1,"message":"Cheap","currency":"$","rating":7.9},{"name":"The Southern Café & Music Hall","phone":"4349775590","twitter":"southern_cville","address":"103 1st St S","lat":38.030465615746486,"lng":-78.48181530833244,"city_fetched":"Charlottesville","state":"VA","country":"United States","canonicalUrl":"https://foursquare.com/v/the-southern-caf%C3%A9--music-hall/4b097da1f964a5201f1823e3","category":"Music Venue","checkinsCount":1157,"usersCount":596,"tipCount":5,"visitsCount":1180,"url":"http://www.thesoutherncville.com","tier":"","message":"","currency":"","rating":7.9},{"name":"Sedona Taphouse","phone":"4342962337","twitter":"sedonataphouse","address":"1035 Millmont St","lat":38.05098613722642,"lng":-78.50552351098081,"neighborhood":"Barracks Road","city_fetched":"Charlottesville","state":"VA","country":"United States","canonicalUrl":"https://foursquare.com/v/sedona-taphouse/51ca2747498e46c04b3c2356","category":"Bar","checkinsCount":1293,"usersCount":957,"tipCount":24,"visitsCount":2080,"url":"http://www.sedonataphouse.com","tier":2,"message":"Moderate","currency":"$","rating":7.8},{"name":"South Street Brewery","phone":"4342936550","twitter":"southstbrewery","address":"106 W South St","lat":38.02948147884999,"lng":-78.48263951541172,"city_fetched":"Charlottesville","state":"VA","country":"United States","canonicalUrl":"https://foursquare.com/v/south-street-brewery/4b10a244f964a520187423e3","category":"Brewery","checkinsCount":4824,"usersCount":2352,"tipCount":43,"visitsCount":5341,"url":"http://www.southstreetbrewery.com","tier":2,"message":"Moderate","currency":"$","rating":7.8},{"name":"St. Maarten Cafe","phone":"4342932233","address":"1400 Wertland St","lat":38.03470468822455,"lng":-78.49948167800903,"city_fetched":"Charlottesville","state":"VA","country":"United States","canonicalUrl":"https://foursquare.com/v/st-maarten-cafe/4ab58d32f964a520507520e3","category":"American Restaurant","checkinsCount":1632,"usersCount":541,"tipCount":15,"visitsCount":1662,"url":"http://stmaartencafe.com","tier":1,"message":"Cheap","currency":"$","rating":7.7},{"name":"Orzo Kitchen & Wine Bar","phone":"4349756796","address":"416 W Main St","lat":38.03063357768377,"lng":-78.48718643188477,"city_fetched":"Charlottesville","state":"VA","country":"United States","canonicalUrl":"https://foursquare.com/v/orzo-kitchen--wine-bar/4ae257c1f964a520748d21e3","category":"Italian Restaurant","checkinsCount":791,"usersCount":550,"tipCount":17,"visitsCount":805,"url":"http://www.orzokitchen.com","tier":3,"message":"Expensive","currency":"$","rating":7.4},{"name":"Michael's Bistro and Taphouse","phone":"8049773697","address":"1427 University Ave","lat":38.03473,"lng":-78.50019096666666,"city_fetched":"Charlottesville","state":"VA","country":"United States","canonicalUrl":"https://foursquare.com/v/michaels-bistro-and-taphouse/4b0880eaf964a5203e0d23e3","category":"American Restaurant","checkinsCount":1645,"usersCount":908,"tipCount":14,"visitsCount":1683,"url":"http://www.michaelsbistro.com","tier":2,"message":"Moderate","currency":"$","rating":7.3},{"name":"The Tin Whistle Irish Pub","phone":"4342028387","address":"609 East Market St","lat":38.030368534776755,"lng":-78.47712860982814,"neighborhood":"Downtown Charlottesville, Charlottesville, VA","city_fetched":"Charlottesville","state":"VA","country":"United States","canonicalUrl":"https://foursquare.com/v/the-tin-whistle-irish-pub/544824f8498e6a3b00fb5314","category":"Irish Pub","checkinsCount":235,"usersCount":185,"tipCount":3,"visitsCount":392,"url":"http://www.tinwhistleirishpub.com","tier":"","message":"","currency":"","rating":7.2},{"name":"Dürty Nelly's Pub  & Wayside Deli","phone":"4342951278","address":"2200 Jefferson Park Ave","lat":38.025784020249084,"lng":-78.51540465392875,"neighborhood":"Jefferson Park Avenue","city_fetched":"Charlottesville","state":"VA","country":"United States","canonicalUrl":"https://foursquare.com/v/d%C3%BCrty-nellys-pub---wayside-deli/4b2d7cccf964a520afd724e3","category":"Sandwich Place","checkinsCount":496,"usersCount":245,"tipCount":6,"visitsCount":509,"url":"http://www.durtynellyscville.com","tier":"","message":"","currency":"","rating":7.2},{"name":"World of Beer","phone":"4349701088","twitter":"wobcville","address":"852 W Main St","lat":38.03208896,"lng":-78.49255618,"city_fetched":"Charlottesville","state":"VA","country":"United States","canonicalUrl":"https://foursquare.com/v/world-of-beer/542ee172498e8e357f2f8f53","category":"Bar","checkinsCount":669,"usersCount":444,"tipCount":10,"visitsCount":970,"url":"http://worldofbeer.com/Locations/Charlottesville","tier":"","message":"","currency":"","rating":7.1},{"name":"Miller's Downtown","phone":"4349718511","address":"109 W Main St","lat":38.03090456666666,"lng":-78.481841,"city_fetched":"Charlottesville","state":"VA","country":"United States","canonicalUrl":"https://foursquare.com/v/millers-downtown/4b7a13f2f964a52005222fe3","category":"Bar","checkinsCount":5051,"usersCount":2647,"tipCount":58,"visitsCount":5285,"url":"http://www.millersdowntown.com","tier":2,"message":"Moderate","currency":"$","rating":6.9}]