[{"name":"The Dock At Water","phone":"7407793625","address":"80 E Water St","lat":39.3360649529236,"lng":-82.98028886318207,"city_fetched":"Chillicothe","state":"OH","country":"United States","canonicalUrl":"https://foursquare.com/v/the-dock-at-water/4b1dc9dbf964a520511524e3","category":"Bar","checkinsCount":945,"usersCount":389,"tipCount":16,"visitsCount":1184,"tier":"","message":"","currency":"","rating":8.3},{"name":"The Crosskeys Tavern","phone":"7407744157","address":"19 E Main St","lat":39.333431462499995,"lng":-82.98139976666667,"city_fetched":"Chillicothe","state":"OH","country":"United States","canonicalUrl":"https://foursquare.com/v/the-crosskeys-tavern/4c942039f244b1f77b771f1d","category":"Bar","checkinsCount":906,"usersCount":175,"tipCount":9,"visitsCount":948,"url":"http://m.crosskeysand17east.com","tier":"","message":"","currency":"","rating":7.6},{"name":"Patricks Pub","address":"20 N Plaza Blvd","lat":39.349951,"lng":-82.977398,"city_fetched":"Chillicothe","state":"OH","country":"United States","canonicalUrl":"https://foursquare.com/v/patricks-pub/4bb52a5b1344b713bdf29b04","category":"Bar","checkinsCount":618,"usersCount":123,"tipCount":9,"visitsCount":621,"tier":"","message":"","currency":"","rating":7.1},{"name":"Bubs Timeout Sportsbar","phone":"7408514027","address":"66 N Paint St","lat":39.33462015870675,"lng":-82.98264562616427,"city_fetched":"Chillicothe","state":"OH","country":"United States","canonicalUrl":"https://foursquare.com/v/bubs-timeout-sportsbar/4f877520e4b0e81f65acf5b4","category":"Sports Bar","checkinsCount":388,"usersCount":93,"tipCount":2,"visitsCount":441,"tier":"","message":"","currency":"","rating":6.7},{"name":"Tumbleweed Tex Mex Grill","phone":"7407796195","twitter":"twtexmex","address":"1150 N Bridge St","lat":39.35877170078905,"lng":-82.97675626427437,"city_fetched":"Chillicothe","state":"OH","country":"United States","canonicalUrl":"https://foursquare.com/v/tumbleweed-tex-mex-grill/4b5094b7f964a520312827e3","category":"Bar","checkinsCount":1149,"usersCount":488,"tipCount":14,"visitsCount":1276,"url":"http://tumbleweedrestaurants.com","tier":"","message":"","currency":"","rating":6.5}]