[{"name":"MadTree Brewing","phone":"5138368733","twitter":"madtreebrewing","address":"5164 Kennedy Ave","lat":39.16663054117896,"lng":-84.41984906802354,"neighborhood":"Madisonville","city_fetched":"Cincinnati","state":"OH","country":"United States","canonicalUrl":"https://foursquare.com/v/madtree-brewing/506cd290e4b01df5d785fc1a","category":"Brewery","checkinsCount":4260,"usersCount":2500,"tipCount":42,"visitsCount":6377,"url":"http://www.madtreebrewing.com","tier":2,"message":"Moderate","currency":"$","rating":9.4},{"name":"Braxton Brewing Company","twitter":"braxtonbrewco","address":"27 W 7th St","lat":39.08314890710991,"lng":-84.51109457615395,"city_fetched":"Cincinnati","state":"KY","country":"United States","canonicalUrl":"https://foursquare.com/braxtonbrewco","category":"Brewery","checkinsCount":1454,"usersCount":882,"tipCount":16,"visitsCount":2318,"url":"http://www.braxtonbrewing.com","tier":1,"message":"Cheap","currency":"$","rating":9.3},{"name":"The Famous Neon's Unplugged","phone":"5138279361","twitter":"neonsunplugged","address":"208 E 12th St","lat":39.10939238460633,"lng":-84.5110684633255,"neighborhood":"Over-The Rhine","city_fetched":"Cincinnati","state":"OH","country":"United States","canonicalUrl":"https://foursquare.com/v/the-famous-neons-unplugged/4b55ee5ef964a52030f727e3","category":"Bar","checkinsCount":17430,"usersCount":4517,"tipCount":61,"visitsCount":19067,"url":"http://www.neons-unplugged.com","tier":2,"message":"Moderate","currency":"$","rating":9.2},{"name":"Taft's Ale House","twitter":"taftsalehouse","address":"1429 Race St","lat":39.111331122550496,"lng":-84.51752619886962,"neighborhood":"Over-The Rhine","city_fetched":"Cincinnati","state":"OH","country":"United States","canonicalUrl":"https://foursquare.com/v/tafts-ale-house/54e8dc93498e2565b4a9f267","category":"Brewery","checkinsCount":2190,"usersCount":2232,"tipCount":28,"visitsCount":3903,"url":"http://taftsalehouse.com","tier":2,"message":"Moderate","currency":"$","rating":9.2},{"name":"The Eagle OTR","address":"1342 Vine St","lat":39.11066,"lng":-84.515429,"neighborhood":"Over-The Rhine","city_fetched":"Cincinnati","state":"OH","country":"United States","canonicalUrl":"https://foursquare.com/v/the-eagle-otr/52aa527c11d2051f17177369","category":"Bar","checkinsCount":3516,"usersCount":1930,"tipCount":59,"visitsCount":3805,"url":"http://theeagleotr.com/index.html","tier":2,"message":"Moderate","currency":"$","rating":9.2},{"name":"Rhinegeist Brewery","phone":"8608575019","twitter":"rhinegeist","address":"1910 Elm St","lat":39.11712824216424,"lng":-84.52016316380126,"neighborhood":"Over-The Rhine","city_fetched":"Cincinnati","state":"OH","country":"United States","canonicalUrl":"https://foursquare.com/v/rhinegeist-brewery/51c4888e498ea0454b65c7cd","category":"Brewery","checkinsCount":5499,"usersCount":3912,"tipCount":48,"visitsCount":8016,"url":"http://rhinegeist.com","tier":1,"message":"Cheap","currency":"$","rating":9.2},{"name":"Moerlein Lager House","phone":"5134212337","twitter":"moerleinlh","address":"115 Joe Nuxhall Way","lat":39.096300160831504,"lng":-84.50871348381041,"neighborhood":"Central Business District","city_fetched":"Cincinnati","state":"OH","country":"United States","canonicalUrl":"https://foursquare.com/v/moerlein-lager-house/4bc5e8b3f360ef3b98c3da2d","category":"Gastropub","checkinsCount":16002,"usersCount":9208,"tipCount":120,"visitsCount":18581,"url":"http://www.moerleinlagerhouse.com","tier":3,"message":"Expensive","currency":"$","rating":9.1},{"name":"Zip's Cafe","phone":"5138719876","twitter":"zipscafe","address":"1036 Delta Ave","lat":39.12974103333333,"lng":-84.42949086,"neighborhood":"Mount Lookout","city_fetched":"Cincinnati","state":"OH","country":"United States","canonicalUrl":"https://foursquare.com/v/zips-cafe/4b4266f8f964a52030d325e3","category":"Pub","checkinsCount":4546,"usersCount":2211,"tipCount":56,"visitsCount":4654,"url":"http://www.zipscafe.com","tier":1,"message":"Cheap","currency":"$","rating":9.1},{"name":"Dutch's","phone":"5138711446","twitter":"dutchs","address":"3378 Erie Ave","lat":39.14146476966207,"lng":-84.4216954768158,"neighborhood":"Hyde Park","city_fetched":"Cincinnati","state":"OH","country":"United States","canonicalUrl":"https://foursquare.com/v/dutchs/4c54d2c4a724e21ec025fcf6","category":"Wine Bar","checkinsCount":2889,"usersCount":1204,"tipCount":29,"visitsCount":3192,"url":"http://www.dutchswine.com","tier":2,"message":"Moderate","currency":"$","rating":9.1},{"name":"16-Bit Bar+Arcade","phone":"5133811616","twitter":"16bitbar","address":"1331 Walnut St","lat":39.11022543160717,"lng":-84.51359869198824,"neighborhood":"Over-The Rhine","city_fetched":"Cincinnati","state":"OH","country":"United States","canonicalUrl":"https://foursquare.com/v/16bit-bararcade/5568b57a498ee3c9c0dc1080","category":"Arcade","checkinsCount":1396,"usersCount":1373,"tipCount":14,"visitsCount":2479,"url":"http://16-bitbar.com","tier":"","message":"","currency":"","rating":9},{"name":"Arnold's Bar & Grill","phone":"5134216234","twitter":"arnoldsbar","address":"210 E 8th St","lat":39.105073676517996,"lng":-84.51016187667847,"neighborhood":"Central Business District","city_fetched":"Cincinnati","state":"OH","country":"United States","canonicalUrl":"https://foursquare.com/v/arnolds-bar--grill/4b3d1320f964a520588d25e3","category":"Bar","checkinsCount":6411,"usersCount":3126,"tipCount":44,"visitsCount":7016,"url":"http://www.arnoldsbarandgrill.com","tier":2,"message":"Moderate","currency":"$","rating":9},{"name":"The Comet","phone":"5135418900","twitter":"cometfive","address":"4579 Hamilton Ave","lat":39.17274596666667,"lng":-84.543222,"neighborhood":"Northside","city_fetched":"Cincinnati","state":"OH","country":"United States","canonicalUrl":"https://foursquare.com/v/the-comet/4b43814ef964a520dde125e3","category":"Bar","checkinsCount":3694,"usersCount":1412,"tipCount":43,"visitsCount":4111,"url":"http://cometbar.com","tier":1,"message":"Cheap","currency":"$","rating":9},{"name":"Price Hill Chili","phone":"5134719507","address":"4920 Glenway Ave","lat":39.119134216666666,"lng":-84.599383,"neighborhood":"West Price Hill","city_fetched":"Cincinnati","state":"OH","country":"United States","canonicalUrl":"https://foursquare.com/v/price-hill-chili/4b4a0777f964a520657826e3","category":"Sandwich Place","checkinsCount":3075,"usersCount":1410,"tipCount":36,"visitsCount":3954,"url":"http://www.pricehillchili.com","tier":1,"message":"Cheap","currency":"$","rating":9},{"name":"Senate Restaurant","phone":"5134212020","twitter":"senatepub","address":"1212 Vine St","lat":39.108659,"lng":-84.514835,"neighborhood":"Over-The Rhine","city_fetched":"Cincinnati","state":"OH","country":"United States","canonicalUrl":"https://foursquare.com/v/senate-restaurant/4b7c72d2f964a5200c942fe3","category":"Gastropub","checkinsCount":6049,"usersCount":2928,"tipCount":93,"visitsCount":6129,"url":"http://senatepub.com","tier":2,"message":"Moderate","currency":"$","rating":8.9},{"name":"Metropole","phone":"5135786660","address":"609 Walnut St","lat":39.10319833822498,"lng":-84.51184630393982,"neighborhood":"Central Business District","city_fetched":"Cincinnati","state":"OH","country":"United States","canonicalUrl":"https://foursquare.com/v/metropole/50980e2bd63eb33c0a84d7f4","category":"Restaurant","checkinsCount":1718,"usersCount":1070,"tipCount":19,"visitsCount":1735,"url":"http://metropoleonwalnut.com","tier":3,"message":"Expensive","currency":"$","rating":8.8},{"name":"Yard House","phone":"5133814071","twitter":"yardhouse","address":"95 E Freedom Way","lat":39.09686219812425,"lng":-84.51039791107178,"neighborhood":"Central Business District","city_fetched":"Cincinnati","state":"OH","country":"United States","canonicalUrl":"https://foursquare.com/v/yard-house/514b70e8e88971e7503c73b1","category":"American Restaurant","checkinsCount":6979,"usersCount":4746,"tipCount":64,"visitsCount":8491,"url":"http://www.yardhouse.com","tier":2,"message":"Moderate","currency":"$","rating":8.8},{"name":"Terry's Turf Club","phone":"5135334222","address":"4618 Eastern Ave","lat":39.118252,"lng":-84.418994,"neighborhood":"Linwood","city_fetched":"Cincinnati","state":"OH","country":"United States","canonicalUrl":"https://foursquare.com/v/terrys-turf-club/4b3a8429f964a520206925e3","category":"Burger Joint","checkinsCount":4395,"usersCount":3169,"tipCount":71,"visitsCount":4779,"tier":2,"message":"Moderate","currency":"$","rating":8.8},{"name":"Brew House","phone":"5139619058","twitter":"brewhousecincy","address":"1047 E McMillan St","lat":39.12551879939795,"lng":-84.48620632215967,"neighborhood":"Walnut Hills","city_fetched":"Cincinnati","state":"OH","country":"United States","canonicalUrl":"https://foursquare.com/brewhousecincy","category":"American Restaurant","checkinsCount":492,"usersCount":226,"tipCount":8,"visitsCount":577,"url":"http://brewnew.com","tier":2,"message":"Moderate","currency":"$","rating":8.7},{"name":"Metropolitan Club","phone":"8594912400","address":"50 E Rivercenter Blvd #1900","lat":39.09011088995862,"lng":-84.51057735273034,"city_fetched":"Cincinnati","state":"KY","country":"United States","canonicalUrl":"https://foursquare.com/v/metropolitan-club/4b885f67f964a520f8f231e3","category":"Nightclub","checkinsCount":431,"usersCount":294,"tipCount":3,"visitsCount":493,"url":"http://metropolitanclub.net","tier":"","message":"","currency":"","rating":8.7},{"name":"Know Theatre of Cincinnati","phone":"5133005669","twitter":"knowtheatre","address":"1120 Jackson St","lat":39.108014133333334,"lng":-84.513715,"neighborhood":"Over-The Rhine","city_fetched":"Cincinnati","state":"OH","country":"United States","canonicalUrl":"https://foursquare.com/v/know-theatre-of-cincinnati/4b48c105f964a520795526e3","category":"Indie Theater","checkinsCount":1524,"usersCount":689,"tipCount":10,"visitsCount":1648,"url":"http://www.knowtheatre.com","tier":"","message":"","currency":"","rating":8.7},{"name":"Oakley Pub & Grill","phone":"5135312500","address":"3924 Isabella Ave","lat":39.15143079518041,"lng":-84.43209582805346,"neighborhood":"Oakley","city_fetched":"Cincinnati","state":"OH","country":"United States","canonicalUrl":"https://foursquare.com/v/oakley-pub--grill/4b43c098f964a5208be825e3","category":"Bar","checkinsCount":4696,"usersCount":1535,"tipCount":36,"visitsCount":4951,"url":"http://oakleypubandgrill.com","tier":2,"message":"Moderate","currency":"$","rating":8.7},{"name":"MOTR Pub","phone":"5133816687","twitter":"motrpub","address":"1345 Main St","lat":39.110965785496,"lng":-84.51220035552979,"neighborhood":"Over-The Rhine","city_fetched":"Cincinnati","state":"OH","country":"United States","canonicalUrl":"https://foursquare.com/v/motr-pub/4c6c144a6af58cfa33c08517","category":"Bar","checkinsCount":7833,"usersCount":2635,"tipCount":52,"visitsCount":8738,"url":"http://www.motrpub.com","tier":1,"message":"Cheap","currency":"$","rating":8.7},{"name":"The Rookwood Pub & Restaurant","phone":"5134215555","twitter":"therookwood","address":"1077 Celestial St","lat":39.10734025077043,"lng":-84.50033962726593,"neighborhood":"Mount Adams","city_fetched":"Cincinnati","state":"OH","country":"United States","canonicalUrl":"https://foursquare.com/v/the-rookwood-pub--restaurant/4b381ad5f964a520ad4b25e3","category":"American Restaurant","checkinsCount":2938,"usersCount":2081,"tipCount":37,"visitsCount":3428,"url":"http://therookwood.com","tier":2,"message":"Moderate","currency":"$","rating":8.6},{"name":"Incline Public House","phone":"5132513000","twitter":"inclinepublic","address":"2601 W 8th St","lat":39.1053782500088,"lng":-84.5567406461379,"neighborhood":"East Price Hill","city_fetched":"Cincinnati","state":"OH","country":"United States","canonicalUrl":"https://foursquare.com/v/incline-public-house/510b31d8e4b0af95690b8a71","category":"Gastropub","checkinsCount":2051,"usersCount":1725,"tipCount":40,"visitsCount":3065,"url":"http://inclinepublichouse.com","tier":2,"message":"Moderate","currency":"$","rating":8.6},{"name":"Ei8ht Ball Brewing","phone":"8592910036","twitter":"ei8htballbrews","address":"18 Distillery Way","lat":39.10000112673476,"lng":-84.48763055050053,"city_fetched":"Cincinnati","state":"KY","country":"United States","canonicalUrl":"https://foursquare.com/v/ei8ht-ball-brewing/528d2041498eab50fb997fa0","category":"Brewery","checkinsCount":1462,"usersCount":710,"tipCount":21,"visitsCount":1833,"url":"http://eightballbrewing.com","tier":2,"message":"Moderate","currency":"$","rating":8.6},{"name":"Cock & Bull Public House","phone":"8595814253","twitter":"theenglishpub","address":"601 Main St","lat":39.08419,"lng":-84.51761,"city_fetched":"Cincinnati","state":"KY","country":"United States","canonicalUrl":"https://foursquare.com/v/cock--bull-public-house/4b48a998f964a520fa5126e3","category":"Pub","checkinsCount":4580,"usersCount":2345,"tipCount":40,"visitsCount":4814,"url":"http://www.candbpublichouse.com","tier":2,"message":"Moderate","currency":"$","rating":8.6},{"name":"Bohemian Hookah Cafe","phone":"5132210291","address":"340 Ludlow Ave","lat":39.14380497567139,"lng":-84.52107455304836,"neighborhood":"Clifton","city_fetched":"Cincinnati","state":"OH","country":"United States","canonicalUrl":"https://foursquare.com/v/bohemian-hookah-cafe/4f5422a7e4b0ee60bad4d8df","category":"Hookah Bar","checkinsCount":783,"usersCount":234,"tipCount":15,"visitsCount":832,"url":"http://bohemianhookahcafe.com","tier":1,"message":"Cheap","currency":"$","rating":8.6},{"name":"Unwind Wine Bar","phone":"5133219463","address":"3435 Michigan Ave","lat":39.13868092636798,"lng":-84.44209955438366,"neighborhood":"Hyde Park","city_fetched":"Cincinnati","state":"OH","country":"United States","canonicalUrl":"https://foursquare.com/v/unwind-wine-bar/5099918be4b084fe1d6b05b1","category":"Wine Bar","checkinsCount":1315,"usersCount":717,"tipCount":11,"visitsCount":1632,"url":"http://www.unwindhydepark.com","tier":"","message":"","currency":"","rating":8.5},{"name":"Listermann Brewing Co.","phone":"5137311130","address":"1621 Dana Ave","lat":39.1462373694236,"lng":-84.47233200073242,"neighborhood":"Evanston","city_fetched":"Cincinnati","state":"OH","country":"United States","canonicalUrl":"https://foursquare.com/v/listermann-brewing-co/4b6b50caf964a52056002ce3","category":"Brewery","checkinsCount":1999,"usersCount":1184,"tipCount":18,"visitsCount":3137,"url":"http://www.listermann.com","tier":"","message":"","currency":"","rating":8.5},{"name":"The Cabaret","twitter":"cabaretcincy","address":"1122 Walnut St","lat":39.10839342375618,"lng":-84.51304564498689,"neighborhood":"Over-The Rhine","city_fetched":"Cincinnati","state":"OH","country":"United States","canonicalUrl":"https://foursquare.com/v/the-cabaret/4d966ca4a2c6548177f1bf53","category":"Gay Bar","checkinsCount":2898,"usersCount":463,"tipCount":8,"visitsCount":2948,"url":"http://www.cabaretcincinnati.com","tier":"","message":"","currency":"","rating":8.5},{"name":"Taste Of Belgium - Short Vine","phone":"5133947105","address":"2845 Vine St","lat":39.13225172525467,"lng":-84.50951216528217,"neighborhood":"Corryville","city_fetched":"Cincinnati","state":"OH","country":"United States","canonicalUrl":"https://foursquare.com/v/taste-of-belgium--short-vine/526171ac11d2bd1db179ae60","category":"Gastropub","checkinsCount":1420,"usersCount":1099,"tipCount":17,"visitsCount":2039,"url":"http://www.authenticwaffle.com/otr","tier":2,"message":"Moderate","currency":"$","rating":8.5},{"name":"Newport on the Levee","phone":"8592910550","twitter":"thenewportlevee","address":"1 Levee Way","lat":39.09503548175224,"lng":-84.49611884566758,"city_fetched":"Cincinnati","state":"KY","country":"United States","canonicalUrl":"https://foursquare.com/v/newport-on-the-levee/4b49cf80f964a520f87326e3","category":"Shopping Mall","checkinsCount":21227,"usersCount":8686,"tipCount":37,"visitsCount":21367,"url":"http://www.newportonthelevee.com","tier":"","message":"","currency":"","rating":8.4},{"name":"Wunderbar","phone":"8598158027","address":"1132 Lee St","lat":39.076759338378906,"lng":-84.51502227783203,"city_fetched":"Cincinnati","state":"KY","country":"United States","canonicalUrl":"https://foursquare.com/v/wunderbar/4f905b4fe4b0324e97c5f46c","category":"Bar","checkinsCount":969,"usersCount":551,"tipCount":23,"visitsCount":1383,"tier":2,"message":"Moderate","currency":"$","rating":8.4},{"name":"Marty's Hops and Vines","phone":"5136814222","address":"6110 Hamilton Ave","lat":39.2023541443067,"lng":-84.54744458198547,"neighborhood":"College Hill","city_fetched":"Cincinnati","state":"OH","country":"United States","canonicalUrl":"https://foursquare.com/v/martys-hops-and-vines/4b58abedf964a520e56428e3","category":"Wine Bar","checkinsCount":1181,"usersCount":294,"tipCount":14,"visitsCount":1289,"url":"http://martys-hopsandvines.com","tier":"","message":"","currency":"","rating":8.4},{"name":"Keystone Bar & Grill","phone":"8592616777","address":"313 Greenup St","lat":39.08826670120121,"lng":-84.50814217329025,"city_fetched":"Cincinnati","state":"KY","country":"United States","canonicalUrl":"https://foursquare.com/v/keystone-bar--grill/4b4bb903f964a52041a526e3","category":"Bar","checkinsCount":7964,"usersCount":2963,"tipCount":78,"visitsCount":8376,"url":"http://keystonebar.com","tier":2,"message":"Moderate","currency":"$","rating":8.4},{"name":"The Brass Tap","phone":"5132422337","address":"251 Calhoun St.","lat":39.128439888034144,"lng":-84.51726505604124,"neighborhood":"CUF","city_fetched":"Cincinnati","state":"OH","country":"United States","canonicalUrl":"https://foursquare.com/v/the-brass-tap/52470ce911d2a19e0db8895b","category":"Bar","checkinsCount":1160,"usersCount":535,"tipCount":20,"visitsCount":1306,"url":"http://brasstapbeerbar.com","tier":1,"message":"Cheap","currency":"$","rating":8.4},{"name":"Ludlow Bromley Yacht Club","phone":"8592918132","twitter":"jtdobbs","address":"860 Elm St","lat":39.08639624053875,"lng":-84.56105922124169,"city_fetched":"Cincinnati","state":"KY","country":"United States","canonicalUrl":"https://foursquare.com/v/ludlow-bromley-yacht-club/4bda28dcc79cc9283dd27de9","category":"Harbor / Marina","checkinsCount":2472,"usersCount":1596,"tipCount":26,"visitsCount":2927,"tier":"","message":"","currency":"","rating":8.4},{"name":"Below Zero Lounge","phone":"5134219376","twitter":"belowzerolounge","address":"1120 Walnut St","lat":39.10843500708773,"lng":-84.51309889554977,"neighborhood":"Over-The Rhine","city_fetched":"Cincinnati","state":"OH","country":"United States","canonicalUrl":"https://foursquare.com/v/below-zero-lounge/4b525090f964a520b57627e3","category":"Cocktail Bar","checkinsCount":7873,"usersCount":1658,"tipCount":24,"visitsCount":8248,"url":"http://belowzerolounge.com","tier":2,"message":"Moderate","currency":"$","rating":8.4},{"name":"The Littlefield","lat":39.15762184453059,"lng":-84.53992891714364,"neighborhood":"Northside","city_fetched":"Cincinnati","state":"OH","country":"United States","canonicalUrl":"https://foursquare.com/v/the-littlefield/53b74740498e8cb5722a80a2","category":"Whisky Bar","checkinsCount":357,"usersCount":198,"tipCount":11,"visitsCount":417,"tier":"","message":"","currency":"","rating":8.4},{"name":"Japp's Since 1879","phone":"5133811524","twitter":"japps1879","address":"1134 Main St","lat":39.108847134887036,"lng":-84.51167836737619,"neighborhood":"Over-The Rhine","city_fetched":"Cincinnati","state":"OH","country":"United States","canonicalUrl":"https://foursquare.com/v/japps-since-1879/4ce30b2b7e9b721e823334f1","category":"Cocktail Bar","checkinsCount":6987,"usersCount":2753,"tipCount":34,"visitsCount":7430,"url":"http://japps1879.com","tier":2,"message":"Moderate","currency":"$","rating":8.4},{"name":"Old Kentucky Bourbon Bar","address":"629 Main St","lat":39.08323136764817,"lng":-84.51756716234433,"city_fetched":"Cincinnati","state":"KY","country":"United States","canonicalUrl":"https://foursquare.com/v/old-kentucky-bourbon-bar/4f6aaf41e4b05595b4e47b0e","category":"Whisky Bar","checkinsCount":1243,"usersCount":606,"tipCount":21,"visitsCount":1318,"tier":2,"message":"Moderate","currency":"$","rating":8.4},{"name":"Riverside Korean Restaurant","phone":"8592911484","address":"512 Madison Ave","lat":39.08550548,"lng":-84.510727,"city_fetched":"Cincinnati","state":"KY","country":"United States","canonicalUrl":"https://foursquare.com/v/riverside-korean-restaurant/4b6a1599f964a52085c62be3","category":"Korean Restaurant","checkinsCount":742,"usersCount":495,"tipCount":13,"visitsCount":766,"url":"http://riversidekorean.com","tier":2,"message":"Moderate","currency":"$","rating":8.4},{"name":"Dilly Cafe","phone":"5135615233","twitter":"dillycafe","address":"6818 Wooster Pike","lat":39.145442,"lng":-84.3766016,"city_fetched":"Cincinnati","state":"OH","country":"United States","canonicalUrl":"https://foursquare.com/v/dilly-cafe/4b4384f2f964a52045e225e3","category":"Gastropub","checkinsCount":3228,"usersCount":1241,"tipCount":37,"visitsCount":3373,"url":"http://www.dillycafe.com","tier":2,"message":"Moderate","currency":"$","rating":8.3},{"name":"The Lackman","phone":"5133810741","address":"1237 Vine St","lat":39.109321622365236,"lng":-84.5151937007904,"neighborhood":"Over-The Rhine","city_fetched":"Cincinnati","state":"OH","country":"United States","canonicalUrl":"https://foursquare.com/v/the-lackman/4c93cb6572dd224bb0f59391","category":"Bar","checkinsCount":8807,"usersCount":2525,"tipCount":36,"visitsCount":9294,"url":"http://lackmanbar.com","tier":2,"message":"Moderate","currency":"$","rating":8.3},{"name":"Sundry and Vice","phone":"5137218423","twitter":"sundryandvice","address":"18 W 13th St.","lat":39.10939019291686,"lng":-84.51573401865785,"neighborhood":"Over-The Rhine","city_fetched":"Cincinnati","state":"OH","country":"United States","canonicalUrl":"https://foursquare.com/v/sundry-and-vice/55156c74498ece57a4ab8508","category":"Cocktail Bar","checkinsCount":556,"usersCount":452,"tipCount":9,"visitsCount":792,"url":"http://www.sundryandvice.com","tier":"","message":"","currency":"","rating":8.3},{"name":"Mainstrasse Village","address":"6th and Main","lat":39.08329368418986,"lng":-84.51746475360353,"city_fetched":"Cincinnati","state":"KY","country":"United States","canonicalUrl":"https://foursquare.com/v/mainstrasse-village/4b93f3e5f964a520785c34e3","category":"Other Nightlife","checkinsCount":4029,"usersCount":1020,"tipCount":9,"visitsCount":4042,"tier":"","message":"","currency":"","rating":8.3},{"name":"Jean-Robert's Table","phone":"5136214777","twitter":"jrtable","address":"713 Vine St","lat":39.103923968717694,"lng":-84.51360893354988,"neighborhood":"Central Business District","city_fetched":"Cincinnati","state":"OH","country":"United States","canonicalUrl":"https://foursquare.com/v/jeanroberts-table/4c620363e1621b8d79a72253","category":"French Restaurant","checkinsCount":1354,"usersCount":810,"tipCount":22,"visitsCount":1364,"url":"http://jrtable.com","tier":2,"message":"Moderate","currency":"$","rating":8.3},{"name":"Hofbräuhaus Newport","phone":"8594917200","twitter":"hofbrauhausnwpt","address":"200 E 3rd St","lat":39.09509280631371,"lng":-84.49381113052368,"city_fetched":"Cincinnati","state":"KY","country":"United States","canonicalUrl":"https://foursquare.com/v/hofbr%C3%A4uhaus-newport/4acfbee8f964a520b4d520e3","category":"Bavarian Restaurant","checkinsCount":16440,"usersCount":9685,"tipCount":134,"visitsCount":17482,"url":"http://www.hofbrauhausnewport.com","tier":2,"message":"Moderate","currency":"$","rating":8.3},{"name":"Myrtle's Punch House","phone":"5138348589","address":"2733 Woodburn Ave","lat":39.12882774968963,"lng":-84.47727080251286,"neighborhood":"East Walnut HIlls","city_fetched":"Cincinnati","state":"OH","country":"United States","canonicalUrl":"https://foursquare.com/v/myrtles-punch-house/5473d783498ec0bbca9021d6","category":"Cocktail Bar","checkinsCount":2662,"usersCount":408,"tipCount":7,"visitsCount":2928,"tier":"","message":"","currency":"","rating":8.2},{"name":"Liberty's Bar & Bottle","address":"1427 Main St","lat":39.11220799097194,"lng":-84.5124721092202,"neighborhood":"Over-The Rhine","city_fetched":"Cincinnati","state":"OH","country":"United States","canonicalUrl":"https://foursquare.com/v/libertys-bar--bottle/541cf4a6498e78ca0871851c","category":"Bar","checkinsCount":759,"usersCount":507,"tipCount":9,"visitsCount":1362,"tier":"","message":"","currency":"","rating":8.2},{"name":"rhinehaus","phone":"5133812277","twitter":"rhinehausotr","address":"119 E 12th St","lat":39.108624496056294,"lng":-84.51243114216376,"neighborhood":"Over-The Rhine","city_fetched":"Cincinnati","state":"OH","country":"United States","canonicalUrl":"https://foursquare.com/v/rhinehaus/507ad9a5e4b04c2b97f7a51b","category":"Sports Bar","checkinsCount":3916,"usersCount":1119,"tipCount":19,"visitsCount":4418,"url":"http://rhinehausbar.com","tier":2,"message":"Moderate","currency":"$","rating":8.2},{"name":"Abigail Street","phone":"5134214040","address":"1214 Vine St","lat":39.108756235605235,"lng":-84.51485326989587,"neighborhood":"Over-The Rhine","city_fetched":"Cincinnati","state":"OH","country":"United States","canonicalUrl":"https://foursquare.com/v/abigail-street/4ea47d609911214fd1adc8cb","category":"Tapas Restaurant","checkinsCount":1306,"usersCount":830,"tipCount":32,"visitsCount":1315,"url":"http://abigailstreet.com","tier":"","message":"","currency":"","rating":8.2},{"name":"Pleasantry","address":"118 W 15th St","lat":39.111458513956656,"lng":-84.51803311984213,"neighborhood":"Over-The Rhine","city_fetched":"Cincinnati","state":"OH","country":"United States","canonicalUrl":"https://foursquare.com/v/pleasantry/56fd6cac498e5f8a1ea2b1b2","category":"New American Restaurant","checkinsCount":92,"usersCount":73,"tipCount":3,"visitsCount":139,"url":"http://www.pleasantryotr.com","tier":"","message":"","currency":"","rating":8.2},{"name":"Pontiac","phone":"5135798500","address":"1403 Vine St","lat":39.11070335251331,"lng":-84.51545238532711,"neighborhood":"Over-The Rhine","city_fetched":"Cincinnati","state":"OH","country":"United States","canonicalUrl":"https://foursquare.com/v/pontiac/54b5b560498ef448d8efea85","category":"BBQ Joint","checkinsCount":541,"usersCount":354,"tipCount":11,"visitsCount":560,"url":"http://www.pontiacbbq.com","tier":2,"message":"Moderate","currency":"$","rating":8.2},{"name":"Chicken On The Run","phone":"5137916577","address":"7154 Ohio","lat":39.2015843,"lng":-84.40435409545898,"city_fetched":"Cincinnati","state":"OH","country":"United States","canonicalUrl":"https://foursquare.com/v/chicken-on-the-run/4b744dfcf964a520e8d32de3","category":"Sports Bar","checkinsCount":527,"usersCount":248,"tipCount":4,"visitsCount":794,"tier":"","message":"","currency":"","rating":8.2},{"name":"Biergarten At Findlay Market","address":"129 W Elder St","lat":39.115158,"lng":-84.51968467,"neighborhood":"Over-The Rhine","city_fetched":"Cincinnati","state":"OH","country":"United States","canonicalUrl":"https://foursquare.com/v/biergarten-at-findlay-market/4bf029733a002d7f60bf85a4","category":"Beer Garden","checkinsCount":277,"usersCount":147,"tipCount":2,"visitsCount":281,"tier":"","message":"","currency":"","rating":8.2},{"name":"Moerlein Tap Room","address":"1621 Moore St","lat":39.11376684529588,"lng":-84.51497104521064,"neighborhood":"Over-The Rhine","city_fetched":"Cincinnati","state":"OH","country":"United States","canonicalUrl":"https://foursquare.com/v/moerlein-tap-room/51a0f7c5498e1831035afb60","category":"Brewery","checkinsCount":1232,"usersCount":882,"tipCount":8,"visitsCount":1698,"tier":1,"message":"Cheap","currency":"$","rating":8.2},{"name":"Hebron Brew Haus","phone":"8595345600","twitter":"hebronbrewhaus","address":"2030 Northside Dr","lat":39.08637469320298,"lng":-84.70878119198298,"city_fetched":"Cincinnati","state":"KY","country":"United States","canonicalUrl":"https://foursquare.com/hebronbrewhaus","category":"Pizza Place","checkinsCount":1035,"usersCount":333,"tipCount":14,"visitsCount":1218,"url":"http://www.hebronbrewhaus.com","tier":"","message":"","currency":"","rating":8.1},{"name":"Krueger's Tavern","address":"1211 Vine St","lat":39.1086734016101,"lng":-84.51490447658371,"neighborhood":"Over-The Rhine","city_fetched":"Cincinnati","state":"OH","country":"United States","canonicalUrl":"https://foursquare.com/v/kruegers-tavern/548a3ae3498e96c3ac6dbf16","category":"Gastropub","checkinsCount":1078,"usersCount":603,"tipCount":17,"visitsCount":1141,"tier":"","message":"","currency":"","rating":8.1},{"name":"City View Tavern","phone":"5132418439","twitter":"cityviewtavern","address":"403 Oregon St","lat":39.10600929077074,"lng":-84.50108728093915,"neighborhood":"Mount Adams","city_fetched":"Cincinnati","state":"OH","country":"United States","canonicalUrl":"https://foursquare.com/v/city-view-tavern/4b436000f964a5201adf25e3","category":"Bar","checkinsCount":1177,"usersCount":859,"tipCount":20,"visitsCount":1394,"url":"http://cityviewtavern.com","tier":"","message":"","currency":"","rating":8.1},{"name":"Habits Cafe","phone":"5136318367","address":"3036 Madison Rd","lat":39.15165017208037,"lng":-84.43288552301854,"neighborhood":"Oakley","city_fetched":"Cincinnati","state":"OH","country":"United States","canonicalUrl":"https://foursquare.com/v/habits-cafe/4b435913f964a520c7de25e3","category":"American Restaurant","checkinsCount":7167,"usersCount":1975,"tipCount":33,"visitsCount":7570,"url":"http://www.habitscafe.com","tier":2,"message":"Moderate","currency":"$","rating":8.1},{"name":"Northside Tavern","phone":"5135423603","address":"4163 Hamilton Ave","lat":39.162418111719525,"lng":-84.5398419031593,"neighborhood":"Northside","city_fetched":"Cincinnati","state":"OH","country":"United States","canonicalUrl":"https://foursquare.com/v/northside-tavern/4b0220f4f964a520eb4722e3","category":"Bar","checkinsCount":8209,"usersCount":1891,"tipCount":38,"visitsCount":8514,"url":"http://northsidetav.com/cincy/","tier":2,"message":"Moderate","currency":"$","rating":8.1},{"name":"Fries Cafe","phone":"5132819002","twitter":"friescafe","address":"3247 Jefferson Ave","lat":39.13976876851913,"lng":-84.51271791095415,"neighborhood":"Clifton","city_fetched":"Cincinnati","state":"OH","country":"United States","canonicalUrl":"https://foursquare.com/v/fries-cafe/4b75de56f964a520bf2a2ee3","category":"Bar","checkinsCount":1960,"usersCount":822,"tipCount":19,"visitsCount":2235,"url":"http://friescafe.com","tier":"","message":"","currency":"","rating":8.1},{"name":"The Growler House","twitter":"thegrowlerhouse","address":"Madison Road","lat":39.129794483504575,"lng":-84.47787542778822,"neighborhood":"East Walnut HIlls","city_fetched":"Cincinnati","state":"OH","country":"United States","canonicalUrl":"https://foursquare.com/v/the-growler-house/545d54ab498ea427d9af9d2d","category":"Bar","checkinsCount":873,"usersCount":246,"tipCount":8,"visitsCount":1094,"tier":"","message":"","currency":"","rating":8},{"name":"Market Wines","phone":"5137449888","twitter":"marketwines","address":"128 W Elder St","lat":39.11531951068754,"lng":-84.51960325241089,"neighborhood":"Over-The Rhine","city_fetched":"Cincinnati","state":"OH","country":"United States","canonicalUrl":"https://foursquare.com/v/market-wines/4bb77b73b35776b046a2c701","category":"Wine Bar","checkinsCount":1202,"usersCount":499,"tipCount":17,"visitsCount":1245,"url":"http://market-wines.com","tier":"","message":"","currency":"","rating":8},{"name":"The Blind Lemon","phone":"5132413885","twitter":"ssw0530","address":"936 Hatch St","lat":39.10951725897609,"lng":-84.49767351150513,"neighborhood":"Mount Adams","city_fetched":"Cincinnati","state":"OH","country":"United States","canonicalUrl":"https://foursquare.com/v/the-blind-lemon/4b43f73df964a5203cef25e3","category":"Bar","checkinsCount":1331,"usersCount":1013,"tipCount":24,"visitsCount":1371,"url":"http://www.theblindlemon.com","tier":"","message":"","currency":"","rating":8},{"name":"Bockfest Hall","address":"1621 Moore St","lat":39.11350740997591,"lng":-84.51509906158716,"neighborhood":"Over-The Rhine","city_fetched":"Cincinnati","state":"OH","country":"United States","canonicalUrl":"https://foursquare.com/v/bockfest-hall/4b919a94f964a5202cc933e3","category":"Beer Garden","checkinsCount":879,"usersCount":598,"tipCount":4,"visitsCount":930,"url":"http://bockfest.com","tier":"","message":"","currency":"","rating":8},{"name":"Seasons 52","phone":"5136315252","twitter":"seasons52","address":"3819 Edwards Rd","lat":39.14902634,"lng":-84.44342232,"city_fetched":"Cincinnati","state":"OH","country":"United States","canonicalUrl":"https://foursquare.com/v/seasons-52/50781186e4b06fd3a8f01dcc","category":"New American Restaurant","checkinsCount":1408,"usersCount":1287,"tipCount":21,"visitsCount":2163,"url":"http://seasons52.com","tier":3,"message":"Expensive","currency":"$","rating":8},{"name":"FOX Sports Ohio Champions Club","phone":"5137657210","twitter":"reds","address":"Great American Ball Park","lat":39.09734513029353,"lng":-84.50749039649963,"neighborhood":"Central Business District","city_fetched":"Cincinnati","state":"OH","country":"United States","canonicalUrl":"https://foursquare.com/v/fox-sports-ohio-champions-club/4bd47d86cfa7b713472724da","category":"Lounge","checkinsCount":486,"usersCount":293,"tipCount":6,"visitsCount":487,"url":"http://cincinnati.reds.mlb.com/cin/ticketing/premium_seating.jsp?loc=champions","tier":"","message":"","currency":"","rating":8},{"name":"Nine Giant Brewing","address":"6095 Montgomery Rd","lat":39.18209851072208,"lng":-84.42742923173336,"neighborhood":"Pleasant Ridge","city_fetched":"Cincinnati","state":"OH","country":"United States","canonicalUrl":"https://foursquare.com/v/nine-giant-brewing/55637bd0498e52484d271cbc","category":"Brewery","checkinsCount":141,"usersCount":129,"tipCount":3,"visitsCount":174,"url":"http://ninegiant.com","tier":"","message":"","currency":"","rating":8},{"name":"C&D Cafe","phone":"5135419881","address":"1714 Hanfield St","lat":39.162635384043114,"lng":-84.54486429691315,"neighborhood":"Northside","city_fetched":"Cincinnati","state":"OH","country":"United States","canonicalUrl":"https://foursquare.com/v/cd-cafe/4b7cea70f964a52024a92fe3","category":"Dive Bar","checkinsCount":866,"usersCount":221,"tipCount":5,"visitsCount":1017,"tier":"","message":"","currency":"","rating":8},{"name":"BrewRiver Gastropub","phone":"5138612484","address":"2062 Riverside Dr","lat":39.12172057985435,"lng":-84.47505712509155,"neighborhood":"East Walnut HIlls","city_fetched":"Cincinnati","state":"OH","country":"United States","canonicalUrl":"https://foursquare.com/v/brewriver-gastropub/4fea02ede5e8dfeeb65b5000","category":"Gastropub","checkinsCount":1201,"usersCount":970,"tipCount":21,"visitsCount":1552,"url":"http://brewrivergastropub.com","tier":2,"message":"Moderate","currency":"$","rating":8},{"name":"Rock Bottom Restaurant & Brewery","phone":"5136211588","twitter":"cincyrockbottom","address":"10 Fountain Square Plz","lat":39.10149154968845,"lng":-84.51247930526733,"neighborhood":"Central Business District","city_fetched":"Cincinnati","state":"OH","country":"United States","canonicalUrl":"https://foursquare.com/v/rock-bottom-restaurant--brewery/4b3fe95ff964a520e5b125e3","category":"Brewery","checkinsCount":11633,"usersCount":6507,"tipCount":99,"visitsCount":11732,"url":"http://www.rockbottom.com","tier":2,"message":"Moderate","currency":"$","rating":7.9},{"name":"Darkness Brewing","address":"224 Fairfield Ave","lat":39.10523422293551,"lng":-84.48427997246367,"city_fetched":"Cincinnati","state":"KY","country":"United States","canonicalUrl":"https://foursquare.com/v/darkness-brewing/575c7583498e140b4978c0ca","category":"Brewery","checkinsCount":64,"usersCount":63,"tipCount":2,"visitsCount":104,"tier":"","message":"","currency":"","rating":7.9},{"name":"Wiseguy Lounge","address":"1211 Main St","lat":39.10923938638024,"lng":-84.5116630045242,"neighborhood":"Over-The Rhine","city_fetched":"Cincinnati","state":"OH","country":"United States","canonicalUrl":"https://foursquare.com/v/wiseguy-lounge/54a2377c498e1c9f0ef7cc1d","category":"Speakeasy","checkinsCount":323,"usersCount":138,"tipCount":1,"visitsCount":331,"tier":"","message":"","currency":"","rating":7.9},{"name":"The Overlook Lodge","lat":39.18202477523019,"lng":-84.4280548848702,"neighborhood":"Pleasant Ridge","city_fetched":"Cincinnati","state":"OH","country":"United States","canonicalUrl":"https://foursquare.com/v/the-overlook-lodge/56357012498eae1202f31cf3","category":"Cocktail Bar","checkinsCount":547,"usersCount":175,"tipCount":1,"visitsCount":705,"tier":"","message":"","currency":"","rating":7.9},{"name":"Holy Grail Tavern and Grille","phone":"5136212222","twitter":"holygrailbanks","address":"161 Joe Nuxhall Way","lat":39.097632390101175,"lng":-84.5089441537857,"neighborhood":"Central Business District","city_fetched":"Cincinnati","state":"OH","country":"United States","canonicalUrl":"https://foursquare.com/v/holy-grail-tavern-and-grille/4d8201a07252a1cdf3bba45d","category":"Bar","checkinsCount":12453,"usersCount":5660,"tipCount":60,"visitsCount":13169,"url":"http://holygrailcincy.com","tier":2,"message":"Moderate","currency":"$","rating":7.9},{"name":"The Bar at Palm Court","phone":"5134219100","address":"35 W 5th St","lat":39.10079048888888,"lng":-84.514573,"neighborhood":"Central Business District","city_fetched":"Cincinnati","state":"OH","country":"United States","canonicalUrl":"https://foursquare.com/v/the-bar-at-palm-court/4b87e5c1f964a520b7d131e3","category":"Hotel Bar","checkinsCount":935,"usersCount":449,"tipCount":8,"visitsCount":943,"tier":"","message":"","currency":"","rating":7.9},{"name":"Dee Felice Cafe","phone":"8592612365","address":"529 Main St","lat":39.08437192440033,"lng":-84.517542,"city_fetched":"Cincinnati","state":"KY","country":"United States","canonicalUrl":"https://foursquare.com/v/dee-felice-cafe/4b43f028f964a5208dee25e3","category":"Cajun / Creole Restaurant","checkinsCount":883,"usersCount":561,"tipCount":19,"visitsCount":903,"url":"http://www.deefelice.com","tier":1,"message":"Cheap","currency":"$","rating":7.9},{"name":"Knockback Nat's","phone":"5136211000","address":"10 W 7th St","lat":39.1037626672955,"lng":-84.51385985124794,"neighborhood":"Central Business District","city_fetched":"Cincinnati","state":"OH","country":"United States","canonicalUrl":"https://foursquare.com/v/knockback-nats/4b47f539f964a5201b4526e3","category":"Bar","checkinsCount":3588,"usersCount":1409,"tipCount":30,"visitsCount":3666,"tier":1,"message":"Cheap","currency":"$","rating":7.9},{"name":"Bouquet Restaurant & Wine Bar","phone":"8594917777","twitter":"bouquet519","address":"519 Main St","lat":39.084876,"lng":-84.51763,"city_fetched":"Cincinnati","state":"KY","country":"United States","canonicalUrl":"https://foursquare.com/v/bouquet-restaurant--wine-bar/4b48aa4bf964a520155226e3","category":"American Restaurant","checkinsCount":661,"usersCount":354,"tipCount":8,"visitsCount":690,"url":"http://www.bouquetrestaurant.com","tier":2,"message":"Moderate","currency":"$","rating":7.9},{"name":"Mainstrasse Village Pub","phone":"8594315552","address":"619 Main St","lat":39.083462,"lng":-84.51756184999999,"city_fetched":"Cincinnati","state":"KY","country":"United States","canonicalUrl":"https://foursquare.com/v/mainstrasse-village-pub/4c6d5d0cfe77bfb787dda323","category":"Pub","checkinsCount":1116,"usersCount":399,"tipCount":6,"visitsCount":1120,"url":"http://mainstrassevillagepub.com","tier":"","message":"","currency":"","rating":7.9},{"name":"Murray's Wings","phone":"5133899555","address":"2169 Queen City Ave","lat":39.12758563036583,"lng":-84.57306665068923,"neighborhood":"West Price Hill","city_fetched":"Cincinnati","state":"OH","country":"United States","canonicalUrl":"https://foursquare.com/v/murrays-wings/4bcc64d0cc8cd13ab2cbc0cf","category":"Sports Bar","checkinsCount":428,"usersCount":144,"tipCount":5,"visitsCount":540,"url":"http://murrayswings.com","tier":"","message":"","currency":"","rating":7.9},{"name":"Halfcut","twitter":"halfcutotr","address":"1128 Walnut St","lat":39.10839509615906,"lng":-84.51295346997644,"neighborhood":"Over-The Rhine","city_fetched":"Cincinnati","state":"OH","country":"United States","canonicalUrl":"https://foursquare.com/v/halfcut/534f32a311d253671ecb1c6f","category":"Bar","checkinsCount":965,"usersCount":452,"tipCount":7,"visitsCount":1024,"url":"http://www.halfcut.com","tier":2,"message":"Moderate","currency":"$","rating":7.9},{"name":"Gypsy's","phone":"8592610272","twitter":"gypsyspub","address":"641 Main St","lat":39.08281090534187,"lng":-84.5175876440709,"city_fetched":"Cincinnati","state":"KY","country":"United States","canonicalUrl":"https://foursquare.com/v/gypsys/539119b1498e4fea487b286f","category":"Bar","checkinsCount":187,"usersCount":98,"tipCount":0,"visitsCount":205,"tier":"","message":"","currency":"","rating":7.9},{"name":"Keystone Bar & Grill Clifton","phone":"5132215397","twitter":"keystoneclifton","address":"249 Calhoun Street","lat":39.12845993184909,"lng":-84.51702439396695,"neighborhood":"CUF","city_fetched":"Cincinnati","state":"OH","country":"United States","canonicalUrl":"https://foursquare.com/v/keystone-bar--grill-clifton/51db710f498e2e7ebd63db69","category":"Restaurant","checkinsCount":1788,"usersCount":917,"tipCount":25,"visitsCount":1913,"url":"http://aliveone.com/keystone/keystone-clifton/","tier":2,"message":"Moderate","currency":"$","rating":7.9},{"name":"Mr. Sushi","phone":"5138279345","twitter":"mrsushioh","address":"580 Walnut St","lat":39.102761,"lng":-84.511264,"neighborhood":"Central Business District","city_fetched":"Cincinnati","state":"OH","country":"United States","canonicalUrl":"https://foursquare.com/v/mr-sushi/4b4e4102f964a520f7e626e3","category":"Japanese Restaurant","checkinsCount":3821,"usersCount":1271,"tipCount":36,"visitsCount":3853,"url":"http://www.mrsushiusa.com","tier":2,"message":"Moderate","currency":"$","rating":7.9},{"name":"Prism","phone":"5132503294","twitter":"jackcincycasino","address":"JACK Cincinnati Casino","lat":39.10764412019834,"lng":-84.50741529464722,"neighborhood":"Central Business District","city_fetched":"Cincinnati","state":"OH","country":"United States","canonicalUrl":"https://foursquare.com/v/prism/51152771fe70d52f3b5df277","category":"Steakhouse","checkinsCount":373,"usersCount":195,"tipCount":6,"visitsCount":373,"url":"http://www.horseshoecincinnati.com","tier":1,"message":"Cheap","currency":"$","rating":7.9},{"name":"Deer Park Inn","phone":"5137913178","address":"7228 Blue Ash Rd","lat":39.19975214,"lng":-84.397698,"city_fetched":"Cincinnati","state":"OH","country":"United States","canonicalUrl":"https://foursquare.com/v/deer-park-inn/4bee35132c082d7fe0363042","category":"Dive Bar","checkinsCount":321,"usersCount":89,"tipCount":5,"visitsCount":366,"tier":"","message":"","currency":"","rating":7.8},{"name":"Virgil's Cafe","phone":"8594913287","twitter":"virgilscafe","address":"710 Fairfield Ave","lat":39.108874153607495,"lng":-84.48002725839615,"city_fetched":"Cincinnati","state":"KY","country":"United States","canonicalUrl":"https://foursquare.com/v/virgils-cafe/4b440dd4f964a520caf025e3","category":"Restaurant","checkinsCount":1212,"usersCount":597,"tipCount":26,"visitsCount":1250,"url":"http://www.virgilscafe.com","tier":2,"message":"Moderate","currency":"$","rating":7.8},{"name":"Awakenings Coffee & Tea Co.","phone":"5133212525","address":"2734 Erie Ave","lat":39.13971143986643,"lng":-84.44197650507354,"neighborhood":"Hyde Park","city_fetched":"Cincinnati","state":"OH","country":"United States","canonicalUrl":"https://foursquare.com/v/awakenings-coffee--tea-co/4b49f086f964a5205e7626e3","category":"Wine Bar","checkinsCount":3000,"usersCount":846,"tipCount":14,"visitsCount":3151,"url":"http://www.awakeningscincinnati.com","tier":1,"message":"Cheap","currency":"$","rating":7.8},{"name":"21c Rooftop Bar","lat":39.1033387604335,"lng":-84.51214437196248,"neighborhood":"Central Business District","city_fetched":"Cincinnati","state":"OH","country":"United States","canonicalUrl":"https://foursquare.com/v/21c-rooftop-bar/5192c468498e36e1e0b8a5c4","category":"Bar","checkinsCount":703,"usersCount":547,"tipCount":14,"visitsCount":703,"tier":"","message":"","currency":"","rating":7.8},{"name":"Molly Malone's Irish Pub & Restaurant","phone":"8594916659","twitter":"mollyscovington","address":"112 E 4th St","lat":39.087569,"lng":-84.508634,"city_fetched":"Cincinnati","state":"KY","country":"United States","canonicalUrl":"https://foursquare.com/v/molly-malones-irish-pub--restaurant/4b4502d7f964a520390126e3","category":"Bar","checkinsCount":5972,"usersCount":2586,"tipCount":36,"visitsCount":6730,"url":"http://covington.mollymalonesirishpub.com","tier":2,"message":"Moderate","currency":"$","rating":7.8},{"name":"The Crazy Fox Saloon","phone":"8592612143","address":"901 Washington Ave","lat":39.08969,"lng":-84.487501,"city_fetched":"Cincinnati","state":"KY","country":"United States","canonicalUrl":"https://foursquare.com/v/the-crazy-fox-saloon/4c9932ae78ffa09385d96175","category":"Bar","checkinsCount":1170,"usersCount":556,"tipCount":9,"visitsCount":1417,"tier":1,"message":"Cheap","currency":"$","rating":7.8},{"name":"Strasse Haus Pub","phone":"8592611199","address":"630 Main St","lat":39.08323210958395,"lng":-84.51742891050174,"city_fetched":"Cincinnati","state":"KY","country":"United States","canonicalUrl":"https://foursquare.com/v/strasse-haus-pub/4b8c429bf964a52011c732e3","category":"Bar","checkinsCount":3481,"usersCount":992,"tipCount":19,"visitsCount":3562,"url":"http://www.strassehauspub.com","tier":"","message":"","currency":"","rating":7.8},{"name":"Blind Pig","phone":"5133813114","address":"24 W 3rd St","lat":39.098633706984245,"lng":-84.51344506834761,"neighborhood":"Central Business District","city_fetched":"Cincinnati","state":"OH","country":"United States","canonicalUrl":"https://foursquare.com/v/blind-pig/548a5869498e93e9c0a15870","category":"Speakeasy","checkinsCount":392,"usersCount":229,"tipCount":3,"visitsCount":438,"url":"http://omalleysinthealley.com","tier":"","message":"","currency":"","rating":7.8},{"name":"Up Over Bar","phone":"8595811300","address":"624 Main St","lat":39.083384,"lng":-84.51742920000001,"city_fetched":"Cincinnati","state":"KY","country":"United States","canonicalUrl":"https://foursquare.com/v/up-over-bar/4bae9f6af964a520e4c73be3","category":"Bar","checkinsCount":745,"usersCount":221,"tipCount":8,"visitsCount":745,"tier":"","message":"","currency":"","rating":7.8},{"name":"Mac's Pizza Pub","phone":"5132416227","twitter":"macspizzapub","address":"205 W McMillan St","lat":39.12766,"lng":-84.519721,"neighborhood":"The Heights","city_fetched":"Cincinnati","state":"OH","country":"United States","canonicalUrl":"https://foursquare.com/v/macs-pizza-pub/4b43637ff964a52060df25e3","category":"Bar","checkinsCount":4679,"usersCount":1395,"tipCount":30,"visitsCount":4767,"url":"http://www.macsonmcmillan.com","tier":2,"message":"Moderate","currency":"$","rating":7.7},{"name":"Bart's on York","phone":"8594912337","address":"323 York St","lat":39.092848088228244,"lng":-84.49671815359474,"city_fetched":"Cincinnati","state":"KY","country":"United States","canonicalUrl":"https://foursquare.com/v/barts-on-york/4b45fd56f964a520a31326e3","category":"Dive Bar","checkinsCount":764,"usersCount":170,"tipCount":5,"visitsCount":775,"url":"http://bartsonyork.com","tier":"","message":"","currency":"","rating":7.7},{"name":"Bow Tie Cafe","phone":"5136212233","twitter":"bowtiecafe","address":"1101 Saint Gregory St","lat":39.107858,"lng":-84.497659,"neighborhood":"Mount Adams","city_fetched":"Cincinnati","state":"OH","country":"United States","canonicalUrl":"https://foursquare.com/v/bow-tie-cafe/4c8179cb74d7b60c654177d8","category":"Café","checkinsCount":2603,"usersCount":713,"tipCount":24,"visitsCount":2623,"url":"http://bowtiecafe.com","tier":"","message":"","currency":"","rating":7.7},{"name":"Blank Slate Brewing Company","twitter":"blankslatebeer","address":"4233 Airport Rd Unit C","lat":39.10585106350246,"lng":-84.4308489561081,"neighborhood":"East End","city_fetched":"Cincinnati","state":"OH","country":"United States","canonicalUrl":"https://foursquare.com/v/blank-slate-brewing-company/4e331b02a809117a2286c6cb","category":"Brewery","checkinsCount":409,"usersCount":258,"tipCount":3,"visitsCount":569,"tier":"","message":"","currency":"","rating":7.7},{"name":"Wishbone Tavern","phone":"5138348607","address":"5297 Delhi Ave","lat":39.093947882071085,"lng":-84.61697816848755,"city_fetched":"Cincinnati","state":"OH","country":"United States","canonicalUrl":"https://foursquare.com/v/wishbone-tavern/4e66a384ae609d64bc904865","category":"American Restaurant","checkinsCount":611,"usersCount":193,"tipCount":8,"visitsCount":689,"url":"http://wishbonetavern.com","tier":2,"message":"Moderate","currency":"$","rating":7.7},{"name":"Pirate's Cove Bar & Grill","phone":"5138711820","twitter":"piratescovecin","address":"4609 Kellogg Ave","lat":39.08588973421995,"lng":-84.42924463308857,"neighborhood":"East End","city_fetched":"Cincinnati","state":"OH","country":"United States","canonicalUrl":"https://foursquare.com/v/pirates-cove-bar--grill/4da5f599a86e226c26c267b8","category":"Bar","checkinsCount":962,"usersCount":637,"tipCount":10,"visitsCount":1078,"url":"http://piratescovetropicalbar.com","tier":"","message":"","currency":"","rating":7.7},{"name":"The Pub Rookwood","phone":"5138412748","twitter":"pubrookwood","address":"2692 Madison Rd Ste G1","lat":39.14776834528993,"lng":-84.44467306137085,"city_fetched":"Cincinnati","state":"OH","country":"United States","canonicalUrl":"https://foursquare.com/v/the-pub-rookwood/4b43ae52f964a5202fe625e3","category":"Pub","checkinsCount":5114,"usersCount":2271,"tipCount":42,"visitsCount":5455,"url":"http://www.experiencethepub.com/rookwood","tier":2,"message":"Moderate","currency":"$","rating":7.7},{"name":"Listing Loon","lat":39.16110009249583,"lng":-84.53931981651937,"neighborhood":"Northside","city_fetched":"Cincinnati","state":"OH","country":"United States","canonicalUrl":"https://foursquare.com/v/listing-loon/51e5e417498efc97bd300341","category":"Bar","checkinsCount":162,"usersCount":114,"tipCount":2,"visitsCount":195,"tier":"","message":"","currency":"","rating":7.7},{"name":"wiseguy lounge","phone":"8599165209","address":"603 Main St","lat":39.083949974759065,"lng":-84.5175876440709,"city_fetched":"Cincinnati","state":"KY","country":"United States","canonicalUrl":"https://foursquare.com/v/wiseguy-lounge/4ff3538ae4b0fb4a81adf45e","category":"Bar","checkinsCount":1087,"usersCount":297,"tipCount":11,"visitsCount":1136,"tier":2,"message":"Moderate","currency":"$","rating":7.7},{"name":"Riverview 360","phone":"8594915300","lat":39.08557322494799,"lng":-84.5217964860937,"city_fetched":"Cincinnati","state":"KY","country":"United States","canonicalUrl":"https://foursquare.com/v/riverview-360/4b9adba5f964a520d3dc35e3","category":"Steakhouse","checkinsCount":483,"usersCount":373,"tipCount":11,"visitsCount":490,"url":"http://www.radisson.com","tier":2,"message":"Moderate","currency":"$","rating":7.7},{"name":"Urban Artifact","address":"1660 Blue Rock St","lat":39.160605598621494,"lng":-84.54198360443115,"neighborhood":"Northside","city_fetched":"Cincinnati","state":"OH","country":"United States","canonicalUrl":"https://foursquare.com/v/urban-artifact/51fd186b498ecee282bedc11","category":"Brewery","checkinsCount":455,"usersCount":473,"tipCount":4,"visitsCount":792,"url":"http://www.artifactbeer.com","tier":"","message":"","currency":"","rating":7.7},{"name":"Izen's Drunken Bento","phone":"5133815905","address":"212 W McMillan St","lat":39.127939,"lng":-84.519779,"neighborhood":"CUF","city_fetched":"Cincinnati","state":"OH","country":"United States","canonicalUrl":"https://foursquare.com/v/izens-drunken-bento/500b8a02e4b03215e67a39db","category":"Sushi Restaurant","checkinsCount":1142,"usersCount":429,"tipCount":12,"visitsCount":1195,"tier":2,"message":"Moderate","currency":"$","rating":7.7},{"name":"Milton's - The Prospect Hill Tavern","phone":"5137849938","address":"301 Milton St","lat":39.11355447852967,"lng":-84.51070537875762,"neighborhood":"Mount Auburn","city_fetched":"Cincinnati","state":"OH","country":"United States","canonicalUrl":"https://foursquare.com/v/miltons--the-prospect-hill-tavern/4b45d7b5f964a520141126e3","category":"Bar","checkinsCount":2559,"usersCount":658,"tipCount":12,"visitsCount":2871,"tier":"","message":"","currency":"","rating":7.7},{"name":"The Wine Merchant","phone":"5137311515","twitter":"winemerchant1","address":"3972 Edwards Rd","lat":39.152058346809454,"lng":-84.44199701330983,"city_fetched":"Cincinnati","state":"OH","country":"United States","canonicalUrl":"https://foursquare.com/v/the-wine-merchant/4b784cedf964a52072c32ee3","category":"Wine Bar","checkinsCount":320,"usersCount":126,"tipCount":2,"visitsCount":321,"tier":"","message":"","currency":"","rating":7.7},{"name":"Tostado's Grill","phone":"5138710212","address":"3500 Eastern Ave","lat":39.116656571969074,"lng":-84.439336009724,"neighborhood":"Columbia-Tusculum","city_fetched":"Cincinnati","state":"OH","country":"United States","canonicalUrl":"https://foursquare.com/v/tostados-grill/4b490f76f964a520236426e3","category":"Karaoke Bar","checkinsCount":1989,"usersCount":890,"tipCount":15,"visitsCount":2049,"tier":1,"message":"Cheap","currency":"$","rating":7.6},{"name":"O'Bryonville","address":"Madison Rd.","lat":39.13209090859919,"lng":-84.46284770965576,"neighborhood":"Evanston","city_fetched":"Cincinnati","state":"OH","country":"United States","canonicalUrl":"https://foursquare.com/v/obryonville/4bbd5b93078095210194da91","category":"General Travel","checkinsCount":2376,"usersCount":323,"tipCount":2,"visitsCount":2457,"tier":"","message":"","currency":"","rating":7.6},{"name":"The Sandbar","phone":"5135333810","address":"4609 Kellogg Ave","lat":39.08545029501522,"lng":-84.42714204445346,"city_fetched":"Cincinnati","state":"OH","country":"United States","canonicalUrl":"https://foursquare.com/v/the-sandbar/4c9f878319e4236a29bb5989","category":"Bar","checkinsCount":2531,"usersCount":882,"tipCount":10,"visitsCount":2981,"tier":2,"message":"Moderate","currency":"$","rating":7.6},{"name":"United Dairy Farmers (UDF)","phone":"5132716354","address":"4269 Plainville Rd","lat":39.15054744045188,"lng":-84.37991654883561,"neighborhood":"Madisonville","city_fetched":"Cincinnati","state":"OH","country":"United States","canonicalUrl":"https://foursquare.com/v/united-dairy-farmers-udf/4bbf79952a89ef3b13faee88","category":"Ice Cream Shop","checkinsCount":862,"usersCount":302,"tipCount":1,"visitsCount":1141,"tier":"","message":"","currency":"","rating":7.6},{"name":"Machine Room Grille","phone":"5137657506","twitter":"reds","address":"Great American Ballpark","lat":39.09779475382259,"lng":-84.50576841831207,"neighborhood":"Central Business District","city_fetched":"Cincinnati","state":"OH","country":"United States","canonicalUrl":"https://foursquare.com/v/machine-room-grille/4bbd0c9e078095216c1fda91","category":"Restaurant","checkinsCount":810,"usersCount":525,"tipCount":3,"visitsCount":813,"url":"http://cincinnati.reds.mlb.com/cin/ticketing/machine_grill.jsp","tier":"","message":"","currency":"","rating":7.6},{"name":"Maifest","address":"MainStrasse","lat":39.08421272655715,"lng":-84.5179204711183,"city_fetched":"Cincinnati","state":"KY","country":"United States","canonicalUrl":"https://foursquare.com/v/maifest/4bedc72375feef3b4a1097e6","category":"Flea Market","checkinsCount":314,"usersCount":212,"tipCount":1,"visitsCount":318,"tier":"","message":"","currency":"","rating":7.6},{"name":"Lucy Blue Pizza","phone":"5133813747","twitter":"misslucyblue","address":"1126 Main St","lat":39.10856809729894,"lng":-84.5116630045242,"neighborhood":"Over-The Rhine","city_fetched":"Cincinnati","state":"OH","country":"United States","canonicalUrl":"https://foursquare.com/v/lucy-blue-pizza/5165f54fe4b02fa863f1c5e6","category":"Pizza Place","checkinsCount":756,"usersCount":325,"tipCount":6,"visitsCount":772,"url":"http://lucybluepizza.com","tier":1,"message":"Cheap","currency":"$","rating":7.6},{"name":"Liquor City Uncorked (Formerly The Cork 'N Bottle Covington)","phone":"8596552280","twitter":"liqcityuncorked","address":"501 Crescent Ave","lat":39.0851042773127,"lng":-84.5242166519165,"city_fetched":"Cincinnati","state":"KY","country":"United States","canonicalUrl":"https://foursquare.com/v/liquor-city-uncorked-formerly-the-cork-n-bottle-covington/55a577cc498e36fdf44ef980","category":"Liquor Store","checkinsCount":92,"usersCount":65,"tipCount":7,"visitsCount":112,"url":"https://instagram.com/liquor_cityuncorked/","tier":"","message":"","currency":"","rating":7.6},{"name":"Lake Nina","phone":"5135214020","address":"7200 Pippin Rd","lat":39.21138,"lng":-84.57313985749862,"city_fetched":"Cincinnati","state":"OH","country":"United States","canonicalUrl":"https://foursquare.com/v/lake-nina/4c7a88c1bd346dcb32b1f8ef","category":"Pub","checkinsCount":253,"usersCount":120,"tipCount":12,"visitsCount":302,"tier":"","message":"","currency":"","rating":7.6},{"name":"Righteous Room","phone":"5133814408","address":"641 Walnut St","lat":39.103771012883364,"lng":-84.51196197929933,"neighborhood":"Central Business District","city_fetched":"Cincinnati","state":"OH","country":"United States","canonicalUrl":"https://foursquare.com/v/righteous-room/4b4528c7f964a5209b0626e3","category":"Bar","checkinsCount":7206,"usersCount":2542,"tipCount":25,"visitsCount":7252,"url":"http://therighteousroom.com","tier":2,"message":"Moderate","currency":"$","rating":7.6},{"name":"Murphy's Pub","phone":"5137216148","twitter":"murphyspubclift","address":"2329 W Clifton Ave","lat":39.124569,"lng":-84.520027,"neighborhood":"The Heights","city_fetched":"Cincinnati","state":"OH","country":"United States","canonicalUrl":"https://foursquare.com/v/murphys-pub/4b47e3bef964a520f24226e3","category":"Bar","checkinsCount":5101,"usersCount":1100,"tipCount":22,"visitsCount":5554,"url":"http://www.murphys-pub.com","tier":1,"message":"Cheap","currency":"$","rating":7.6},{"name":"Northside Yacht Club","address":"4231 Spring Grove Ave","lat":39.159878,"lng":-84.532678,"neighborhood":"Northside","city_fetched":"Cincinnati","state":"OH","country":"United States","canonicalUrl":"https://foursquare.com/v/northside-yacht-club/55408ab6498ed666a6c0e667","category":"Bar","checkinsCount":265,"usersCount":266,"tipCount":4,"visitsCount":526,"tier":"","message":"","currency":"","rating":7.6},{"name":"Ludlow Wines","address":"343 Ludlow Ave","lat":39.14372633646334,"lng":-84.52107455304836,"neighborhood":"Clifton","city_fetched":"Cincinnati","state":"OH","country":"United States","canonicalUrl":"https://foursquare.com/v/ludlow-wines/4fca8047e4b0605a490b81ee","category":"Wine Bar","checkinsCount":152,"usersCount":71,"tipCount":2,"visitsCount":153,"tier":"","message":"","currency":"","rating":7.6},{"name":"The Crow's Nest","lat":39.1092456848355,"lng":-84.60040279779835,"neighborhood":"West Price Hill","city_fetched":"Cincinnati","state":"OH","country":"United States","canonicalUrl":"https://foursquare.com/v/the-crows-nest/4b9715adf964a52033f734e3","category":"Pub","checkinsCount":622,"usersCount":165,"tipCount":4,"visitsCount":654,"tier":"","message":"","currency":"","rating":7.6},{"name":"Down Under Restaurant & Tavern","phone":"8592619393","twitter":"downundertavern","address":"126 Park Pl","lat":39.08795233887961,"lng":-84.50859546661377,"city_fetched":"Cincinnati","state":"KY","country":"United States","canonicalUrl":"https://foursquare.com/v/down-under-restaurant--tavern/4b762212f964a520eb3e2ee3","category":"Bar","checkinsCount":1163,"usersCount":332,"tipCount":13,"visitsCount":1171,"url":"http://downunderstlouis.com","tier":1,"message":"Cheap","currency":"$","rating":7.5},{"name":"Low Spark","address":"15 W 14th St","lat":39.110473,"lng":-84.516238,"neighborhood":"Over-The Rhine","city_fetched":"Cincinnati","state":"OH","country":"United States","canonicalUrl":"https://foursquare.com/v/low-spark/562be423498e2c64faa4d476","category":"Bar","checkinsCount":267,"usersCount":139,"tipCount":1,"visitsCount":283,"tier":"","message":"","currency":"","rating":7.5},{"name":"Jim & Jack's","phone":"5132517977","address":"3456 River Rd","lat":39.082302,"lng":-84.585572,"neighborhood":"Riverside","city_fetched":"Cincinnati","state":"OH","country":"United States","canonicalUrl":"https://foursquare.com/v/jim--jacks/4c79b1b3df08a1cd5ec2db5d","category":"Bar","checkinsCount":481,"usersCount":217,"tipCount":2,"visitsCount":604,"url":"http://www.jimandjacks.net","tier":"","message":"","currency":"","rating":7.5},{"name":"Catskeller","phone":"5135569358","address":"IN PO Box","lat":39.13173935,"lng":-84.51708333333333,"neighborhood":"CUF","city_fetched":"Cincinnati","state":"OH","country":"United States","canonicalUrl":"https://foursquare.com/v/catskeller/4b4a3a80f964a520bb7f26e3","category":"Bar","checkinsCount":1148,"usersCount":408,"tipCount":14,"visitsCount":1157,"url":"http://uc.edu/mainstreet/tuc/catskeller.html","tier":"","message":"","currency":"","rating":7.5},{"name":"Cock & Bull Public House Hyde Park Square","phone":"5135334253","twitter":"theenglishpub","address":"2653 Erie Ave","lat":39.13958251476288,"lng":-84.443437,"neighborhood":"Hyde Park","city_fetched":"Cincinnati","state":"OH","country":"United States","canonicalUrl":"https://foursquare.com/v/cock--bull-public-house-hyde-park-square/4dda8ed8d4c05d50973347a4","category":"Pub","checkinsCount":4857,"usersCount":2376,"tipCount":36,"visitsCount":5266,"url":"http://www.candbpublichouse.com","tier":2,"message":"Moderate","currency":"$","rating":7.5},{"name":"PeeWee's Place","phone":"8593414977","address":"2325 ANDERSON RD","lat":39.05479465705592,"lng":-84.57217230803872,"city_fetched":"Cincinnati","state":"KY","country":"United States","canonicalUrl":"https://foursquare.com/v/peewees-place/4bb529c346d4a5933fa9c4c0","category":"Bar","checkinsCount":491,"usersCount":293,"tipCount":12,"visitsCount":784,"url":"http://www.peeweesbarcrescentspringsky.com","tier":"","message":"","currency":"","rating":7.5},{"name":"Bearcat Lounge","phone":"5134873800","address":"151 Goodman St","lat":39.136581,"lng":-84.507609,"neighborhood":"Corryville","city_fetched":"Cincinnati","state":"OH","country":"United States","canonicalUrl":"https://foursquare.com/v/bearcat-lounge/4b91b4f1f964a52095d133e3","category":"Hotel Bar","checkinsCount":811,"usersCount":175,"tipCount":9,"visitsCount":812,"tier":"","message":"","currency":"","rating":7.5},{"name":"Zola's Bar and Grill","phone":"8592617510","address":"626 Main St","lat":39.083284,"lng":-84.51747,"city_fetched":"Cincinnati","state":"KY","country":"United States","canonicalUrl":"https://foursquare.com/v/zolas-bar-and-grill/4b48aae8f964a5202b5226e3","category":"Bar","checkinsCount":2225,"usersCount":854,"tipCount":26,"visitsCount":2244,"tier":1,"message":"Cheap","currency":"$","rating":7.5},{"name":"O'Bryon's Bar And Grill","phone":"5133215525","twitter":"obryonsbargrill","address":"1998 Madison Rd","lat":39.132176816565526,"lng":-84.4631628126725,"neighborhood":"Evanston","city_fetched":"Cincinnati","state":"OH","country":"United States","canonicalUrl":"https://foursquare.com/v/obryons-bar-and-grill/4b58e267f964a520d67028e3","category":"Pub","checkinsCount":3952,"usersCount":1216,"tipCount":18,"visitsCount":4182,"url":"http://www.obryonsirishpub.com","tier":2,"message":"Moderate","currency":"$","rating":7.4},{"name":"Pilot Inn","phone":"5135314156","twitter":"pilotinnohio","address":"3921 Edwards Rd","lat":39.15073223,"lng":-84.442489,"city_fetched":"Cincinnati","state":"OH","country":"United States","canonicalUrl":"https://foursquare.com/v/pilot-inn/4bc65b04b387d13aabccc1e8","category":"Bar","checkinsCount":681,"usersCount":289,"tipCount":3,"visitsCount":689,"url":"http://pilotinn-hub.com","tier":"","message":"","currency":"","rating":7.4},{"name":"The Oak Tavern","phone":"5133216258","twitter":"beerlovesyou","address":"3089 Madison Rd.","lat":39.15259870946595,"lng":-84.43070948123932,"neighborhood":"Oakley","city_fetched":"Cincinnati","state":"OH","country":"United States","canonicalUrl":"https://foursquare.com/v/the-oak-tavern/4b43f86df964a5205cef25e3","category":"Rock Club","checkinsCount":3821,"usersCount":1363,"tipCount":23,"visitsCount":4366,"tier":"","message":"","currency":"","rating":7.4},{"name":"Boswell's","address":"1686 Blue Rock St","lat":39.160620391785024,"lng":-84.54335306997342,"neighborhood":"Northside","city_fetched":"Cincinnati","state":"OH","country":"United States","canonicalUrl":"https://foursquare.com/v/boswells/50410e82e4b05127f7861cf3","category":"Pub","checkinsCount":391,"usersCount":220,"tipCount":4,"visitsCount":519,"tier":1,"message":"Cheap","currency":"$","rating":7.4},{"name":"J Taps Bar & Grill","phone":"5135749777","address":"6441 Glenway Ave","lat":39.150713716061965,"lng":-84.62832927703857,"neighborhood":"Bridgetown North","city_fetched":"Cincinnati","state":"OH","country":"United States","canonicalUrl":"https://foursquare.com/v/j-taps-bar--grill/4bc6acb6d35d9c747a22e33a","category":"Sports Bar","checkinsCount":951,"usersCount":446,"tipCount":10,"visitsCount":1212,"url":"http://jtapscincy.com","tier":2,"message":"Moderate","currency":"$","rating":7.4},{"name":"The Redmoor","phone":"5138716789","address":"3187 Linwood Ave","lat":39.12914746495927,"lng":-84.43044974139029,"neighborhood":"Mount Lookout","city_fetched":"Cincinnati","state":"OH","country":"United States","canonicalUrl":"https://foursquare.com/v/the-redmoor/4b871b9cf964a52007b131e3","category":"Other Nightlife","checkinsCount":604,"usersCount":434,"tipCount":4,"visitsCount":610,"url":"http://www.theredmoor.com","tier":"","message":"","currency":"","rating":7.4},{"name":"Crossroads Sports Bar & Grill","phone":"5132459999","address":"5790 Cheviot Rd","lat":39.19856742143352,"lng":-84.6004948341223,"neighborhood":"White Oak East","city_fetched":"Cincinnati","state":"OH","country":"United States","canonicalUrl":"https://foursquare.com/v/crossroads-sports-bar--grill/4b50d859f964a520f43427e3","category":"Wings Joint","checkinsCount":1479,"usersCount":511,"tipCount":11,"visitsCount":1721,"url":"http://crossroadswings.com","tier":1,"message":"Cheap","currency":"$","rating":7.3},{"name":"The Handlebar at the Riverfront Club presented by JACK Cincinnati Casino","phone":"5137657624","twitter":"reds","address":"Great American Ball Park","lat":39.0965999146118,"lng":-84.50713098049164,"neighborhood":"Central Business District","city_fetched":"Cincinnati","state":"OH","country":"United States","canonicalUrl":"https://foursquare.com/v/the-handlebar-at-the-riverfront-club-presented-by-jack-cincinnati-casino/4c7a98ed97028cfa7898defe","category":"Restaurant","checkinsCount":391,"usersCount":227,"tipCount":6,"visitsCount":392,"url":"http://cincinnati.reds.mlb.com/cin/ballpark/thehandlebar.jsp","tier":"","message":"","currency":"","rating":7.3},{"name":"Riverfront Pizza & Sports Bar","phone":"8592614800","address":"617 W 3rd St","lat":39.0872985899144,"lng":-84.52069054246358,"city_fetched":"Cincinnati","state":"KY","country":"United States","canonicalUrl":"https://foursquare.com/v/riverfront-pizza--sports-bar/4b959db8f964a52055ac34e3","category":"Sports Bar","checkinsCount":677,"usersCount":405,"tipCount":12,"visitsCount":702,"url":"http://www.rfrontpizza.com","tier":"","message":"","currency":"","rating":7.3},{"name":"Pearl's","phone":"5138320485","twitter":"pearlscincy","address":"3520 Eastern Ave","lat":39.116065559337045,"lng":-84.43884891506545,"neighborhood":"Columbia-Tusculum","city_fetched":"Cincinnati","state":"OH","country":"United States","canonicalUrl":"https://foursquare.com/v/pearls/551c30ec498edf9af2c49a07","category":"Bar","checkinsCount":248,"usersCount":197,"tipCount":3,"visitsCount":323,"url":"http://www.pearlscincy.com","tier":"","message":"","currency":"","rating":7.3},{"name":"B-List","phone":"8592617033","address":"343 Division St","lat":39.10437577,"lng":-84.48013722896576,"city_fetched":"Cincinnati","state":"KY","country":"United States","canonicalUrl":"https://foursquare.com/v/blist/4b440b70f964a520adf025e3","category":"Bar","checkinsCount":613,"usersCount":261,"tipCount":6,"visitsCount":749,"tier":"","message":"","currency":"","rating":7.3},{"name":"Tap & Go","phone":"5133813584","address":"950 Pavilion St","lat":39.10769823379465,"lng":-84.4972014427185,"neighborhood":"Mount Adams","city_fetched":"Cincinnati","state":"OH","country":"United States","canonicalUrl":"https://foursquare.com/v/tap--go/4b4f971df964a520980c27e3","category":"Bar","checkinsCount":927,"usersCount":464,"tipCount":6,"visitsCount":930,"url":"http://tapandgocincy.com","tier":"","message":"","currency":"","rating":7.3},{"name":"Rooties","phone":"5134810200","address":"3605 Harrison Ave","lat":39.155924686856984,"lng":-84.6096414918051,"city_fetched":"Cincinnati","state":"OH","country":"United States","canonicalUrl":"https://foursquare.com/v/rooties/4b8dcb4bf964a520070e33e3","category":"Bar","checkinsCount":1158,"usersCount":183,"tipCount":5,"visitsCount":1243,"tier":"","message":"","currency":"","rating":7.3},{"name":"Rosie's","phone":"8592919707","address":"643 Bakewell St","lat":39.08267042597925,"lng":-84.51885491609573,"city_fetched":"Cincinnati","state":"KY","country":"United States","canonicalUrl":"https://foursquare.com/v/rosies/4b57cc71f964a520b14128e3","category":"Gay Bar","checkinsCount":1734,"usersCount":570,"tipCount":9,"visitsCount":1861,"tier":"","message":"","currency":"","rating":7.3},{"name":"601 Nightclub","phone":"5139170260","twitter":"601cincy","address":"601 Main St","lat":39.102823535187746,"lng":-84.51026496804374,"neighborhood":"Central Business District","city_fetched":"Cincinnati","state":"OH","country":"United States","canonicalUrl":"https://foursquare.com/v/601-nightclub/510de732e4b0898fb4df71fa","category":"Nightclub","checkinsCount":326,"usersCount":212,"tipCount":9,"visitsCount":329,"tier":"","message":"","currency":"","rating":7.3},{"name":"Head First Sports Cafe","phone":"5137213767","address":"218 W 3rd St","lat":39.09819692825181,"lng":-84.51632797305109,"neighborhood":"Central Business District","city_fetched":"Cincinnati","state":"OH","country":"United States","canonicalUrl":"https://foursquare.com/v/head-first-sports-cafe/4b4bae43f964a520e5a326e3","category":"Bar","checkinsCount":1418,"usersCount":513,"tipCount":5,"visitsCount":1435,"url":"http://www.headfirstsportscafe.com","tier":"","message":"","currency":"","rating":7.3},{"name":"Champions Grille","phone":"5133768920","twitter":"championsgrill","address":"3670 Werk Rd","lat":39.1442258,"lng":-84.6266386,"neighborhood":"Bridgetown North","city_fetched":"Cincinnati","state":"OH","country":"United States","canonicalUrl":"https://foursquare.com/v/champions-grille/4d3a5c4c34ee3704f909779b","category":"Sports Bar","checkinsCount":647,"usersCount":268,"tipCount":8,"visitsCount":766,"url":"http://championsgrille.com","tier":2,"message":"Moderate","currency":"$","rating":7.3},{"name":"Christian Moerlein Brewery","address":"1621 Moore St","lat":39.113941855492776,"lng":-84.51512978547568,"neighborhood":"Over-The Rhine","city_fetched":"Cincinnati","state":"OH","country":"United States","canonicalUrl":"https://foursquare.com/v/christian-moerlein-brewery/4c94f855533aa093c363c445","category":"Brewery","checkinsCount":401,"usersCount":285,"tipCount":2,"visitsCount":401,"tier":"","message":"","currency":"","rating":7.2},{"name":"Silverton Cafe","phone":"5137912922","address":"7201 Montgomery Rd","lat":39.1932248079756,"lng":-84.40183281898499,"city_fetched":"Cincinnati","state":"OH","country":"United States","canonicalUrl":"https://foursquare.com/v/silverton-cafe/4b62415ff964a520d63e2ae3","category":"American Restaurant","checkinsCount":1004,"usersCount":455,"tipCount":8,"visitsCount":1228,"url":"http://silvertoncafe.com","tier":1,"message":"Cheap","currency":"$","rating":7.2},{"name":"Maloney's Pub","phone":"5139223156","address":"408 Greenwell Ave","lat":39.09549664788437,"lng":-84.60541248321533,"city_fetched":"Cincinnati","state":"OH","country":"United States","canonicalUrl":"https://foursquare.com/v/maloneys-pub/4b68a94cf964a520ab852be3","category":"Bar","checkinsCount":991,"usersCount":357,"tipCount":7,"visitsCount":1029,"tier":"","message":"","currency":"","rating":7.2},{"name":"The Drinkery","twitter":"drinkotr","address":"1150 Main St","lat":39.10911392131226,"lng":-84.51160155307574,"neighborhood":"Over-The Rhine","city_fetched":"Cincinnati","state":"OH","country":"United States","canonicalUrl":"https://foursquare.com/v/the-drinkery/4d531ae174f2224bf0412559","category":"Bar","checkinsCount":3382,"usersCount":1311,"tipCount":11,"visitsCount":3428,"url":"http://www.drinkeryotr.com","tier":2,"message":"Moderate","currency":"$","rating":7.2},{"name":"312","phone":"5137949900","address":"8450 Blue Ash Rd","lat":39.2117154071218,"lng":-84.38890796255245,"city_fetched":"Cincinnati","state":"OH","country":"United States","canonicalUrl":"https://foursquare.com/v/312/4f580f5be4b0c3218be1ff2a","category":"Pub","checkinsCount":290,"usersCount":85,"tipCount":2,"visitsCount":373,"tier":"","message":"","currency":"","rating":7.2},{"name":"Mt. Adams Pavilion","phone":"5137449200","address":"949 Pavilion St","lat":39.107544,"lng":-84.497286,"neighborhood":"Mt Adams","city_fetched":"Cincinnati","state":"OH","country":"United States","canonicalUrl":"https://foursquare.com/v/mt-adams-pavilion/4b4fc081f964a520091427e3","category":"Nightclub","checkinsCount":4621,"usersCount":2382,"tipCount":21,"visitsCount":4824,"url":"http://mountadamspavilion.com","tier":2,"message":"Moderate","currency":"$","rating":7.2},{"name":"Longworth's","phone":"5136512253","address":"1108 Saint Gregory St","lat":39.108041646033605,"lng":-84.49754878878593,"neighborhood":"Mount Adams","city_fetched":"Cincinnati","state":"OH","country":"United States","canonicalUrl":"https://foursquare.com/v/longworths/4b4cd305f964a52062c026e3","category":"Bar","checkinsCount":5790,"usersCount":2156,"tipCount":33,"visitsCount":5820,"url":"http://www.longworths-mtadams.com","tier":"","message":"","currency":"","rating":7.2},{"name":"Coaches Corner","phone":"8592612800","address":"317 E 6th St","lat":39.093443410843484,"lng":-84.49042255203746,"city_fetched":"Cincinnati","state":"KY","country":"United States","canonicalUrl":"https://foursquare.com/v/coaches-corner/4ca9092297c8a1cd4d048ba5","category":"Dive Bar","checkinsCount":306,"usersCount":121,"tipCount":8,"visitsCount":315,"tier":"","message":"","currency":"","rating":7.2},{"name":"Pachinkos","phone":"8594316400","address":"424 W 6th St","lat":39.084361014254945,"lng":-84.5187047123909,"city_fetched":"Cincinnati","state":"KY","country":"United States","canonicalUrl":"https://foursquare.com/v/pachinkos/4b4384eaf964a52043e225e3","category":"Pub","checkinsCount":1553,"usersCount":837,"tipCount":9,"visitsCount":1588,"tier":"","message":"","currency":"","rating":7.2},{"name":"The Public House","phone":"5134816300","twitter":"publichouseoh","address":"3807 N Bend Rd","lat":39.15586067071082,"lng":-84.60662514630029,"city_fetched":"Cincinnati","state":"OH","country":"United States","canonicalUrl":"https://foursquare.com/v/the-public-house/4f7542ebe4b00446b3750d18","category":"Bar","checkinsCount":434,"usersCount":279,"tipCount":8,"visitsCount":487,"url":"http://www.thepublichouse-hub.com","tier":"","message":"","currency":"","rating":7.2},{"name":"Gordo's Pub & Grill","phone":"5133511999","twitter":"gordospub","address":"4328 Montgomery Rd","lat":39.156454,"lng":-84.45880830287933,"city_fetched":"Cincinnati","state":"OH","country":"United States","canonicalUrl":"https://foursquare.com/v/gordos-pub--grill/4b2c30e7f964a5206cc324e3","category":"Pub","checkinsCount":1827,"usersCount":1079,"tipCount":24,"visitsCount":2266,"url":"http://www.gordospub.com","tier":1,"message":"Cheap","currency":"$","rating":7.2},{"name":"Mt. Lookout Tavern","phone":"5138719633","twitter":"mtlookouttavern","address":"3209 Linwood Ave","lat":39.1280771,"lng":-84.43039834499359,"neighborhood":"Mount Lookout","city_fetched":"Cincinnati","state":"OH","country":"United States","canonicalUrl":"https://foursquare.com/v/mt-lookout-tavern/4b377606f964a520334125e3","category":"Bar","checkinsCount":3852,"usersCount":1383,"tipCount":12,"visitsCount":3997,"url":"http://mtlookouttavern.com","tier":2,"message":"Moderate","currency":"$","rating":7.2},{"name":"CRAVE","phone":"5132418600","twitter":"craveamerica","address":"175 Joe Nuxhall Way #125","lat":39.098069522345554,"lng":-84.50919628143309,"neighborhood":"Central Business District","city_fetched":"Cincinnati","state":"OH","country":"United States","canonicalUrl":"https://foursquare.com/v/crave/4fce0ff6e4b02848ca9ee82f","category":"New American Restaurant","checkinsCount":3352,"usersCount":2069,"tipCount":28,"visitsCount":3463,"url":"http://craveamerica.com","tier":3,"message":"Expensive","currency":"$","rating":7.1},{"name":"Mt. Adams Bar & Grill","phone":"5136213666","address":"938 Hatch St","lat":39.10937775605089,"lng":-84.49744551050397,"neighborhood":"Mount Adams","city_fetched":"Cincinnati","state":"OH","country":"United States","canonicalUrl":"https://foursquare.com/v/mt-adams-bar--grill/4daf5d8204373a986f5474d4","category":"American Restaurant","checkinsCount":2579,"usersCount":1428,"tipCount":22,"visitsCount":2689,"url":"http://mtadamsbarandgrill.com","tier":2,"message":"Moderate","currency":"$","rating":7.1},{"name":"O' Malleys In The Alley","phone":"5133813114","address":"25 Ogden Pl","lat":39.098933308534356,"lng":-84.51343482675718,"neighborhood":"Central Business District","city_fetched":"Cincinnati","state":"OH","country":"United States","canonicalUrl":"https://foursquare.com/v/o-malleys-in-the-alley/4b53c2b8f964a5208faa27e3","category":"Dive Bar","checkinsCount":2471,"usersCount":1399,"tipCount":25,"visitsCount":2634,"url":"http://omalleysinthealley.com","tier":1,"message":"Cheap","currency":"$","rating":7.1},{"name":"aliveOne","phone":"5137216977","address":"941 Pavilion St","lat":39.1076493,"lng":-84.4976556,"neighborhood":"Mt Adams","city_fetched":"Cincinnati","state":"OH","country":"United States","canonicalUrl":"https://foursquare.com/v/aliveone/4be63ce8d4f7c9b6129e2620","category":"Bar","checkinsCount":1750,"usersCount":900,"tipCount":13,"visitsCount":1751,"tier":"","message":"","currency":"","rating":7.1},{"name":"The Establishment","phone":"5136319000","address":"2900 Wasson Rd","lat":39.144531259905534,"lng":-84.43548528782519,"neighborhood":"Oakley","city_fetched":"Cincinnati","state":"OH","country":"United States","canonicalUrl":"https://foursquare.com/v/the-establishment/4b450157f964a520fb0026e3","category":"Pub","checkinsCount":2120,"usersCount":652,"tipCount":10,"visitsCount":2199,"url":"http://theeoakley.com","tier":"","message":"","currency":"","rating":7.1},{"name":"Top of the Park","address":"506 E 4th St","lat":39.10162008511363,"lng":-84.50443689438178,"neighborhood":"Central Business District","city_fetched":"Cincinnati","state":"OH","country":"United States","canonicalUrl":"https://foursquare.com/v/top-of-the-park/5244c309498efbc894b20926","category":"Hotel Bar","checkinsCount":200,"usersCount":145,"tipCount":2,"visitsCount":201,"tier":"","message":"","currency":"","rating":7.1},{"name":"Brew Monkeys","phone":"5133308806","twitter":"brewmonkeys","address":"4312 Harrison Ave","lat":39.16257798634386,"lng":-84.62473108105,"neighborhood":"Bridgetown North","city_fetched":"Cincinnati","state":"OH","country":"United States","canonicalUrl":"https://foursquare.com/v/brew-monkeys/4ff5bdade4b00ee3e56ee7cb","category":"Brewery","checkinsCount":723,"usersCount":107,"tipCount":1,"visitsCount":822,"url":"http://brewmonkeys.com","tier":"","message":"","currency":"","rating":7.1},{"name":"Hap's Irish Pub","phone":"5138716477","address":"3510 Erie Ave","lat":39.14128996753129,"lng":-84.418778,"neighborhood":"Hyde Park","city_fetched":"Cincinnati","state":"OH","country":"United States","canonicalUrl":"https://foursquare.com/v/haps-irish-pub/4c288a529eb195210e882959","category":"Bar","checkinsCount":1744,"usersCount":740,"tipCount":7,"visitsCount":1830,"url":"http://hapspub.com","tier":"","message":"","currency":"","rating":7.1},{"name":"Zazou Grill and Pub","phone":"8592619111","twitter":"zazoupub","address":"502 W 6th St","lat":39.08441201254727,"lng":-84.5188011735174,"city_fetched":"Cincinnati","state":"KY","country":"United States","canonicalUrl":"https://foursquare.com/v/zazou-grill-and-pub/4b549ac9f964a52043c227e3","category":"Pub","checkinsCount":1543,"usersCount":608,"tipCount":16,"visitsCount":1580,"url":"http://www.zazoupub.com","tier":"","message":"","currency":"","rating":7.1},{"name":"Village Pub","lat":39.08344924449921,"lng":-84.51765596866608,"city_fetched":"Cincinnati","state":"KY","country":"United States","canonicalUrl":"https://foursquare.com/v/village-pub/4b7b587cf964a520375f2fe3","category":"Bar","checkinsCount":478,"usersCount":262,"tipCount":3,"visitsCount":485,"tier":"","message":"","currency":"","rating":7.1},{"name":"Horse & Barrel","address":"Walnut Street","lat":39.103476611408645,"lng":-84.51194465616742,"neighborhood":"Central Business District","city_fetched":"Cincinnati","state":"OH","country":"United States","canonicalUrl":"https://foursquare.com/v/horse--barrel/54a37232498e8a8a7c0d23d1","category":"Cocktail Bar","checkinsCount":189,"usersCount":127,"tipCount":3,"visitsCount":189,"tier":"","message":"","currency":"","rating":7.1},{"name":"Crowley's Highland House","address":"958 Pavilion St","lat":39.10771248333334,"lng":-84.4970190525055,"neighborhood":"Mount Adams","city_fetched":"Cincinnati","state":"OH","country":"United States","canonicalUrl":"https://foursquare.com/v/crowleys-highland-house/4b528f5ef964a520498227e3","category":"Bar","checkinsCount":1044,"usersCount":637,"tipCount":6,"visitsCount":1054,"tier":"","message":"","currency":"","rating":7},{"name":"Bobby Mackey's","phone":"8594315588","twitter":"bobbymackey","address":"44 Licking Pike","lat":39.073350083016194,"lng":-84.4929070649977,"city_fetched":"Cincinnati","state":"KY","country":"United States","canonicalUrl":"https://foursquare.com/v/bobby-mackeys/4b80b060f964a520588630e3","category":"Bar","checkinsCount":1011,"usersCount":607,"tipCount":15,"visitsCount":1125,"tier":"","message":"","currency":"","rating":7},{"name":"Igby's","phone":"5137210083","twitter":"igbys","address":"122 E 6th St","lat":39.102764789606205,"lng":-84.51103824511269,"neighborhood":"Central Business District","city_fetched":"Cincinnati","state":"OH","country":"United States","canonicalUrl":"https://foursquare.com/v/igbys/50481d09e4b0d1f2d8d750aa","category":"Bar","checkinsCount":3447,"usersCount":1571,"tipCount":18,"visitsCount":3515,"url":"http://igbysbar.com","tier":2,"message":"Moderate","currency":"$","rating":7},{"name":"R.P. McMurphy's","phone":"5135313300","address":"2910 Wasson Rd","lat":39.144484,"lng":-84.43518381666667,"neighborhood":"Oakley","city_fetched":"Cincinnati","state":"OH","country":"United States","canonicalUrl":"https://foursquare.com/v/rp-mcmurphys/4b45012cf964a520f20026e3","category":"Pub","checkinsCount":4621,"usersCount":1531,"tipCount":14,"visitsCount":5076,"url":"http://www.rpmcmurphyspub.com","tier":1,"message":"Cheap","currency":"$","rating":7},{"name":"the grotto","address":"St Gregory St","lat":39.107992973572635,"lng":-84.4977272308148,"neighborhood":"Mount Adams","city_fetched":"Cincinnati","state":"OH","country":"United States","canonicalUrl":"https://foursquare.com/v/the-grotto/4ff1c24ae4b0730ed8efe6db","category":"Bar","checkinsCount":355,"usersCount":198,"tipCount":1,"visitsCount":359,"tier":"","message":"","currency":"","rating":7},{"name":"Bar 32","address":"701 Bakewell St","lat":39.082628,"lng":-84.518991,"city_fetched":"Cincinnati","state":"KY","country":"United States","canonicalUrl":"https://foursquare.com/v/bar-32/5373c846498ebb902a6a0067","category":"Bar","checkinsCount":287,"usersCount":93,"tipCount":1,"visitsCount":347,"tier":"","message":"","currency":"","rating":7},{"name":"Finke's Pub","phone":"8594316154","address":"1458 Dixie Hwy","lat":39.07003825996331,"lng":-84.52769961696676,"city_fetched":"Cincinnati","state":"KY","country":"United States","canonicalUrl":"https://foursquare.com/v/finkes-pub/4baf6218f964a520e2fb3be3","category":"Bar","checkinsCount":1178,"usersCount":51,"tipCount":7,"visitsCount":1242,"tier":"","message":"","currency":"","rating":7},{"name":"Washington Platform","phone":"5134210110","twitter":"washplat","address":"1000 Elm St","lat":39.10598438790289,"lng":-84.51768493217372,"neighborhood":"Central Business District","city_fetched":"Cincinnati","state":"OH","country":"United States","canonicalUrl":"https://foursquare.com/v/washington-platform/4b5b9f39f964a520980b29e3","category":"American Restaurant","checkinsCount":903,"usersCount":695,"tipCount":16,"visitsCount":1099,"url":"http://www.washingtonplatform.com","tier":3,"message":"Expensive","currency":"$","rating":7},{"name":"The Greenwich","phone":"5132211151","address":"2442 Gilbert Ave","lat":39.12561301545324,"lng":-84.490504517038,"neighborhood":"Walnut Hills","city_fetched":"Cincinnati","state":"OH","country":"United States","canonicalUrl":"https://foursquare.com/v/the-greenwich/4b9078e3f964a520168c33e3","category":"Jazz Club","checkinsCount":153,"usersCount":129,"tipCount":2,"visitsCount":166,"tier":"","message":"","currency":"","rating":7},{"name":"Nicholson's Tavern and Pub","phone":"5135649111","twitter":"nicholsons","address":"625 Walnut St","lat":39.10334820061081,"lng":-84.5120233297348,"neighborhood":"Central Business District","city_fetched":"Cincinnati","state":"OH","country":"United States","canonicalUrl":"https://foursquare.com/nicholsons","category":"Gastropub","checkinsCount":5380,"usersCount":3038,"tipCount":56,"visitsCount":5431,"url":"http://nicholsonspub.com","tier":2,"message":"Moderate","currency":"$","rating":6.9}]