[{"name":"Claremont Craft Ales","phone":"9096255350","twitter":"claremontbeer","address":"1420 N Claremont Blvd Ste 204","lat":34.10918046447047,"lng":-117.70182434174255,"city_fetched":"Claremont","state":"CA","country":"United States","canonicalUrl":"https://foursquare.com/v/claremont-craft-ales/5019c4f7e4b0c236becb8881","category":"Brewery","checkinsCount":1327,"usersCount":801,"tipCount":25,"visitsCount":1936,"url":"http://claremontcraftales.com","tier":1,"message":"Cheap","currency":"$","rating":8.9},{"name":"Eureka! Claremont","phone":"9094458875","address":"580 W 1st St","lat":34.0945288085865,"lng":-117.72161346690034,"neighborhood":"Village","city_fetched":"Claremont","state":"CA","country":"United States","canonicalUrl":"https://foursquare.com/v/eureka-claremont/4daa27184df01c19b1842ac1","category":"Gastropub","checkinsCount":7001,"usersCount":3519,"tipCount":89,"visitsCount":7956,"url":"http://eurekarestaurantgroup.com","tier":2,"message":"Moderate","currency":"$","rating":8.8},{"name":"Dale Bros. Brewery","phone":"9095790032","twitter":"dalebrosbrewery","address":"2120 Porter Field Way","lat":34.10929602859345,"lng":-117.6908377502766,"city_fetched":"Claremont","state":"CA","country":"United States","canonicalUrl":"https://foursquare.com/v/dale-bros-brewery/4ccc89e7c9b84688fa9cbdc3","category":"Brewery","checkinsCount":1676,"usersCount":917,"tipCount":20,"visitsCount":2350,"url":"http://www.dalebrosbrewery.com","tier":2,"message":"Moderate","currency":"$","rating":8.8},{"name":"The Back Abbey","phone":"9096252642","address":"128 Oberlin Ave","lat":34.095161,"lng":-117.720638,"neighborhood":"Village","city_fetched":"Claremont","state":"CA","country":"United States","canonicalUrl":"https://foursquare.com/v/the-back-abbey/4ab7e0a3f964a520407b20e3","category":"Gastropub","checkinsCount":5259,"usersCount":2850,"tipCount":90,"visitsCount":5419,"url":"http://thebackabbey.com","tier":2,"message":"Moderate","currency":"$","rating":8.6},{"name":"The Whisper House","twitter":"thewhisperhouse","address":"502 W 1st St","lat":34.09420118318834,"lng":-117.72112663955969,"neighborhood":"Village","city_fetched":"Claremont","state":"CA","country":"United States","canonicalUrl":"https://foursquare.com/v/the-whisper-house/55a2ea11498ebf3dc3cf1942","category":"Bar","checkinsCount":251,"usersCount":184,"tipCount":2,"visitsCount":284,"tier":"","message":"","currency":"","rating":8.3},{"name":"Piano Piano","phone":"9095474266","twitter":"pianopianodt","address":"555 W Foothill Blvd","lat":34.10733573,"lng":-117.72303,"neighborhood":"Foothill Boulevard Corridor","city_fetched":"Claremont","state":"CA","country":"United States","canonicalUrl":"https://foursquare.com/v/piano-piano/4b10c4cff964a520957523e3","category":"Bar","checkinsCount":2294,"usersCount":1422,"tipCount":24,"visitsCount":2376,"url":"http://duelingpianopiano.com","tier":2,"message":"Moderate","currency":"$","rating":7.9},{"name":"Casa 425","phone":"9096242272","address":"499 W 1st St.","lat":34.09503017618913,"lng":-117.72034771316466,"neighborhood":"Village","city_fetched":"Claremont","state":"CA","country":"United States","canonicalUrl":"https://foursquare.com/v/casa-425/4b5be327f964a520b31b29e3","category":"Hotel Bar","checkinsCount":1255,"usersCount":592,"tipCount":15,"visitsCount":1271,"url":"http://casa425.com","tier":"","message":"","currency":"","rating":7.8},{"name":"El Ranchero Mexican Restaurant and Bar","phone":"9096248824","twitter":"errestaurant","address":"984 W Foothill Blvd","lat":34.10677093612958,"lng":-117.73402426983112,"city_fetched":"Claremont","state":"CA","country":"United States","canonicalUrl":"https://foursquare.com/v/el-ranchero-mexican-restaurant-and-bar/4bdba5c43904a593919b4b9e","category":"Mexican Restaurant","checkinsCount":1127,"usersCount":424,"tipCount":19,"visitsCount":1204,"url":"http://elrancheroclaremont.com","tier":1,"message":"Cheap","currency":"$","rating":7.8},{"name":"Casa Moreno Mexican Grill","address":"101 N Indian Hill Blvd Ste C2-103","lat":34.09511933,"lng":-117.7198625,"neighborhood":"Village","city_fetched":"Claremont","state":"CA","country":"United States","canonicalUrl":"https://foursquare.com/v/casa-moreno-mexican-grill/4c23ba2d905a0f47539c5e60","category":"Mexican Restaurant","checkinsCount":1398,"usersCount":638,"tipCount":13,"visitsCount":1410,"url":"http://casamorenogrill.com","tier":2,"message":"Moderate","currency":"$","rating":7.6},{"name":"The Sand Bar","phone":"9096240586","address":"5363 Arrow Hwy","lat":34.09211618408608,"lng":-117.68804803845237,"city_fetched":"Claremont","state":"CA","country":"United States","canonicalUrl":"https://foursquare.com/v/the-sand-bar/50f49be6e4b06675ba5b5227","category":"Bar","checkinsCount":124,"usersCount":60,"tipCount":3,"visitsCount":138,"tier":"","message":"","currency":"","rating":7.5},{"name":"Rök House Brewing Company","phone":"9099810020","twitter":"rokhousebrewing","address":"1939 W 11th St","lat":34.10419486748029,"lng":-117.68834591521087,"city_fetched":"Claremont","state":"CA","country":"United States","canonicalUrl":"https://foursquare.com/v/r%C3%B6k-house-brewing-company/53af4937498e7b0d7953948c","category":"Brewery","checkinsCount":200,"usersCount":200,"tipCount":4,"visitsCount":437,"url":"http://rokhousebrewing.com","tier":"","message":"","currency":"","rating":7.4},{"name":"Heroes & Legends Bar & Grill","address":"131 Yale Ave","lat":34.09534632834714,"lng":-117.71798800447725,"neighborhood":"Village","city_fetched":"Claremont","state":"CA","country":"United States","canonicalUrl":"https://foursquare.com/v/heroes--legends-bar--grill/4b10aa4cf964a5208f7423e3","category":"Pub","checkinsCount":2287,"usersCount":1063,"tipCount":29,"visitsCount":2312,"tier":"","message":"","currency":"","rating":7.4},{"name":"Packing House Wine Merchants","phone":"9094459463","address":"540 W 1st St","lat":34.09447616301678,"lng":-117.72139009921987,"neighborhood":"Village","city_fetched":"Claremont","state":"CA","country":"United States","canonicalUrl":"https://foursquare.com/v/packing-house-wine-merchants/4b510aeef964a5203f3f27e3","category":"Wine Bar","checkinsCount":312,"usersCount":232,"tipCount":11,"visitsCount":317,"url":"http://www.packinghousewines.com","tier":"","message":"","currency":"","rating":7.2},{"name":"The Black Watch Pub & Restaurant","phone":"9099816069","address":"497 N Central Ave","lat":34.0991926,"lng":-117.69033728427928,"city_fetched":"Claremont","state":"CA","country":"United States","canonicalUrl":"https://foursquare.com/v/the-black-watch-pub--restaurant/4bd6559f5631c9b691d4a530","category":"Bar","checkinsCount":758,"usersCount":473,"tipCount":9,"visitsCount":1093,"url":"http://theblackwatchpub.com","tier":"","message":"","currency":"","rating":7.1},{"name":"Hi Brow","address":"547 E Foothill Blvd","lat":34.107365506507456,"lng":-117.73924148481173,"city_fetched":"Claremont","state":"CA","country":"United States","canonicalUrl":"https://foursquare.com/v/hi-brow/4b99f7fbf964a520259935e3","category":"Bar","checkinsCount":524,"usersCount":204,"tipCount":4,"visitsCount":548,"tier":"","message":"","currency":"","rating":7},{"name":"Press Restaurant","phone":"9096254808","twitter":"pressrestaurant","address":"129 Harvard Ave","lat":34.0951639302576,"lng":-117.71663631320757,"neighborhood":"Village","city_fetched":"Claremont","state":"CA","country":"United States","canonicalUrl":"https://foursquare.com/v/press-restaurant/4ac7b46bf964a5203ab920e3","category":"American Restaurant","checkinsCount":4218,"usersCount":1559,"tipCount":43,"visitsCount":4425,"url":"http://thepressrestaurant.com","tier":2,"message":"Moderate","currency":"$","rating":6.7},{"name":"Flappers Comedy Club","phone":"8188459721","address":"532 W 1st St","lat":34.09436394921946,"lng":-117.72158483003321,"neighborhood":"Village","city_fetched":"Claremont","state":"CA","country":"United States","canonicalUrl":"https://foursquare.com/v/flappers-comedy-club/4c1d7cb6b9f876b0a1c77d46","category":"Other Nightlife","checkinsCount":383,"usersCount":215,"tipCount":3,"visitsCount":385,"url":"http://www.flapperscomedy.com","tier":"","message":"","currency":"","rating":6.3},{"name":"Friar Tux Bar & Grill","address":"540 E Foothill Blvd","lat":34.106877158593385,"lng":-117.73924148481173,"city_fetched":"Claremont","state":"CA","country":"United States","canonicalUrl":"https://foursquare.com/v/friar-tux-bar--grill/4b7632def964a520e7422ee3","category":"Dive Bar","checkinsCount":739,"usersCount":368,"tipCount":13,"visitsCount":743,"tier":"","message":"","currency":"","rating":6.2}]