[{"name":"Speakeasy","phone":"8032550869","address":"711 Saluda Ave","lat":33.998703265581184,"lng":-81.0176146030426,"neighborhood":"Five Points","city_fetched":"Columbia","state":"SC","country":"United States","canonicalUrl":"https://foursquare.com/v/speakeasy/4b47ef31f964a5206b4426e3","category":"Bar","checkinsCount":3453,"usersCount":992,"tipCount":28,"visitsCount":3636,"url":"http://delaneysspeakeasy.com","tier":2,"message":"Moderate","currency":"$","rating":9.2},{"name":"The Comedy House","phone":"8037989898","twitter":"comedyhouse","address":"2768 Decker Blvd","lat":34.06435665725467,"lng":-80.95563411712646,"city_fetched":"Columbia","state":"SC","country":"United States","canonicalUrl":"https://foursquare.com/comedyhouse","category":"Comedy Club","checkinsCount":807,"usersCount":537,"tipCount":10,"visitsCount":1011,"url":"http://comedyhouse.us","tier":"","message":"","currency":"","rating":9.1},{"name":"Publick House","phone":"8032562207","address":"2307 Devine St","lat":33.99885250856262,"lng":-81.01172270877578,"city_fetched":"Columbia","state":"SC","country":"United States","canonicalUrl":"https://foursquare.com/v/publick-house/4b43ea31f964a520f2ed25e3","category":"Bar","checkinsCount":2939,"usersCount":1068,"tipCount":33,"visitsCount":3636,"url":"http://publick-house.com","tier":2,"message":"Moderate","currency":"$","rating":9.1},{"name":"Yesterday's Restaurant & Tavern","phone":"8037990196","twitter":"yesterdayssc","address":"2030 Devine St","lat":33.99882408050099,"lng":-81.01605960976678,"neighborhood":"Five Points","city_fetched":"Columbia","state":"SC","country":"United States","canonicalUrl":"https://foursquare.com/v/yesterdays-restaurant--tavern/4b4cdce4f964a5202bc226e3","category":"American Restaurant","checkinsCount":3918,"usersCount":1904,"tipCount":47,"visitsCount":4341,"url":"http://www.yesterdayssc.com","tier":1,"message":"Cheap","currency":"$","rating":9},{"name":"Hunter-Gatherer Brewery & Ale House","phone":"8037480540","twitter":"hgbrewery","address":"900 Main St","lat":33.997386,"lng":-81.031569,"neighborhood":"University of South Carolina","city_fetched":"Columbia","state":"SC","country":"United States","canonicalUrl":"https://foursquare.com/v/huntergatherer-brewery--ale-house/4b4e2860f964a52062e326e3","category":"Brewery","checkinsCount":3629,"usersCount":1836,"tipCount":40,"visitsCount":3928,"url":"http://huntergathererbrewery.com","tier":2,"message":"Moderate","currency":"$","rating":8.9},{"name":"Pawley's Front Porch","phone":"8037718001","twitter":"pawleysporch","address":"827 Harden St","lat":34.001089,"lng":-81.01709017,"neighborhood":"Five Points","city_fetched":"Columbia","state":"SC","country":"United States","canonicalUrl":"https://foursquare.com/v/pawleys-front-porch/4b66269cf964a52076162be3","category":"Burger Joint","checkinsCount":7283,"usersCount":4113,"tipCount":80,"visitsCount":7915,"url":"http://www.pawleys5pts.com","tier":2,"message":"Moderate","currency":"$","rating":8.9},{"name":"Henry's Grill & Bar","phone":"8037084705","address":"2865 Devine St","lat":33.99827280180079,"lng":-81.0014081258096,"neighborhood":"Southeastern Columbia","city_fetched":"Columbia","state":"SC","country":"United States","canonicalUrl":"https://foursquare.com/v/henrys-grill--bar/4da3aa859aa4721eb2e0281a","category":"American Restaurant","checkinsCount":2553,"usersCount":978,"tipCount":25,"visitsCount":2979,"url":"http://henrysgrillandbar.com","tier":2,"message":"Moderate","currency":"$","rating":8.8},{"name":"Pearlz Oyster Bar","phone":"8036617741","address":"936 Gervais St","lat":34.00006094680749,"lng":-81.03694783046863,"neighborhood":"The Congaree Vista","city_fetched":"Columbia","state":"SC","country":"United States","canonicalUrl":"https://foursquare.com/v/pearlz-oyster-bar/4bce3a55ef10952105c98386","category":"Seafood Restaurant","checkinsCount":4804,"usersCount":1900,"tipCount":53,"visitsCount":4903,"url":"http://pearlzoysterbar.com","tier":2,"message":"Moderate","currency":"$","rating":8.7},{"name":"The Whig","phone":"8039318852","twitter":"whigsc","address":"1200 Main St","lat":34.001585113746614,"lng":-81.0334825515747,"neighborhood":"Downtown Columbia","city_fetched":"Columbia","state":"SC","country":"United States","canonicalUrl":"https://foursquare.com/v/the-whig/4b456168f964a520b70b26e3","category":"Dive Bar","checkinsCount":5281,"usersCount":1397,"tipCount":34,"visitsCount":5722,"url":"http://thewhig.org","tier":2,"message":"Moderate","currency":"$","rating":8.7},{"name":"Total Wine & More","phone":"8034073737","twitter":"totalwine","address":"275-C Harbison Blvd","lat":34.074167,"lng":-81.160144,"neighborhood":"Northwest Columbia","city_fetched":"Columbia","state":"SC","country":"United States","canonicalUrl":"https://foursquare.com/v/total-wine--more/4b5b2872f964a52053e728e3","category":"Wine Shop","checkinsCount":1800,"usersCount":1035,"tipCount":17,"visitsCount":2529,"url":"http://www.totalwine.com","tier":"","message":"","currency":"","rating":8.7},{"name":"The British Bulldog Pub","phone":"8032278918","twitter":"britbulldogpub","address":"1220 Bower Pkwy","lat":34.068098,"lng":-81.156888,"neighborhood":"Northwest Columbia","city_fetched":"Columbia","state":"SC","country":"United States","canonicalUrl":"https://foursquare.com/v/the-british-bulldog-pub/4d508d0b9b27721e1627af46","category":"Gastropub","checkinsCount":5972,"usersCount":1620,"tipCount":59,"visitsCount":6901,"url":"http://thebritishbulldogpub.com","tier":2,"message":"Moderate","currency":"$","rating":8.7},{"name":"Flying Saucer Draught Emporium","phone":"8032562055","address":"931 Senate St","lat":33.99931032968888,"lng":-81.03675216436386,"neighborhood":"The Congaree Vista","city_fetched":"Columbia","state":"SC","country":"United States","canonicalUrl":"https://foursquare.com/v/flying-saucer-draught-emporium/4adfbab3f964a5200e7d21e3","category":"Beer Garden","checkinsCount":18363,"usersCount":4170,"tipCount":64,"visitsCount":19441,"url":"http://www.beerknurd.com","tier":2,"message":"Moderate","currency":"$","rating":8.6},{"name":"116 Espresso and Wine Bar","phone":"8037915663","address":"116 State St","lat":33.99395688133685,"lng":-81.0560136712899,"neighborhood":"West Columbia","city_fetched":"Columbia","state":"SC","country":"United States","canonicalUrl":"https://foursquare.com/v/116-espresso-and-wine-bar/4b534407f964a520e19427e3","category":"Wine Bar","checkinsCount":1807,"usersCount":605,"tipCount":30,"visitsCount":1873,"url":"http://116state.com","tier":2,"message":"Moderate","currency":"$","rating":8.6},{"name":"River Rat Brewery","phone":"8037245712","twitter":"riverratbrewery","address":"1231 Shop Rd","lat":33.97281352031239,"lng":-81.0110646009699,"neighborhood":"Southeastern Columbia","city_fetched":"Columbia","state":"SC","country":"United States","canonicalUrl":"https://foursquare.com/v/river-rat-brewery/5300d915498e74fe0537e72e","category":"Brewery","checkinsCount":654,"usersCount":517,"tipCount":5,"visitsCount":1066,"url":"http://riverratbrewery.com","tier":"","message":"","currency":"","rating":8.5},{"name":"Za's Brick Oven Pizza","phone":"8037717334","twitter":"zasondevine","address":"2930 Devine St","lat":33.997457,"lng":-80.999783,"neighborhood":"Shandon","city_fetched":"Columbia","state":"SC","country":"United States","canonicalUrl":"https://foursquare.com/zasondevine","category":"Pizza Place","checkinsCount":2051,"usersCount":974,"tipCount":18,"visitsCount":2138,"url":"http://www.zasbrickovenpizza.com","tier":1,"message":"Cheap","currency":"$","rating":8.5},{"name":"Capital City Club","phone":"8032562000","address":"1201 Main St","lat":34.001333159632075,"lng":-81.03478537740888,"neighborhood":"Downtown Columbia","city_fetched":"Columbia","state":"SC","country":"United States","canonicalUrl":"https://foursquare.com/v/capital-city-club/4b4d1339f964a52011ca26e3","category":"Restaurant","checkinsCount":1329,"usersCount":519,"tipCount":6,"visitsCount":1454,"url":"http://clubcorp.com/Clubs/Capital-City-Club-Columbia/","tier":3,"message":"Expensive","currency":"$","rating":8.4},{"name":"Liberty Tap Room & Grill","phone":"8034614677","address":"828 Gervais St","lat":33.99928903170189,"lng":-81.03849999259725,"neighborhood":"The Congaree Vista","city_fetched":"Columbia","state":"SC","country":"United States","canonicalUrl":"https://foursquare.com/v/liberty-tap-room--grill/4cae595175ebb60c0ccfb3ad","category":"Bar","checkinsCount":7731,"usersCount":3767,"tipCount":57,"visitsCount":7904,"url":"http://libertytaproom.com","tier":2,"message":"Moderate","currency":"$","rating":8.4},{"name":"Delaney's Music Pub & Eatery","phone":"8037792345","address":"741 Saluda Ave","lat":33.99942480993582,"lng":-81.01724681348855,"neighborhood":"Five Points","city_fetched":"Columbia","state":"SC","country":"United States","canonicalUrl":"https://foursquare.com/v/delaneys-music-pub--eatery/4b4cd7f8f964a5204cc126e3","category":"Bar","checkinsCount":4483,"usersCount":1622,"tipCount":22,"visitsCount":4530,"url":"http://www.delaneyspub.com","tier":2,"message":"Moderate","currency":"$","rating":8.4},{"name":"Cellar on Greene","phone":"8033433303","address":"2001 Greene St","lat":34.00036,"lng":-81.01836025714874,"neighborhood":"Five Points","city_fetched":"Columbia","state":"SC","country":"United States","canonicalUrl":"https://foursquare.com/v/cellar-on-greene/4b50b72af964a520062f27e3","category":"Gastropub","checkinsCount":1268,"usersCount":406,"tipCount":27,"visitsCount":1294,"url":"http://www.cellarongreene.com","tier":2,"message":"Moderate","currency":"$","rating":8.4},{"name":"Art Bar","phone":"8039290198","twitter":"artbarsc","address":"1211 Park St","lat":34.00071062677428,"lng":-81.03728216952825,"neighborhood":"Arsenal Hill","city_fetched":"Columbia","state":"SC","country":"United States","canonicalUrl":"https://foursquare.com/v/art-bar/4b454d04f964a520330a26e3","category":"Bar","checkinsCount":6401,"usersCount":1457,"tipCount":17,"visitsCount":6904,"url":"http://www.artbarsc.com","tier":1,"message":"Cheap","currency":"$","rating":8.3},{"name":"Village Idiot","phone":"8032528646","twitter":"idiotpizza","address":"2009 Devine St","lat":33.998814,"lng":-81.016823,"neighborhood":"Five Points","city_fetched":"Columbia","state":"SC","country":"United States","canonicalUrl":"https://foursquare.com/v/village-idiot/4b5a11bbf964a5205bab28e3","category":"Pizza Place","checkinsCount":4970,"usersCount":1425,"tipCount":21,"visitsCount":5146,"url":"http://www.villageidiotpizza.com","tier":2,"message":"Moderate","currency":"$","rating":8.3},{"name":"The War Mouth","twitter":"thewarmouth","address":"1209 Franklin St","lat":34.01705884639512,"lng":-81.0399784003431,"city_fetched":"Columbia","state":"SC","country":"United States","canonicalUrl":"https://foursquare.com/v/the-war-mouth/5679f947498e781495a09242","category":"Gastropub","checkinsCount":129,"usersCount":98,"tipCount":4,"visitsCount":185,"url":"http://www.thewarmouth.com","tier":"","message":"","currency":"","rating":8.2},{"name":"Jake's Bar & Grill","phone":"8032525253","twitter":"jakesofcolumbia","address":"2112 Devine St","lat":33.99857191201041,"lng":-81.01505631805696,"neighborhood":"Five Points","city_fetched":"Columbia","state":"SC","country":"United States","canonicalUrl":"https://foursquare.com/v/jakes-bar--grill/4e45a369d4c065cb6b94a30b","category":"Beer Garden","checkinsCount":3548,"usersCount":1231,"tipCount":17,"visitsCount":3896,"url":"http://jakesofcolumbia.com","tier":1,"message":"Cheap","currency":"$","rating":8.2},{"name":"Cock & Bull Pub Grill","phone":"8032514474","twitter":"cocknbullsc","address":"326 S Edisto Ave","lat":33.98565384415465,"lng":-81.01167955433377,"neighborhood":"Hollywood - Rosehill","city_fetched":"Columbia","state":"SC","country":"United States","canonicalUrl":"https://foursquare.com/v/cock--bull-pub-grill/4b49504af964a520356d26e3","category":"Bar","checkinsCount":2408,"usersCount":687,"tipCount":17,"visitsCount":2676,"url":"http://www.cnbpub.net","tier":1,"message":"Cheap","currency":"$","rating":8.1},{"name":"The Kingsman","phone":"8037968622","twitter":"kingsmansc","address":"936 Axtell Dr","lat":33.986668074145626,"lng":-81.05356599685005,"neighborhood":"West Columbia","city_fetched":"Columbia","state":"SC","country":"United States","canonicalUrl":"https://foursquare.com/v/the-kingsman/4b574c12f964a520ec2f28e3","category":"American Restaurant","checkinsCount":1074,"usersCount":313,"tipCount":12,"visitsCount":1120,"url":"http://kingsmanrestaurant.com","tier":1,"message":"Cheap","currency":"$","rating":8.1},{"name":"The Bird Dog","lat":33.99917941648919,"lng":-81.0161944598298,"neighborhood":"Five Points","city_fetched":"Columbia","state":"SC","country":"United States","canonicalUrl":"https://foursquare.com/v/the-bird-dog/51304a66e4b016451f48dade","category":"Bar","checkinsCount":328,"usersCount":143,"tipCount":3,"visitsCount":332,"tier":"","message":"","currency":"","rating":8.1},{"name":"YoYo Yogurt","phone":"8039360086","address":"2231 Augusta Rd","lat":33.98315440803394,"lng":-81.09492359511252,"neighborhood":"West Columbia","city_fetched":"Columbia","state":"SC","country":"United States","canonicalUrl":"https://foursquare.com/v/yoyo-yogurt/51b7d0275019c9ac393209d9","category":"Dessert Shop","checkinsCount":108,"usersCount":53,"tipCount":5,"visitsCount":110,"tier":"","message":"","currency":"","rating":8.1},{"name":"State Street Pub","phone":"8037962006","address":"136 State St","lat":33.99370281465148,"lng":-81.05613227912721,"neighborhood":"West Columbia","city_fetched":"Columbia","state":"SC","country":"United States","canonicalUrl":"https://foursquare.com/v/state-street-pub/4b5b5147f964a5201df428e3","category":"Bar","checkinsCount":1957,"usersCount":255,"tipCount":13,"visitsCount":2067,"tier":"","message":"","currency":"","rating":8},{"name":"Conquest Brewing Company","phone":"8037123063","twitter":"conquestbrewing","address":"847 S Stadium Rd","lat":33.96987475894847,"lng":-81.02496461251592,"city_fetched":"Columbia","state":"SC","country":"United States","canonicalUrl":"https://foursquare.com/v/conquest-brewing-company/5023e3b5e4b0e6fe1a72aa3c","category":"Brewery","checkinsCount":867,"usersCount":480,"tipCount":5,"visitsCount":1218,"url":"http://www.conquestbrewing.com","tier":1,"message":"Cheap","currency":"$","rating":8},{"name":"Bar None","phone":"8032543354","address":"620 Harden St","lat":33.99801836753352,"lng":-81.01530253887177,"neighborhood":"Five Points","city_fetched":"Columbia","state":"SC","country":"United States","canonicalUrl":"https://foursquare.com/v/bar-none/4b4cd98bf964a52099c126e3","category":"Bar","checkinsCount":2605,"usersCount":778,"tipCount":15,"visitsCount":2699,"tier":"","message":"","currency":"","rating":7.9},{"name":"Rockaway Athletic Club","phone":"8032561075","address":"2175 Rosewood Drive","lat":33.987281382368835,"lng":-81.00584809324944,"neighborhood":"Shandon","city_fetched":"Columbia","state":"SC","country":"United States","canonicalUrl":"https://foursquare.com/v/rockaway-athletic-club/4bd5bd04637ba593f7e3f670","category":"Burger Joint","checkinsCount":3216,"usersCount":1424,"tipCount":40,"visitsCount":3565,"tier":2,"message":"Moderate","currency":"$","rating":7.9},{"name":"Wet Willie's","phone":"8037795650","address":"800 Gervais St","lat":33.99906515,"lng":-81.04010906,"neighborhood":"The Congaree Vista","city_fetched":"Columbia","state":"SC","country":"United States","canonicalUrl":"https://foursquare.com/v/wet-willies/4b80a79cf964a520f48330e3","category":"Bar","checkinsCount":2643,"usersCount":1520,"tipCount":24,"visitsCount":2665,"url":"http://www.wetwillies.com","tier":2,"message":"Moderate","currency":"$","rating":7.9},{"name":"World of Beer","phone":"8035096020","address":"902 Gervais St","lat":33.9990029012441,"lng":-81.03798319842836,"neighborhood":"The Congaree Vista","city_fetched":"Columbia","state":"SC","country":"United States","canonicalUrl":"https://foursquare.com/v/world-of-beer/4ef126b14690c916cc5c43cc","category":"Bar","checkinsCount":5843,"usersCount":2194,"tipCount":43,"visitsCount":6089,"url":"http://worldofbeer.com/Locations/TheVista","tier":2,"message":"Moderate","currency":"$","rating":7.9},{"name":"Copper River Grill","phone":"8037494647","address":"1230 Bower Pkwy","lat":34.06833832666621,"lng":-81.15604877471924,"neighborhood":"Northwest Columbia","city_fetched":"Columbia","state":"SC","country":"United States","canonicalUrl":"https://foursquare.com/v/copper-river-grill/4c378e900a71c9b64d123fc9","category":"American Restaurant","checkinsCount":3622,"usersCount":1777,"tipCount":46,"visitsCount":3801,"url":"http://www.copperrivergrill.com","tier":"","message":"","currency":"","rating":7.8},{"name":"Polliwogs","phone":"8037365775","address":"10009 Two Notch Rd","lat":34.112895,"lng":-80.89469365,"city_fetched":"Columbia","state":"SC","country":"United States","canonicalUrl":"https://foursquare.com/v/polliwogs/4db4fce70cb6729b6a9dd2be","category":"Bar","checkinsCount":955,"usersCount":456,"tipCount":11,"visitsCount":1117,"url":"http://polliwogsc.com","tier":2,"message":"Moderate","currency":"$","rating":7.8},{"name":"Tin Roof","phone":"8037711558","address":"1022 Senate St","lat":33.99878598,"lng":-81.035429,"neighborhood":"The Congaree Vista","city_fetched":"Columbia","state":"SC","country":"United States","canonicalUrl":"https://foursquare.com/v/tin-roof/4c92a8456cfea0934caab38b","category":"Bar","checkinsCount":6082,"usersCount":2384,"tipCount":28,"visitsCount":6577,"url":"http://tinroofbars.com/home/columbia/","tier":2,"message":"Moderate","currency":"$","rating":7.7},{"name":"Red Door Tavern","phone":"8033695341","address":"134 1/2 State St","lat":33.993652943255405,"lng":-81.05621853926004,"neighborhood":"West Columbia","city_fetched":"Columbia","state":"SC","country":"United States","canonicalUrl":"https://foursquare.com/v/red-door-tavern/50a842d0e4b0024edfb1c79d","category":"Bar","checkinsCount":377,"usersCount":98,"tipCount":6,"visitsCount":396,"tier":1,"message":"Cheap","currency":"$","rating":7.7},{"name":"Wild Wing Cafe","phone":"8037499464","twitter":"wildwingcafe","address":"1150 Bower Pkwy","lat":34.06872156055058,"lng":-81.15730938128614,"neighborhood":"Northwest Columbia","city_fetched":"Columbia","state":"SC","country":"United States","canonicalUrl":"https://foursquare.com/v/wild-wing-cafe/4b5cf3b3f964a520554c29e3","category":"Wings Joint","checkinsCount":2956,"usersCount":1666,"tipCount":15,"visitsCount":3480,"url":"http://www.wildwingcafe.com","tier":2,"message":"Moderate","currency":"$","rating":7.7},{"name":"Carolina Ale House","phone":"8034076996","address":"277 Columbiana Dr","lat":34.08070874840558,"lng":-81.16050124168396,"neighborhood":"Northwest Columbia","city_fetched":"Columbia","state":"SC","country":"United States","canonicalUrl":"https://foursquare.com/v/carolina-ale-house/4b5a4708f964a52092b928e3","category":"Bar","checkinsCount":4338,"usersCount":1992,"tipCount":43,"visitsCount":5057,"url":"http://www.carolinaalehouse.com","tier":2,"message":"Moderate","currency":"$","rating":7.7},{"name":"Hampton Street Vineyard","phone":"8032520850","twitter":"papajohns","address":"1201 Hampton St","lat":34.00540607,"lng":-81.035075,"neighborhood":"Downtown Columbia","city_fetched":"Columbia","state":"SC","country":"United States","canonicalUrl":"https://foursquare.com/v/hampton-street-vineyard/4b6a00cff964a52010c12be3","category":"Wine Bar","checkinsCount":431,"usersCount":261,"tipCount":6,"visitsCount":438,"url":"http://hamptonstreetvineyard.com","tier":"","message":"","currency":"","rating":7.7},{"name":"PT's 1109","phone":"8032538900","address":"1109 Assembly St","lat":33.999916222249816,"lng":-81.03518983075271,"neighborhood":"The Congaree Vista","city_fetched":"Columbia","state":"SC","country":"United States","canonicalUrl":"https://foursquare.com/v/pts-1109/4baef5dff964a52018e43be3","category":"Gay Bar","checkinsCount":6687,"usersCount":587,"tipCount":12,"visitsCount":6779,"url":"http://www.pts1109.com","tier":2,"message":"Moderate","currency":"$","rating":7.7},{"name":"Wild Wing Cafe","phone":"8032529464","twitter":"wildwingcafe","address":"729 Lady St","lat":34.00085963306406,"lng":-81.04110000514768,"neighborhood":"Arsenal Hill","city_fetched":"Columbia","state":"SC","country":"United States","canonicalUrl":"https://foursquare.com/v/wild-wing-cafe/4b5359c7f964a520a99827e3","category":"American Restaurant","checkinsCount":6667,"usersCount":2871,"tipCount":45,"visitsCount":7051,"url":"http://www.wildwingcafe.com","tier":2,"message":"Moderate","currency":"$","rating":7.6},{"name":"L Word Bar","phone":"8037942111","address":"625 Frink St","lat":33.97304222280582,"lng":-81.05379782831521,"neighborhood":"West Columbia","city_fetched":"Columbia","state":"SC","country":"United States","canonicalUrl":"https://foursquare.com/v/l-word-bar/4c15615ea5eb76b09948c3b7","category":"Gay Bar","checkinsCount":944,"usersCount":153,"tipCount":6,"visitsCount":1096,"tier":"","message":"","currency":"","rating":7.6},{"name":"The Kraken Gastropub","address":"2910 Rosewood Dr","lat":33.98798182581925,"lng":-81.00122469529501,"neighborhood":"Central Rosewood","city_fetched":"Columbia","state":"SC","country":"United States","canonicalUrl":"https://foursquare.com/v/the-kraken-gastropub/50a811d9e4b0ea2d5a1d6a22","category":"Gastropub","checkinsCount":809,"usersCount":442,"tipCount":18,"visitsCount":972,"tier":2,"message":"Moderate","currency":"$","rating":7.6},{"name":"The Loose Cockaboose","address":"936 S Stadium Rd","lat":33.970313088968325,"lng":-81.02371872779378,"city_fetched":"Columbia","state":"SC","country":"United States","canonicalUrl":"https://foursquare.com/v/the-loose-cockaboose/4b9e91d1f964a5200df036e3","category":"Bar","checkinsCount":1083,"usersCount":571,"tipCount":6,"visitsCount":1168,"tier":"","message":"","currency":"","rating":7.6},{"name":"Swamp Cabbage Brewing","twitter":"swampcabbagebru","address":"921 Brookwood Dr","lat":33.97142885137886,"lng":-81.02804418241114,"city_fetched":"Columbia","state":"SC","country":"United States","canonicalUrl":"https://foursquare.com/v/swamp-cabbage-brewing/53bdbfbb498e3a98e0307d22","category":"Brewery","checkinsCount":128,"usersCount":144,"tipCount":3,"visitsCount":263,"tier":"","message":"","currency":"","rating":7.6},{"name":"Hickory Tavern","lat":33.999113,"lng":-81.037703,"neighborhood":"The Congaree Vista","city_fetched":"Columbia","state":"SC","country":"United States","canonicalUrl":"https://foursquare.com/v/hickory-tavern/5494d25b498e91080c1bec40","category":"Sports Bar","checkinsCount":421,"usersCount":323,"tipCount":7,"visitsCount":559,"tier":"","message":"","currency":"","rating":7.6},{"name":"Capital Club","phone":"8032566464","address":"1002 Gervais St","lat":34.000302,"lng":-81.036563,"neighborhood":"The Congaree Vista","city_fetched":"Columbia","state":"SC","country":"United States","canonicalUrl":"https://foursquare.com/v/capital-club/4b497eaff964a520917026e3","category":"Speakeasy","checkinsCount":3508,"usersCount":395,"tipCount":16,"visitsCount":3800,"url":"http://capitalclubsc.com","tier":2,"message":"Moderate","currency":"$","rating":7.6},{"name":"The Ale House","phone":"8033760069","address":"12 Tommy Cir","lat":34.031344,"lng":-80.99704914,"neighborhood":"Southeastern Columbia","city_fetched":"Columbia","state":"SC","country":"United States","canonicalUrl":"https://foursquare.com/v/the-ale-house/4b7c8e00f964a520bd9a2fe3","category":"Bar","checkinsCount":195,"usersCount":71,"tipCount":4,"visitsCount":213,"tier":"","message":"","currency":"","rating":7.6},{"name":"Group Therapy","phone":"8032561203","address":"2107 Greene St","lat":34.000649019257395,"lng":-81.01633470365068,"neighborhood":"Five Points","city_fetched":"Columbia","state":"SC","country":"United States","canonicalUrl":"https://foursquare.com/v/group-therapy/4b53efacf964a52007af27e3","category":"Bar","checkinsCount":3987,"usersCount":849,"tipCount":14,"visitsCount":4007,"url":"http://grouptherapybar.com","tier":"","message":"","currency":"","rating":7.6},{"name":"Wings & Ale","phone":"8037501700","address":"125 Outlet Pointe Blvd #C","lat":34.03102460456566,"lng":-81.124307469308,"neighborhood":"Northwest Columbia","city_fetched":"Columbia","state":"SC","country":"United States","canonicalUrl":"https://foursquare.com/v/wings--ale/4b9afbf1f964a5203fe935e3","category":"Wings Joint","checkinsCount":1089,"usersCount":623,"tipCount":21,"visitsCount":1419,"url":"http://www.scwingsandale.com","tier":1,"message":"Cheap","currency":"$","rating":7.5},{"name":"Carolina Ale House","phone":"8032277151","address":"708 Lady St","lat":34.00021145632357,"lng":-81.04140197293965,"neighborhood":"Arsenal Hill","city_fetched":"Columbia","state":"SC","country":"United States","canonicalUrl":"https://foursquare.com/v/carolina-ale-house/4b564baaf964a520d10928e3","category":"Bar","checkinsCount":8404,"usersCount":3764,"tipCount":54,"visitsCount":8851,"url":"http://www.carolinaalehouse.com","tier":2,"message":"Moderate","currency":"$","rating":7.5},{"name":"Nightcaps","phone":"8037716575","address":"2722 Devine St","lat":33.998157143834234,"lng":-81.00445085217542,"neighborhood":"Shandon","city_fetched":"Columbia","state":"SC","country":"United States","canonicalUrl":"https://foursquare.com/v/nightcaps/4b4cd6fef964a5201ec126e3","category":"Bar","checkinsCount":1255,"usersCount":453,"tipCount":3,"visitsCount":1518,"tier":"","message":"","currency":"","rating":7.4},{"name":"New Brookland Tavern","phone":"8037914413","twitter":"newbrookland","address":"122 State St","lat":33.99402264872003,"lng":-81.05569558575114,"neighborhood":"West Columbia","city_fetched":"Columbia","state":"SC","country":"United States","canonicalUrl":"https://foursquare.com/v/new-brookland-tavern/4b47bf30f964a520f83c26e3","category":"Bar","checkinsCount":5058,"usersCount":1083,"tipCount":22,"visitsCount":5136,"url":"http://www.newbrooklandtavern.com","tier":1,"message":"Cheap","currency":"$","rating":7.4},{"name":"Sharky's","phone":"8034665566","twitter":"sharkyssc","address":"636 Harden St","lat":33.999080802342355,"lng":-81.01615670183541,"neighborhood":"Five Points","city_fetched":"Columbia","state":"SC","country":"United States","canonicalUrl":"https://foursquare.com/sharkyssc","category":"Bar","checkinsCount":2029,"usersCount":737,"tipCount":8,"visitsCount":2030,"tier":"","message":"","currency":"","rating":7.4},{"name":"Uncle Fester's","phone":"8037489897","address":"522 Devine St","lat":33.990979,"lng":-81.040827,"neighborhood":"The Congaree Vista","city_fetched":"Columbia","state":"SC","country":"United States","canonicalUrl":"https://foursquare.com/v/uncle-festers/4b4c9d49f964a520a2b726e3","category":"Karaoke Bar","checkinsCount":2328,"usersCount":412,"tipCount":12,"visitsCount":2549,"tier":2,"message":"Moderate","currency":"$","rating":7.3},{"name":"Tsubaki Restaurant Lounge","phone":"8037367474","address":"224 Oneil Ct #10","lat":34.06915455685314,"lng":-80.95483548614536,"city_fetched":"Columbia","state":"SC","country":"United States","canonicalUrl":"https://foursquare.com/v/tsubaki-restaurant-lounge/4ba6ca06f964a520ba6f39e3","category":"Karaoke Bar","checkinsCount":347,"usersCount":186,"tipCount":6,"visitsCount":353,"url":"http://tsubakikaraoke.net","tier":"","message":"","currency":"","rating":7.3},{"name":"Social Bar And Lounge","phone":"8036034313","twitter":"barsocial","address":"918 Gervais St","lat":33.99950136241298,"lng":-81.03746551615139,"neighborhood":"The Congaree Vista","city_fetched":"Columbia","state":"SC","country":"United States","canonicalUrl":"https://foursquare.com/barsocial","category":"Bar","checkinsCount":1250,"usersCount":561,"tipCount":16,"visitsCount":1264,"url":"http://www.socialcolumbiasc.com","tier":"","message":"","currency":"","rating":7.3},{"name":"Wine Down On Main","address":"Main Street","lat":34.005726384994844,"lng":-81.03564281603033,"neighborhood":"Downtown Columbia","city_fetched":"Columbia","state":"SC","country":"United States","canonicalUrl":"https://foursquare.com/v/wine-down-on-main/4efbce21f790d5546d77b285","category":"Wine Bar","checkinsCount":318,"usersCount":151,"tipCount":3,"visitsCount":321,"tier":"","message":"","currency":"","rating":7.3},{"name":"Karl's Korner","phone":"8037911772","address":"1800 Memorial Dr","lat":33.962339758872986,"lng":-81.08624696731567,"neighborhood":"West Columbia","city_fetched":"Columbia","state":"SC","country":"United States","canonicalUrl":"https://foursquare.com/v/karls-korner/4c2d4e86e760c9b68fc34449","category":"Bar","checkinsCount":952,"usersCount":98,"tipCount":10,"visitsCount":965,"tier":"","message":"","currency":"","rating":7.3},{"name":"Rooftop Lounge","phone":"8039881400","address":"1400 Main St","lat":34.00403994432474,"lng":-81.03464126586914,"neighborhood":"Downtown Columbia","city_fetched":"Columbia","state":"SC","country":"United States","canonicalUrl":"https://foursquare.com/v/rooftop-lounge/4b5b5ef1f964a52081f828e3","category":"Roof Deck","checkinsCount":1997,"usersCount":1182,"tipCount":6,"visitsCount":2049,"tier":"","message":"","currency":"","rating":7.2},{"name":"The Vault","address":"1400 Main St","lat":34.004066,"lng":-81.03448744,"neighborhood":"Downtown Columbia","city_fetched":"Columbia","state":"SC","country":"United States","canonicalUrl":"https://foursquare.com/v/the-vault/4d129b27957fa1cd92406f9f","category":"Lounge","checkinsCount":255,"usersCount":204,"tipCount":5,"visitsCount":256,"tier":"","message":"","currency":"","rating":7.1},{"name":"Kelly's Deli & Pub","phone":"8032544464","address":"1001 Washington St","lat":34.003153120734574,"lng":-81.037935,"neighborhood":"Arsenal Hill","city_fetched":"Columbia","state":"SC","country":"United States","canonicalUrl":"https://foursquare.com/v/kellys-deli--pub/4b5a0e95f964a52083aa28e3","category":"Bar","checkinsCount":2804,"usersCount":818,"tipCount":13,"visitsCount":3244,"tier":"","message":"","currency":"","rating":7.1},{"name":"Jillian's","phone":"8037797789","address":"800 Gervais St","lat":33.99853723861661,"lng":-81.039854375753,"neighborhood":"The Congaree Vista","city_fetched":"Columbia","state":"SC","country":"United States","canonicalUrl":"https://foursquare.com/v/jillians/4b80926bf964a520ce7d30e3","category":"Sports Bar","checkinsCount":2870,"usersCount":1645,"tipCount":13,"visitsCount":2935,"url":"http://jillianscolumbia.com","tier":2,"message":"Moderate","currency":"$","rating":7},{"name":"Red Hots Bar","twitter":"redhotbar","address":"634 Harden St","lat":33.99840567447349,"lng":-81.01541772030517,"neighborhood":"Five Points","city_fetched":"Columbia","state":"SC","country":"United States","canonicalUrl":"https://foursquare.com/v/red-hots-bar/50f4f669e4b0e684b763b707","category":"Nightclub","checkinsCount":77,"usersCount":40,"tipCount":1,"visitsCount":77,"tier":"","message":"","currency":"","rating":7},{"name":"CJ's","phone":"8037488694","address":"749 Saluda Ave","lat":33.999929,"lng":-81.01704,"neighborhood":"Five Points","city_fetched":"Columbia","state":"SC","country":"United States","canonicalUrl":"https://foursquare.com/v/cjs/4b4ca0dcf964a52016b826e3","category":"Bar","checkinsCount":1142,"usersCount":361,"tipCount":8,"visitsCount":1168,"tier":1,"message":"Cheap","currency":"$","rating":6.8},{"name":"Village Idiot","address":"4517 Forest Dr","lat":34.02103,"lng":-80.97209328333334,"neighborhood":"Southeastern Columbia","city_fetched":"Columbia","state":"SC","country":"United States","canonicalUrl":"https://foursquare.com/v/village-idiot/4b523781f964a5207f7027e3","category":"Pizza Place","checkinsCount":376,"usersCount":184,"tipCount":7,"visitsCount":378,"url":"http://villageidiotpizza.com","tier":"","message":"","currency":"","rating":6.8}]