[{"name":"El Campesino Mexican Restaurant of Cleveland","phone":"7067785022","address":"107 Market Centre Dr","lat":34.53544713620042,"lng":-83.5361823439494,"city_fetched":"Cornelia","state":"GA","country":"United States","canonicalUrl":"https://foursquare.com/v/el-campesino-mexican-restaurant-of-cleveland/4bda2266c79cc92897af7de9","category":"Mexican Restaurant","checkinsCount":318,"usersCount":154,"tipCount":5,"visitsCount":319,"url":"http://www.elcampesinomexicanrest.com","tier":"","message":"","currency":"","rating":6.7}]