[{"name":"The SportZone","phone":"7406230612","address":"119 N 3rd St","lat":40.27427610346835,"lng":-81.86745362195205,"city_fetched":"Coshocton","state":"OH","country":"United States","canonicalUrl":"https://foursquare.com/v/the-sportzone/4b2c0f6af964a520a7c024e3","category":"Sports Bar","checkinsCount":434,"usersCount":183,"tipCount":10,"visitsCount":555,"tier":"","message":"","currency":"","rating":7},{"name":"Uncorked Wine & Coffee Bar","address":"465 N. Whitewoman St","lat":40.27920428471778,"lng":-81.87659510539707,"city_fetched":"Coshocton","state":"OH","country":"United States","canonicalUrl":"https://foursquare.com/v/uncorked-wine--coffee-bar/4b2c125ef964a520f2c024e3","category":"Coffee Shop","checkinsCount":243,"usersCount":104,"tipCount":4,"visitsCount":245,"tier":"","message":"","currency":"","rating":6.7}]