[{"name":"Argentine Bistro","phone":"8594261042","twitter":"argentinebistro","address":"2875 Town Center Blvd","lat":39.02388419,"lng":-84.578471,"city_fetched":"Crestview","state":"KY","country":"United States","canonicalUrl":"https://foursquare.com/v/argentine-bistro/4bfbf7a895a4a5930974ab70","category":"Argentinian Restaurant","checkinsCount":211,"usersCount":136,"tipCount":11,"visitsCount":213,"url":"http://argentinebistro.com","tier":2,"message":"Moderate","currency":"$","rating":7.4},{"name":"Abuelo's Mexican Restaurant - Crestview Hills","phone":"8593441344","twitter":"abueloscrestvie","address":"2833 Dixie Hwy","lat":39.025296895536805,"lng":-84.57854514193716,"city_fetched":"Crestview","state":"KY","country":"United States","canonicalUrl":"https://foursquare.com/v/abuelos-mexican-restaurant--crestview-hills/4b6e2358f964a52016ad2ce3","category":"Mexican Restaurant","checkinsCount":2639,"usersCount":869,"tipCount":15,"visitsCount":2804,"url":"http://www.abuelos.com","tier":2,"message":"Moderate","currency":"$","rating":7.1},{"name":"Average Joes Bar & Grill","phone":"8594269950","address":"405 Buttermilk Pike","lat":39.04344590754452,"lng":-84.57281087281294,"city_fetched":"Crestview","state":"KY","country":"United States","canonicalUrl":"https://foursquare.com/v/average-joes-bar--grill/4bb54a91f562ef3be8d02e97","category":"Bar","checkinsCount":666,"usersCount":253,"tipCount":9,"visitsCount":685,"url":"http://averagejoespub.com","tier":"","message":"","currency":"","rating":7},{"name":"TGI Fridays","phone":"8593418000","twitter":"tgifridays","address":"2804 Turkeyfoot Rd","lat":39.02490582,"lng":-84.57157801,"city_fetched":"Crestview","state":"KY","country":"United States","canonicalUrl":"https://foursquare.com/v/tgi-fridays/509d636d5d2463e871548026","category":"American Restaurant","checkinsCount":3075,"usersCount":1432,"tipCount":23,"visitsCount":3755,"url":"http://tgifridays.com","tier":2,"message":"Moderate","currency":"$","rating":6.9},{"name":"Edgewood Tavern","phone":"8593449887","address":"112 Barnwood Dr","lat":39.01961035400569,"lng":-84.57614612777121,"city_fetched":"Crestview","state":"KY","country":"United States","canonicalUrl":"https://foursquare.com/v/edgewood-tavern/4b6b3ea5f964a520c5fb2be3","category":"Bar","checkinsCount":816,"usersCount":255,"tipCount":5,"visitsCount":828,"tier":"","message":"","currency":"","rating":5.9},{"name":"Saddle Club","phone":"8593310430","twitter":"saddleclubbar","address":"2487 Dixie Hwy","lat":39.03675418419855,"lng":-84.55992332384946,"city_fetched":"Crestview","state":"KY","country":"United States","canonicalUrl":"https://foursquare.com/v/saddle-club/4afda969f964a520a12922e3","category":"Bar","checkinsCount":735,"usersCount":150,"tipCount":8,"visitsCount":738,"url":"http://www.saddleclubbar.com","tier":"","message":"","currency":"","rating":5.7}]