[{"name":"The Golden Leaf Bistro","phone":"4347913191","twitter":"golden_leaf_bis","address":"215 Craghead St","lat":36.58716791034235,"lng":-79.3895020510696,"city_fetched":"Danville","state":"VA","country":"United States","canonicalUrl":"https://foursquare.com/v/the-golden-leaf-bistro/5102a41ce4b0af419871b1bc","category":"American Restaurant","checkinsCount":309,"usersCount":197,"tipCount":6,"visitsCount":440,"url":"http://goldenleafbistro.com","tier":2,"message":"Moderate","currency":"$","rating":8},{"name":"Kickback Jack's","phone":"4347931848","address":"140 Crown Dr","lat":36.59482760943429,"lng":-79.42547378375087,"city_fetched":"Danville","state":"VA","country":"United States","canonicalUrl":"https://foursquare.com/v/kickback-jacks/4c3fb336da3dc9287c56c6b9","category":"Sports Bar","checkinsCount":2428,"usersCount":947,"tipCount":20,"visitsCount":2929,"url":"http://www.kbjacks.com","tier":2,"message":"Moderate","currency":"$","rating":7.6},{"name":"The Highlander Restaurant","address":"2500 Riverside Dr","lat":36.59411331591285,"lng":-79.41360751957697,"city_fetched":"Danville","state":"VA","country":"United States","canonicalUrl":"https://foursquare.com/v/the-highlander-restaurant/4dfa79701f6e2728c9f2c4e7","category":"American Restaurant","checkinsCount":646,"usersCount":259,"tipCount":10,"visitsCount":800,"tier":2,"message":"Moderate","currency":"$","rating":6}]