[{"name":"Donnie's Homespun Pizza","phone":"2174244344","address":"126 S Oakland Ave","lat":39.84061374378762,"lng":-88.97258520126343,"neighborhood":"Near Westside","city_fetched":"Decatur","state":"IL","country":"United States","canonicalUrl":"https://foursquare.com/v/donnies-homespun-pizza/4b84e806f964a520424731e3","category":"Pizza Place","checkinsCount":2337,"usersCount":540,"tipCount":32,"visitsCount":2360,"url":"http://donnieshomespun.com","tier":2,"message":"Moderate","currency":"$","rating":8.8},{"name":"Paco's Sol Bistro","phone":"2173306483","address":"237 N Main St","lat":39.84313152283679,"lng":-88.95605135307439,"neighborhood":"Decatur Central Business District","city_fetched":"Decatur","state":"IL","country":"United States","canonicalUrl":"https://foursquare.com/v/pacos-sol-bistro/4bc1112fb492d13afc7da560","category":"Bar","checkinsCount":1144,"usersCount":531,"tipCount":25,"visitsCount":1332,"url":"http://www.solbistro.com","tier":2,"message":"Moderate","currency":"$","rating":8.2},{"name":"The Gin Mill","address":"124 E Prairie Ave","lat":39.84269549063518,"lng":-88.95536416450565,"neighborhood":"Decatur Central Business District","city_fetched":"Decatur","state":"IL","country":"United States","canonicalUrl":"https://foursquare.com/v/the-gin-mill/548f1abc498e6b13ea4fd07b","category":"New American Restaurant","checkinsCount":68,"usersCount":73,"tipCount":2,"visitsCount":123,"tier":"","message":"","currency":"","rating":7.9},{"name":"The Wharf","phone":"2174235450","address":"201 W 1st Dr","lat":39.82137073,"lng":-88.95647126666667,"neighborhood":"South Shores","city_fetched":"Decatur","state":"IL","country":"United States","canonicalUrl":"https://foursquare.com/v/the-wharf/4c096c68bbc676b06b2d48d5","category":"Bar","checkinsCount":785,"usersCount":275,"tipCount":7,"visitsCount":898,"tier":"","message":"","currency":"","rating":7.8},{"name":"Curly's","lat":39.87168126265129,"lng":-88.95489332142643,"city_fetched":"Decatur","state":"IL","country":"United States","canonicalUrl":"https://foursquare.com/v/curlys/4bc00e852a89ef3b4720f088","category":"Dive Bar","checkinsCount":408,"usersCount":197,"tipCount":3,"visitsCount":554,"tier":"","message":"","currency":"","rating":7.6},{"name":"Lock Stock & Barrel","phone":"2174297411","address":"129 S Oakland Ave","lat":39.840619,"lng":-88.972977,"neighborhood":"Near Westside","city_fetched":"Decatur","state":"IL","country":"United States","canonicalUrl":"https://foursquare.com/v/lock-stock--barrel/4b84ba4bf964a520754231e3","category":"Bar","checkinsCount":2652,"usersCount":620,"tipCount":18,"visitsCount":2731,"url":"http://www.lsb1.com","tier":"","message":"","currency":"","rating":7.5},{"name":"Whit's End","address":"3663 E William Street Rd","lat":39.848999414597266,"lng":-88.90153167583067,"city_fetched":"Decatur","state":"IL","country":"United States","canonicalUrl":"https://foursquare.com/v/whits-end/4c53aabd30f92d7f5f8a29b9","category":"American Restaurant","checkinsCount":265,"usersCount":116,"tipCount":5,"visitsCount":292,"tier":"","message":"","currency":"","rating":7.4},{"name":"Lincoln Square Lounge","phone":"2174232180","address":"121 N Main St","lat":39.841897076336245,"lng":-88.95580359252655,"neighborhood":"Decatur Central Business District","city_fetched":"Decatur","state":"IL","country":"United States","canonicalUrl":"https://foursquare.com/v/lincoln-square-lounge/4adff6a9f964a520087e21e3","category":"Lounge","checkinsCount":1932,"usersCount":415,"tipCount":13,"visitsCount":2070,"url":"http://lslounge.com","tier":"","message":"","currency":"","rating":7.2},{"name":"Starship Billiards","phone":"2178728882","address":"3015-3099 Grand Prix Dr","lat":39.878317498626906,"lng":-88.92929866764729,"city_fetched":"Decatur","state":"IL","country":"United States","canonicalUrl":"https://foursquare.com/v/starship-billiards/4c18406d4ff90f47cf3c0e49","category":"Pool Hall","checkinsCount":462,"usersCount":239,"tipCount":2,"visitsCount":628,"tier":"","message":"","currency":"","rating":7.2},{"name":"Doherty's Pub & Pins","phone":"2174285612","address":"242 E William St","lat":39.84372876319365,"lng":-88.95351290580237,"neighborhood":"Decatur Central Business District","city_fetched":"Decatur","state":"IL","country":"United States","canonicalUrl":"https://foursquare.com/v/dohertys-pub--pins/4bdcceb8c79cc928133f88e9","category":"Pub","checkinsCount":936,"usersCount":429,"tipCount":8,"visitsCount":1135,"url":"http://www.dohertyspubandpins.com","tier":"","message":"","currency":"","rating":6.8},{"name":"Bourbon Barrel Bar & Grill","phone":"2174297506","address":"1355 N Illinois Route 48","lat":39.855898334982854,"lng":-88.97447963677601,"city_fetched":"Decatur","state":"IL","country":"United States","canonicalUrl":"https://foursquare.com/v/bourbon-barrel-bar--grill/4c1db6e863750f4742c8b867","category":"Bar","checkinsCount":355,"usersCount":145,"tipCount":2,"visitsCount":367,"tier":"","message":"","currency":"","rating":6.7}]