[{"name":"Jersey's Sports Bar","phone":"4199560925","address":"1995 N Clinton St","lat":41.31138769870247,"lng":-84.36035343231438,"city_fetched":"Defiance","state":"OH","country":"United States","canonicalUrl":"https://foursquare.com/v/jerseys-sports-bar/4ec560eb991123243709e11f","category":"Sports Bar","checkinsCount":617,"usersCount":328,"tipCount":6,"visitsCount":752,"tier":"","message":"","currency":"","rating":8},{"name":"Kissner's","phone":"4197821116","address":"524 Clinton St","lat":41.28415571745303,"lng":-84.36392784118652,"city_fetched":"Defiance","state":"OH","country":"United States","canonicalUrl":"https://foursquare.com/v/kissners/4b6079a2f964a52038e829e3","category":"American Restaurant","checkinsCount":1054,"usersCount":286,"tipCount":5,"visitsCount":1395,"url":"http://kissnersrestaurant.com","tier":2,"message":"Moderate","currency":"$","rating":7.8},{"name":"Miami & Erie Bar & Grill","phone":"4197820360","address":"406 Clinton St","lat":41.28564471564301,"lng":-84.36313095853106,"city_fetched":"Defiance","state":"OH","country":"United States","canonicalUrl":"https://foursquare.com/v/miami--erie-bar--grill/4bda1c7b3904a593712f459e","category":"Bar","checkinsCount":418,"usersCount":103,"tipCount":3,"visitsCount":470,"tier":"","message":"","currency":"","rating":6.5},{"name":"Spanky's","phone":"4197825121","address":"Clinton St.","lat":41.28796900183066,"lng":-84.36154872179031,"city_fetched":"Defiance","state":"OH","country":"United States","canonicalUrl":"https://foursquare.com/v/spankys/4ce48d6d76388cfa92c62403","category":"Bar","checkinsCount":504,"usersCount":95,"tipCount":2,"visitsCount":531,"tier":"","message":"","currency":"","rating":6.5},{"name":"The Station","address":"1121 Harrison Ave","lat":41.27834751,"lng":-84.37771,"city_fetched":"Defiance","state":"OH","country":"United States","canonicalUrl":"https://foursquare.com/v/the-station/4bda34d42a3a0f470e57aab6","category":"Bar","checkinsCount":575,"usersCount":126,"tipCount":5,"visitsCount":575,"tier":"","message":"","currency":"","rating":5.7}]