[{"name":"Blue Oasis","phone":"8303137088","lat":29.409603801701127,"lng":-100.90511438491608,"city_fetched":"Del Rio","state":"TX","country":"United States","canonicalUrl":"https://foursquare.com/v/blue-oasis/5272707911d27ce6a3b2c500","category":"Sports Bar","checkinsCount":149,"usersCount":98,"tipCount":5,"visitsCount":282,"tier":"","message":"","currency":"","rating":8},{"name":"White Horse Lounge","lat":29.386233806009393,"lng":-100.9048551688429,"city_fetched":"Del Rio","state":"TX","country":"United States","canonicalUrl":"https://foursquare.com/v/white-horse-lounge/4c7b12b281bca093f1940215","category":"Bar","checkinsCount":445,"usersCount":193,"tipCount":4,"visitsCount":500,"tier":"","message":"","currency":"","rating":7.1},{"name":"Bar el Corona.","address":"Hidalgo","lat":29.325647734416656,"lng":-100.93167949021827,"city_fetched":"Del Rio","state":"TX","country":"México","canonicalUrl":"https://foursquare.com/v/bar-el-corona/504aaeece4b015de6194f651","category":"Bar","checkinsCount":154,"usersCount":83,"tipCount":4,"visitsCount":162,"tier":"","message":"","currency":"","rating":6.6}]