[{"name":"La Parrilla Mexican Restaurant","phone":"3346717090","twitter":"laparrilla","address":"4771 Montgomery Highway","lat":31.26655,"lng":-85.44372,"city_fetched":"Dothan","state":"AL","country":"United States","canonicalUrl":"https://foursquare.com/v/la-parrilla-mexican-restaurant/4b9fd3f4f964a520594237e3","category":"Mexican Restaurant","checkinsCount":2465,"usersCount":1125,"tipCount":49,"visitsCount":3116,"url":"http://www.laparrilla.com","tier":2,"message":"Moderate","currency":"$","rating":9.1},{"name":"Fire Stone Wood Fired Pizza and Grill","phone":"3344461234","address":"250 S Oates St","lat":31.22128366,"lng":-85.39318972,"city_fetched":"Dothan","state":"AL","country":"United States","canonicalUrl":"https://foursquare.com/v/fire-stone-wood-fired-pizza-and-grill/4df3ab6922718759f820a575","category":"Pizza Place","checkinsCount":412,"usersCount":291,"tipCount":14,"visitsCount":613,"url":"http://www.firestonerestaurants.com","tier":2,"message":"Moderate","currency":"$","rating":8.7},{"name":"Folklore Brewing & Meadery","phone":"3347022337","address":"153 Mary Lou Ln","lat":31.149869337786562,"lng":-85.39547285105787,"city_fetched":"Dothan","state":"AL","country":"United States","canonicalUrl":"https://foursquare.com/v/folklore-brewing--meadery/529903d811d27c1924de0ac8","category":"Brewery","checkinsCount":98,"usersCount":94,"tipCount":7,"visitsCount":232,"url":"http://www.folklorebrewingandmeadery.com","tier":"","message":"","currency":"","rating":8.6},{"name":"Oak & Olive","phone":"3346996548","twitter":"oakandolive","address":"2620 Montgomery Hwy Ste 1","lat":31.24495830766634,"lng":-85.41975047736949,"city_fetched":"Dothan","state":"AL","country":"United States","canonicalUrl":"https://foursquare.com/v/oak--olive/4e6be182814dbfe20e574b53","category":"Lounge","checkinsCount":283,"usersCount":170,"tipCount":2,"visitsCount":372,"url":"http://oakandolivelounge.com","tier":"","message":"","currency":"","rating":8.6},{"name":"McLeod's Publick House","phone":"3346481912","address":"5540 W Main St","lat":31.240603825705374,"lng":-85.47901533913404,"city_fetched":"Dothan","state":"AL","country":"United States","canonicalUrl":"https://foursquare.com/v/mcleods-publick-house/50d5377be4b0f4383a465cf6","category":"Bar","checkinsCount":75,"usersCount":46,"tipCount":2,"visitsCount":85,"url":"http://mcleodspublickhouse.com","tier":"","message":"","currency":"","rating":8},{"name":"Houligan's","phone":"3346718822","address":"3611 Montgomery Hwy Ste 1","lat":31.25707237320083,"lng":-85.43401361626836,"city_fetched":"Dothan","state":"AL","country":"United States","canonicalUrl":"https://foursquare.com/v/houligans/4ba46adbf964a520159c38e3","category":"Bar","checkinsCount":367,"usersCount":126,"tipCount":8,"visitsCount":413,"tier":"","message":"","currency":"","rating":7.7},{"name":"Bullets","address":"176 S Foster St","lat":31.222352,"lng":-85.392144,"city_fetched":"Dothan","state":"AL","country":"United States","canonicalUrl":"https://foursquare.com/v/bullets/4b5bbb0af964a520d41229e3","category":"Bar","checkinsCount":399,"usersCount":84,"tipCount":3,"visitsCount":401,"tier":"","message":"","currency":"","rating":7.3},{"name":"Cowboys of Dothan","twitter":"cowboysofdothan","address":"4657 S Oates St","lat":31.160365033799675,"lng":-85.40214687866641,"city_fetched":"Dothan","state":"AL","country":"United States","canonicalUrl":"https://foursquare.com/v/cowboys-of-dothan/4be3556621d5a59360e81811","category":"Country Dance Club","checkinsCount":261,"usersCount":146,"tipCount":3,"visitsCount":266,"url":"http://www.cowboysofdothan.com","tier":"","message":"","currency":"","rating":7.2},{"name":"Slick Willies","address":"164 S Foster St","lat":31.222549932630425,"lng":-85.39228173082718,"city_fetched":"Dothan","state":"AL","country":"United States","canonicalUrl":"https://foursquare.com/v/slick-willies/4eec40db61af1accad53c169","category":"Bar","checkinsCount":380,"usersCount":116,"tipCount":2,"visitsCount":385,"tier":"","message":"","currency":"","rating":7.1},{"name":"Alabama Slammer Sports Bar","phone":"3346992494","address":"3011 Ross Clark Circle","lat":31.22414,"lng":-85.43319641666666,"city_fetched":"Dothan","state":"AL","country":"United States","canonicalUrl":"https://foursquare.com/v/alabama-slammer-sports-bar/4c86ed80e602b1f7a32dc47a","category":"Sports Bar","checkinsCount":156,"usersCount":93,"tipCount":6,"visitsCount":156,"tier":"","message":"","currency":"","rating":7},{"name":"TGI Fridays","phone":"3348361570","twitter":"tgifridays","address":"3370 Ross Clark Cir","lat":31.2414241,"lng":-85.42994817,"city_fetched":"Dothan","state":"AL","country":"United States","canonicalUrl":"https://foursquare.com/v/tgi-fridays/509d636d5d2463e871547fd2","category":"American Restaurant","checkinsCount":1936,"usersCount":889,"tipCount":18,"visitsCount":2394,"url":"http://tgifridays.com","tier":2,"message":"Moderate","currency":"$","rating":6.9},{"name":"KT's Tavern","address":"162 S Foster St","lat":31.22244111,"lng":-85.39213741666667,"city_fetched":"Dothan","state":"AL","country":"United States","canonicalUrl":"https://foursquare.com/v/kts-tavern/4e0554e718a8382643a68017","category":"Pub","checkinsCount":368,"usersCount":99,"tipCount":6,"visitsCount":390,"tier":"","message":"","currency":"","rating":6.6},{"name":"District Ultra Lounge","phone":"3346732623","address":"158 N Foster St","lat":31.224574633333333,"lng":-85.39200313333333,"city_fetched":"Dothan","state":"AL","country":"United States","canonicalUrl":"https://foursquare.com/v/district-ultra-lounge/4b5bdf8df964a520f31a29e3","category":"Nightclub","checkinsCount":310,"usersCount":152,"tipCount":7,"visitsCount":332,"tier":"","message":"","currency":"","rating":6.5}]