[{"name":"101 Beer Kitchen","phone":"6142101010","twitter":"101beerkitchen","address":"7509 Sawmill Rd","lat":40.11963161829702,"lng":-83.0922901116532,"city_fetched":"Dublin","state":"OH","country":"United States","canonicalUrl":"https://foursquare.com/v/101-beer-kitchen/5047b206e4b0aa9a70be622c","category":"Gastropub","checkinsCount":3855,"usersCount":2324,"tipCount":70,"visitsCount":5171,"url":"http://www.101beerkitchen.com","tier":2,"message":"Moderate","currency":"$","rating":8.8},{"name":"BJ's Restaurant and Brewhouse","phone":"6146599400","twitter":"bjsrestaurants","address":"5141 Tuttle Crossing Blvd","lat":40.07542787640358,"lng":-83.13317833192446,"neighborhood":"Tuttle","city_fetched":"Dublin","state":"OH","country":"United States","canonicalUrl":"https://foursquare.com/v/bjs-restaurant-and-brewhouse/4e25cb8b227197a9df0d1218","category":"American Restaurant","checkinsCount":7721,"usersCount":4468,"tipCount":73,"visitsCount":9936,"url":"http://t.co/bl46gcjDLN","tier":2,"message":"Moderate","currency":"$","rating":8.8},{"name":"The Pint Room","phone":"6148896558","twitter":"pintroomdublin","address":"4415 W Dublin Granville Rd","lat":40.09900282806406,"lng":-83.10623232543573,"city_fetched":"Dublin","state":"OH","country":"United States","canonicalUrl":"https://foursquare.com/v/the-pint-room/50d50d91e4b0ca3030e50312","category":"Bar","checkinsCount":3815,"usersCount":1681,"tipCount":39,"visitsCount":4576,"url":"http://pintroomdublin.com","tier":2,"message":"Moderate","currency":"$","rating":8.8},{"name":"Blue Ginger Asian Fusion Bistro","phone":"6147923888","address":"6234 Sawmill Rd","lat":40.09248553872218,"lng":-83.09123039245605,"city_fetched":"Dublin","state":"OH","country":"United States","canonicalUrl":"https://foursquare.com/v/blue-ginger-asian-fusion-bistro/4b902e45f964a520997a33e3","category":"Sushi Restaurant","checkinsCount":1805,"usersCount":747,"tipCount":27,"visitsCount":1830,"url":"http://bluegingerasian.com","tier":2,"message":"Moderate","currency":"$","rating":8.8},{"name":"Dublin Village Tavern","phone":"6147666250","address":"27 S High St","lat":40.099000716666666,"lng":-83.11382775,"city_fetched":"Dublin","state":"OH","country":"United States","canonicalUrl":"https://foursquare.com/v/dublin-village-tavern/4b11aa61f964a520c78123e3","category":"Pub","checkinsCount":2464,"usersCount":1374,"tipCount":26,"visitsCount":2659,"url":"http://thedublinvillagetavern.com","tier":"","message":"","currency":"","rating":8.4},{"name":"House of Japan","phone":"6147892224","address":"6153 Parkcenter Cir","lat":40.0772628006288,"lng":-83.13431203365326,"neighborhood":"Tuttle","city_fetched":"Dublin","state":"OH","country":"United States","canonicalUrl":"https://foursquare.com/v/house-of-japan/4b12fed7f964a520569223e3","category":"Japanese Restaurant","checkinsCount":3046,"usersCount":1639,"tipCount":24,"visitsCount":3390,"url":"http://www.houseofjapanohio.com","tier":3,"message":"Expensive","currency":"$","rating":8.2},{"name":"Lazy Chameleon Bar & Grill","phone":"6147928393","twitter":"lazychameleon1","address":"4028 Presidential Pkwy","lat":40.149263291041706,"lng":-83.09149362355518,"city_fetched":"Dublin","state":"OH","country":"United States","canonicalUrl":"https://foursquare.com/v/lazy-chameleon-bar--grill/4b5f2dbff964a52055ab29e3","category":"Bar","checkinsCount":1814,"usersCount":881,"tipCount":26,"visitsCount":1993,"tier":2,"message":"Moderate","currency":"$","rating":8.1},{"name":"Rusty Bucket Restaurant and Tavern","phone":"6148892594","twitter":"myrustybucket","address":"6726 Perimeter Loop Rd","lat":40.10348790314791,"lng":-83.1563728460327,"neighborhood":"Perimeter Center","city_fetched":"Dublin","state":"OH","country":"United States","canonicalUrl":"https://foursquare.com/v/rusty-bucket-restaurant-and-tavern/4b196daef964a5202ddd23e3","category":"American Restaurant","checkinsCount":2789,"usersCount":1719,"tipCount":39,"visitsCount":3494,"url":"http://www.myrustybucket.com/dublin","tier":2,"message":"Moderate","currency":"$","rating":8.1},{"name":"Matt the Miller's Tavern","phone":"6147999100","twitter":"mtmtavern","address":"6725 Avery Muirfield Dr","lat":40.1060471166013,"lng":-83.16075184200416,"city_fetched":"Dublin","state":"OH","country":"United States","canonicalUrl":"https://foursquare.com/mtmtavern","category":"Gastropub","checkinsCount":3379,"usersCount":2188,"tipCount":53,"visitsCount":4407,"url":"http://mtmtavern.com","tier":2,"message":"Moderate","currency":"$","rating":8},{"name":"Oscar's","phone":"6147923424","address":"94 N High St Ste 10","lat":40.10119612514452,"lng":-83.1139225884228,"city_fetched":"Dublin","state":"OH","country":"United States","canonicalUrl":"https://foursquare.com/v/oscars/4b50eeaaf964a520453927e3","category":"Italian Restaurant","checkinsCount":864,"usersCount":644,"tipCount":16,"visitsCount":1093,"url":"http://hdrestaurants.com","tier":3,"message":"Expensive","currency":"$","rating":8},{"name":"Brazenhead Irish Pub","phone":"6147923738","address":"56 N High St","lat":40.100602393382694,"lng":-83.11400771141052,"city_fetched":"Dublin","state":"OH","country":"United States","canonicalUrl":"https://foursquare.com/v/brazenhead-irish-pub/4b073bf3f964a5204afa22e3","category":"Irish Pub","checkinsCount":2766,"usersCount":1816,"tipCount":21,"visitsCount":3043,"url":"http://www.hdrestaurants.com","tier":2,"message":"Moderate","currency":"$","rating":7.9},{"name":"Yogi's Bar And Grill","phone":"6147981772","address":"5857 Karric Square Dr","lat":40.072726923973875,"lng":-83.12319695949554,"neighborhood":"Northwest Columbus","city_fetched":"Dublin","state":"OH","country":"United States","canonicalUrl":"https://foursquare.com/v/yogis-bar-and-grill/4b080ff5f964a5201e0323e3","category":"Sports Bar","checkinsCount":5200,"usersCount":1868,"tipCount":21,"visitsCount":6360,"url":"http://www.yogisdublin.com","tier":2,"message":"Moderate","currency":"$","rating":7.9},{"name":"Martino's Sports Bar & Grille","phone":"6147605575","twitter":"martinosbar","address":"6645 Dublin Center Dr","lat":40.10418828544234,"lng":-83.09544976843189,"city_fetched":"Dublin","state":"OH","country":"United States","canonicalUrl":"https://foursquare.com/v/martinos-sports-bar--grille/4b59f810f964a52098a428e3","category":"Sports Bar","checkinsCount":1740,"usersCount":507,"tipCount":7,"visitsCount":2017,"url":"http://www.martinosbar.com","tier":1,"message":"Cheap","currency":"$","rating":7.7},{"name":"The Bogey Bar & Grill","twitter":"thebogeyinn","address":"6013 Glick Rd","lat":40.15348381269501,"lng":-83.12903854947763,"city_fetched":"Dublin","state":"OH","country":"United States","canonicalUrl":"https://foursquare.com/v/the-bogey-bar--grill/4b410ce2f964a5201cc025e3","category":"Burger Joint","checkinsCount":2410,"usersCount":1281,"tipCount":19,"visitsCount":2897,"url":"http://bogeyinn.com","tier":2,"message":"Moderate","currency":"$","rating":7.5},{"name":"Average Joe's Taphouse","phone":"6143367765","address":"9890 Brewster Ln","lat":40.15508249060189,"lng":-83.09436512730316,"city_fetched":"Dublin","state":"OH","country":"United States","canonicalUrl":"https://foursquare.com/v/average-joes-taphouse/53407f87498e0cb3b541380b","category":"Sports Bar","checkinsCount":239,"usersCount":147,"tipCount":2,"visitsCount":393,"tier":"","message":"","currency":"","rating":7.3},{"name":"Yogi's","phone":"6147992660","address":"3880 Hard Rd","lat":40.11946727097382,"lng":-83.09298179083486,"city_fetched":"Dublin","state":"OH","country":"United States","canonicalUrl":"https://foursquare.com/v/yogis/501a063ce4b08cad90859f7b","category":"Bar","checkinsCount":2231,"usersCount":847,"tipCount":8,"visitsCount":2797,"tier":2,"message":"Moderate","currency":"$","rating":6.9},{"name":"Rendezvous","address":"2345 Sawmill Rd","lat":40.08572229593251,"lng":-83.09264119214988,"neighborhood":"Riverside","city_fetched":"Dublin","state":"OH","country":"United States","canonicalUrl":"https://foursquare.com/v/rendezvous/4c3a9d745810a5937576b93c","category":"Bar","checkinsCount":203,"usersCount":93,"tipCount":5,"visitsCount":209,"tier":"","message":"","currency":"","rating":6.8},{"name":"Vanity Gentlemen's Club","phone":"6147641700","twitter":"vanitycolumbus","address":"2880 Bethel Rd","lat":40.065466544645545,"lng":-83.09482099315265,"city_fetched":"Dublin","state":"OH","country":"United States","canonicalUrl":"https://foursquare.com/v/vanity-gentlemens-club/4bc021b84cdfc9b6818c9221","category":"Strip Club","checkinsCount":1042,"usersCount":441,"tipCount":13,"visitsCount":1063,"url":"http://vanitygentlemensclub.com","tier":"","message":"","currency":"","rating":6.7},{"name":"Dub Pub","phone":"6147612728","address":"5736 Frantz Rd","lat":40.07070600986481,"lng":-83.11849506666667,"neighborhood":"Northwest Columbus","city_fetched":"Dublin","state":"OH","country":"United States","canonicalUrl":"https://foursquare.com/v/dub-pub/4b0db127f964a520024e23e3","category":"Bar","checkinsCount":2506,"usersCount":974,"tipCount":18,"visitsCount":2584,"url":"http://www.dub-pub.com","tier":"","message":"","currency":"","rating":6.5},{"name":"Soccer First","phone":"6147930101","address":"6490 Dublin Park Dr","lat":40.10130929555362,"lng":-83.1850564923707,"city_fetched":"Dublin","state":"OH","country":"United States","canonicalUrl":"https://foursquare.com/v/soccer-first/4b301031f964a52063f524e3","category":"Soccer Stadium","checkinsCount":3263,"usersCount":679,"tipCount":5,"visitsCount":4064,"tier":"","message":"","currency":"","rating":6.2},{"name":"Flannagan's Dublin","phone":"6147667788","address":"6835 Caine Rd","lat":40.10637962521703,"lng":-83.09028625488281,"city_fetched":"Dublin","state":"OH","country":"United States","canonicalUrl":"https://foursquare.com/v/flannagans-dublin/4b9b93ddf964a520e01036e3","category":"Bar","checkinsCount":6365,"usersCount":1825,"tipCount":20,"visitsCount":6885,"url":"http://flannagans.com","tier":"","message":"","currency":"","rating":6.2},{"name":"Columbus Gold Gentlemen's Club","phone":"6147640500","twitter":"columbusgoldxxx","address":"5411 Bethel Sawmill Ctr","lat":40.065316816695166,"lng":-83.09428652942246,"city_fetched":"Dublin","state":"OH","country":"United States","canonicalUrl":"https://foursquare.com/v/columbus-gold-gentlemens-club/4bb6a6edf562ef3b548d3097","category":"Strip Club","checkinsCount":631,"usersCount":343,"tipCount":7,"visitsCount":634,"tier":"","message":"","currency":"","rating":6},{"name":"Classics","phone":"6147349520","address":"5490 Tuttle Crossing Blvd","lat":40.075609,"lng":-83.14295264,"neighborhood":"Tuttle West","city_fetched":"Dublin","state":"OH","country":"United States","canonicalUrl":"https://foursquare.com/v/classics/4b89efeef964a520655732e3","category":"Bar","checkinsCount":1714,"usersCount":636,"tipCount":12,"visitsCount":1918,"tier":2,"message":"Moderate","currency":"$","rating":5.8},{"name":"On The Rocks","phone":"6147179215","address":"5815 Karric Square Dr","lat":40.07581,"lng":-83.12426,"neighborhood":"Northwest Columbus","city_fetched":"Dublin","state":"OH","country":"United States","canonicalUrl":"https://foursquare.com/v/on-the-rocks/4b88965bf964a520aa0232e3","category":"Bar","checkinsCount":1512,"usersCount":613,"tipCount":14,"visitsCount":1589,"url":"http://www.ontherocksdublin.com","tier":2,"message":"Moderate","currency":"$","rating":5.8},{"name":"PJ's Pub","address":"4060 Presidential Pkwy","lat":40.149403516666666,"lng":-83.09209,"city_fetched":"Dublin","state":"OH","country":"United States","canonicalUrl":"https://foursquare.com/v/pjs-pub/4d4636f34e5d3704c0a4ff93","category":"Bar","checkinsCount":431,"usersCount":169,"tipCount":4,"visitsCount":436,"tier":"","message":"","currency":"","rating":5.4}]