[{"name":"Crock's Pub","address":"20199 E Pennsylvania Ave","lat":29.049686193466187,"lng":-82.45540271,"city_fetched":"Dunn","state":"FL","country":"United States","canonicalUrl":"https://foursquare.com/v/crocks-pub/4c2e8005213c2d7ff0552f5d","category":"Bar","checkinsCount":169,"usersCount":64,"tipCount":5,"visitsCount":171,"tier":"","message":"","currency":"","rating":7.7},{"name":"The Blue Gator of Dunnellon","phone":"3524651635","address":"12189 S Williams St","lat":29.045815,"lng":-82.464253,"city_fetched":"Dunn","state":"FL","country":"United States","canonicalUrl":"https://foursquare.com/v/the-blue-gator-of-dunnellon/4bbf7edeb492d13acbbea260","category":"Seafood Restaurant","checkinsCount":1077,"usersCount":735,"tipCount":22,"visitsCount":1390,"url":"http://www.blue-gator.com","tier":2,"message":"Moderate","currency":"$","rating":7.7},{"name":"Coach's Pub & Eatery","phone":"3524891484","address":"11582 N Williams St","lat":29.055745,"lng":-82.457746,"city_fetched":"Dunn","state":"FL","country":"United States","canonicalUrl":"https://foursquare.com/v/coachs-pub--eatery/4c4346e13735be9ab7331ba4","category":"Sports Bar","checkinsCount":209,"usersCount":116,"tipCount":5,"visitsCount":212,"tier":"","message":"","currency":"","rating":6.1}]