[{"name":"Galloway Grille","phone":"7155140751","address":"409 Galloway St","lat":44.81441259384155,"lng":-91.500796,"neighborhood":"Downtown Eau Claire","city_fetched":"Eau Claire","state":"WI","country":"United States","canonicalUrl":"https://foursquare.com/v/galloway-grille/4ba95bc0f964a520ba213ae3","category":"American Restaurant","checkinsCount":1280,"usersCount":435,"tipCount":20,"visitsCount":1363,"url":"http://www.gallowaygrille.com","tier":2,"message":"Moderate","currency":"$","rating":8.8},{"name":"Ray's Place","address":"838 Water St","lat":44.80233308727339,"lng":-91.51763097449553,"city_fetched":"Eau Claire","state":"WI","country":"United States","canonicalUrl":"https://foursquare.com/v/rays-place/4b5a6ec7f964a520c9c428e3","category":"Dive Bar","checkinsCount":919,"usersCount":518,"tipCount":15,"visitsCount":1124,"tier":"","message":"","currency":"","rating":8.7},{"name":"The Fire House","phone":"7155140406","address":"202 Gibson St","lat":44.811370811812424,"lng":-91.50077553005393,"neighborhood":"Downtown Eau Claire","city_fetched":"Eau Claire","state":"WI","country":"United States","canonicalUrl":"https://foursquare.com/v/the-fire-house/4c817c12e63376b0c772ad3d","category":"Bar","checkinsCount":3927,"usersCount":985,"tipCount":18,"visitsCount":4450,"url":"http://eauclairebar.com","tier":2,"message":"Moderate","currency":"$","rating":8.4},{"name":"Cancun","phone":"7155528011","address":"2120 Highland Ave","lat":44.807732016043396,"lng":-91.47019650567236,"city_fetched":"Eau Claire","state":"WI","country":"United States","canonicalUrl":"https://foursquare.com/v/cancun/4b79e5d5f964a52024192fe3","category":"Mexican Restaurant","checkinsCount":1107,"usersCount":577,"tipCount":17,"visitsCount":1346,"url":"http://cancunmexicangrillwi.com","tier":2,"message":"Moderate","currency":"$","rating":8.3},{"name":"Infinity Beverages Winery & Distillery","phone":"4023746542","address":"3460 Mall Dr","lat":44.814830165898925,"lng":-91.48948431015015,"city_fetched":"Eau Claire","state":"WI","country":"United States","canonicalUrl":"https://foursquare.com/v/infinity-beverages-winery--distillery/4f24604fe4b01dc94b922c79","category":"Winery","checkinsCount":277,"usersCount":87,"tipCount":2,"visitsCount":290,"url":"http://infinitybeverages.com","tier":"","message":"","currency":"","rating":8.2},{"name":"Mogies","address":"436 Water St","lat":44.80227232398666,"lng":-91.50925914325225,"city_fetched":"Eau Claire","state":"WI","country":"United States","canonicalUrl":"https://foursquare.com/v/mogies/4a64944ef964a5204ec61fe3","category":"Pub","checkinsCount":1574,"usersCount":767,"tipCount":19,"visitsCount":1663,"url":"http://mogiespub.com","tier":2,"message":"Moderate","currency":"$","rating":8.2},{"name":"Girolamo’s Court ‘n House","phone":"7158325478","address":"113 W Grand Ave","lat":44.8091760081543,"lng":-91.50369616080907,"city_fetched":"Eau Claire","state":"WI","country":"United States","canonicalUrl":"https://foursquare.com/v/girolamos-court-n-house/4a64a2b8f964a52065c61fe3","category":"Bar","checkinsCount":1241,"usersCount":582,"tipCount":19,"visitsCount":1648,"tier":1,"message":"Cheap","currency":"$","rating":8.1},{"name":"Lazy Monk Brewing","twitter":"lazymonkbrewing","address":"97 W Madison St","lat":44.815473284299046,"lng":-91.5089625120163,"neighborhood":"Cannery District","city_fetched":"Eau Claire","state":"WI","country":"United States","canonicalUrl":"https://foursquare.com/v/lazy-monk-brewing/4eb582a4e5e8743705159e38","category":"Brewery","checkinsCount":938,"usersCount":329,"tipCount":10,"visitsCount":1378,"url":"http://lazymonkbrewing.com","tier":"","message":"","currency":"","rating":8},{"name":"Dooley's Pub","phone":"7158342388","address":"442 Water St","lat":44.802336856859704,"lng":-91.50958528785318,"city_fetched":"Eau Claire","state":"WI","country":"United States","canonicalUrl":"https://foursquare.com/v/dooleys-pub/4a65060ef964a5202ec71fe3","category":"Pub","checkinsCount":3159,"usersCount":1230,"tipCount":29,"visitsCount":3616,"url":"http://dooleyspub.com","tier":2,"message":"Moderate","currency":"$","rating":8},{"name":"Stella Blues","phone":"7158557777","address":"306 E Madison St","lat":44.8164258515581,"lng":-91.50296362142002,"neighborhood":"Downtown Eau Claire","city_fetched":"Eau Claire","state":"WI","country":"United States","canonicalUrl":"https://foursquare.com/v/stella-blues/4a64f291f964a52009c71fe3","category":"Cajun / Creole Restaurant","checkinsCount":880,"usersCount":507,"tipCount":15,"visitsCount":897,"url":"http://stellablues.biz","tier":"","message":"","currency":"","rating":7.9},{"name":"Yankee Jack's","phone":"7158344050","address":"2300 W Princeton Ave","lat":44.84336795,"lng":-91.45404,"city_fetched":"Eau Claire","state":"WI","country":"United States","canonicalUrl":"https://foursquare.com/v/yankee-jacks/4c7709e15cd6b1f778fb3d94","category":"American Restaurant","checkinsCount":151,"usersCount":101,"tipCount":5,"visitsCount":167,"url":"http://www.yankeejacks.com","tier":2,"message":"Moderate","currency":"$","rating":7.8},{"name":"Wigwam Tavern","phone":"7158349061","address":"314 E Madison St","lat":44.816400861527285,"lng":-91.50239177680662,"neighborhood":"Downtown Eau Claire","city_fetched":"Eau Claire","state":"WI","country":"United States","canonicalUrl":"https://foursquare.com/v/wigwam-tavern/4bb6dbe66edc76b0f29d311c","category":"Dive Bar","checkinsCount":2476,"usersCount":563,"tipCount":12,"visitsCount":2768,"url":"http://wigwamtavern.com","tier":1,"message":"Cheap","currency":"$","rating":7.8},{"name":"The Joynt","phone":"7158356959","address":"322 Water St","lat":44.80221693685661,"lng":-91.50671151949489,"city_fetched":"Eau Claire","state":"WI","country":"United States","canonicalUrl":"https://foursquare.com/v/the-joynt/4a550e01f964a5209eb31fe3","category":"Bar","checkinsCount":5663,"usersCount":772,"tipCount":18,"visitsCount":5851,"tier":1,"message":"Cheap","currency":"$","rating":7.7},{"name":"Amber Inn","phone":"7158320568","address":"840 E Madison St","lat":44.81794774532318,"lng":-91.49557828903198,"city_fetched":"Eau Claire","state":"WI","country":"United States","canonicalUrl":"https://foursquare.com/v/amber-inn/4bd6392529eb9c7433da94e1","category":"Dive Bar","checkinsCount":237,"usersCount":120,"tipCount":5,"visitsCount":266,"tier":"","message":"","currency":"","rating":7.7},{"name":"The Brewing Projekt","address":"2000 N Oxford Ave","lat":44.81870729327646,"lng":-91.51004378518954,"city_fetched":"Eau Claire","state":"WI","country":"United States","canonicalUrl":"https://foursquare.com/v/the-brewing-projekt/5541795b498e1ce42b863c5c","category":"Brewery","checkinsCount":178,"usersCount":89,"tipCount":0,"visitsCount":203,"url":"http://www.thebrewingprojekt.com","tier":"","message":"","currency":"","rating":7.6},{"name":"Grizzly's Wood-Fired Grill & Steaks","phone":"7158326481","twitter":"ecgrizzlys","address":"4890 Golf Rd","lat":44.77807414194867,"lng":-91.4406162201643,"city_fetched":"Eau Claire","state":"WI","country":"United States","canonicalUrl":"https://foursquare.com/v/grizzlys-woodfired-grill--steaks/4b9be564f964a520da3236e3","category":"American Restaurant","checkinsCount":1613,"usersCount":945,"tipCount":18,"visitsCount":1966,"url":"http://grizzlysgrill.com","tier":2,"message":"Moderate","currency":"$","rating":7.5},{"name":"Clancy's","phone":"7158325481","address":"Barstow","lat":44.80961351729548,"lng":-91.4983843529955,"neighborhood":"Downtown Eau Claire","city_fetched":"Eau Claire","state":"WI","country":"United States","canonicalUrl":"https://foursquare.com/v/clancys/4b359b4ff964a5202d2e25e3","category":"Bar","checkinsCount":1101,"usersCount":333,"tipCount":5,"visitsCount":1123,"tier":1,"message":"Cheap","currency":"$","rating":7.4},{"name":"Playmaker's Bar & Grill","phone":"7158308292","address":"101 Graham Ave","lat":44.81184570453915,"lng":-91.50119612640202,"neighborhood":"Downtown Eau Claire","city_fetched":"Eau Claire","state":"WI","country":"United States","canonicalUrl":"https://foursquare.com/v/playmakers-bar--grill/4ccf5cd706b5468878afd494","category":"Sports Bar","checkinsCount":1803,"usersCount":511,"tipCount":17,"visitsCount":1860,"url":"http://www.playmakerseauclaire.com","tier":"","message":"","currency":"","rating":7.4},{"name":"From The Vine Wine Room","phone":"7158338989","address":"2526 Golf Rd","lat":44.771929185618156,"lng":-91.46414282091435,"city_fetched":"Eau Claire","state":"WI","country":"United States","canonicalUrl":"https://foursquare.com/v/from-the-vine-wine-room/4e42fdbd7d8b2eefb3b1fb05","category":"Wine Bar","checkinsCount":596,"usersCount":127,"tipCount":5,"visitsCount":608,"url":"http://fromthevineftv.com","tier":"","message":"","currency":"","rating":7.3},{"name":"Wagner's Lanes","phone":"7158336701","address":"2159 Brackett Ave","lat":44.79907799452609,"lng":-91.46980927079937,"city_fetched":"Eau Claire","state":"WI","country":"United States","canonicalUrl":"https://foursquare.com/v/wagners-lanes/4b83363bf964a5209afd30e3","category":"Bowling Alley","checkinsCount":1635,"usersCount":551,"tipCount":6,"visitsCount":2003,"tier":"","message":"","currency":"","rating":7.1},{"name":"Stones Throw","phone":"7155525882","address":"304 Eau Claire St","lat":44.812151,"lng":-91.500274,"neighborhood":"Downtown Eau Claire","city_fetched":"Eau Claire","state":"WI","country":"United States","canonicalUrl":"https://foursquare.com/v/stones-throw/4de847c045dde4a28d4cff5a","category":"Bar","checkinsCount":385,"usersCount":216,"tipCount":6,"visitsCount":424,"url":"http://www.thestonesthrow.com","tier":"","message":"","currency":"","rating":7.1},{"name":"Big T's Saloon","lat":44.81935922438628,"lng":-91.51339049178277,"city_fetched":"Eau Claire","state":"Wisconsin","country":"United States","canonicalUrl":"https://foursquare.com/v/big-ts-saloon/4d69d4bc6297721e072aceb5","category":"Bar","checkinsCount":260,"usersCount":85,"tipCount":2,"visitsCount":326,"tier":"","message":"","currency":"","rating":7.1},{"name":"The Fox Run","address":"1515 S 65th Ave","lat":44.83357354562066,"lng":-91.3973874317987,"city_fetched":"Eau Claire","state":"WI","country":"United States","canonicalUrl":"https://foursquare.com/v/the-fox-run/4f00efaebe7bbcd4f49a223e","category":"Bar","checkinsCount":300,"usersCount":161,"tipCount":0,"visitsCount":402,"tier":"","message":"","currency":"","rating":7},{"name":"Scooter's","address":"411 Galloway St","lat":44.81432220475256,"lng":-91.50079915895263,"neighborhood":"Downtown Eau Claire","city_fetched":"Eau Claire","state":"WI","country":"United States","canonicalUrl":"https://foursquare.com/v/scooters/4dbd023a6a23e294ba3cf0ca","category":"Gay Bar","checkinsCount":1609,"usersCount":370,"tipCount":7,"visitsCount":1732,"tier":"","message":"","currency":"","rating":6.9},{"name":"El Patio","phone":"7158558590","address":"228 Water St","lat":44.802347648974816,"lng":-91.5048635236853,"city_fetched":"Eau Claire","state":"WI","country":"United States","canonicalUrl":"https://foursquare.com/v/el-patio/4a649693f964a52053c61fe3","category":"Mexican Restaurant","checkinsCount":1368,"usersCount":507,"tipCount":19,"visitsCount":1387,"tier":1,"message":"Cheap","currency":"$","rating":6.8},{"name":"Hallie Bar & Grill","phone":"7158613870","address":"1713 County Highway Oo","lat":44.86803535510096,"lng":-91.45027735977239,"city_fetched":"Eau Claire","state":"WI","country":"United States","canonicalUrl":"https://foursquare.com/v/hallie-bar--grill/4c241908f7ced13ab264226d","category":"Bar","checkinsCount":891,"usersCount":203,"tipCount":4,"visitsCount":1020,"tier":"","message":"","currency":"","rating":6.7},{"name":"Stella's Red Room","phone":"7158550000","address":"302 E Madison St","lat":44.81639969,"lng":-91.50310203333333,"neighborhood":"Downtown Eau Claire","city_fetched":"Eau Claire","state":"WI","country":"United States","canonicalUrl":"https://foursquare.com/v/stellas-red-room/4bb6c50c2f70c9b6fefe8530","category":"Pub","checkinsCount":792,"usersCount":259,"tipCount":4,"visitsCount":808,"tier":"","message":"","currency":"","rating":6.5},{"name":"The Livery","phone":"7158337666","address":"316 Wisconsin St","lat":44.815666046612755,"lng":-91.50221219081901,"neighborhood":"Downtown Eau Claire","city_fetched":"Eau Claire","state":"WI","country":"United States","canonicalUrl":"https://foursquare.com/v/the-livery/4bb6b90046d4a59381bcc6c0","category":"Whisky Bar","checkinsCount":2809,"usersCount":1206,"tipCount":23,"visitsCount":3221,"url":"http://theliveryec.com","tier":2,"message":"Moderate","currency":"$","rating":6.3},{"name":"The Depot","lat":44.81639206409454,"lng":-91.5034532546997,"neighborhood":"Downtown Eau Claire","city_fetched":"Eau Claire","state":"WI","country":"United States","canonicalUrl":"https://foursquare.com/v/the-depot/4be366cad27a20a12935925b","category":"Bar","checkinsCount":627,"usersCount":115,"tipCount":1,"visitsCount":638,"tier":"","message":"","currency":"","rating":6.3},{"name":"Shots Bar & Grill","address":"2112 Esmond Rd","lat":44.79686000845557,"lng":-91.46553575342604,"city_fetched":"Eau Claire","state":"WI","country":"United States","canonicalUrl":"https://foursquare.com/v/shots-bar--grill/4e1de7831838f4ab744318e7","category":"Bar","checkinsCount":703,"usersCount":179,"tipCount":5,"visitsCount":786,"tier":"","message":"","currency":"","rating":6.3},{"name":"Houligan's Steak & Seafood","phone":"7158356621","address":"415 S Barstow St","lat":44.80960884454458,"lng":-91.4981746673584,"neighborhood":"Downtown Eau Claire","city_fetched":"Eau Claire","state":"WI","country":"United States","canonicalUrl":"https://foursquare.com/v/houligans-steak--seafood/4b546bd3f964a520adba27e3","category":"Steakhouse","checkinsCount":437,"usersCount":273,"tipCount":3,"visitsCount":451,"tier":3,"message":"Expensive","currency":"$","rating":6.3},{"name":"Grand Illusion","phone":"7158357797","address":"418 Water St","lat":44.80225534990272,"lng":-91.50847451569616,"city_fetched":"Eau Claire","state":"WI","country":"United States","canonicalUrl":"https://foursquare.com/v/grand-illusion/4a64f4abf964a5200dc71fe3","category":"Bar","checkinsCount":2592,"usersCount":610,"tipCount":17,"visitsCount":2661,"tier":2,"message":"Moderate","currency":"$","rating":6.2},{"name":"TGI Fridays","phone":"7158301424","twitter":"tgifridays","address":"4800 Golf Rd","lat":44.77628101,"lng":-91.44093712,"city_fetched":"Eau Claire","state":"WI","country":"United States","canonicalUrl":"https://foursquare.com/v/tgi-fridays/4c3f7c1dbb2d9c7459e67dd6","category":"American Restaurant","checkinsCount":2557,"usersCount":1000,"tipCount":13,"visitsCount":2701,"url":"http://tgifridays.com","tier":2,"message":"Moderate","currency":"$","rating":6.2},{"name":"Double Day's Sports Bar & Grill","phone":"7158332255","address":"3020 London Rd","lat":44.78808381012512,"lng":-91.46351955736485,"city_fetched":"Eau Claire","state":"WI","country":"United States","canonicalUrl":"https://foursquare.com/v/double-days-sports-bar--grill/4c101adbf1b6a593df5f7b27","category":"Bar","checkinsCount":763,"usersCount":352,"tipCount":3,"visitsCount":920,"tier":"","message":"","currency":"","rating":6.2},{"name":"VFW","phone":"7155528438","address":"1300 Starr Ave","lat":44.830532347259,"lng":-91.47994464778189,"city_fetched":"Eau Claire","state":"WI","country":"United States","canonicalUrl":"https://foursquare.com/v/vfw/4b358bcef964a520d72d25e3","category":"Dive Bar","checkinsCount":525,"usersCount":219,"tipCount":6,"visitsCount":806,"tier":"","message":"","currency":"","rating":6.2},{"name":"O'Leary's Pub","address":"809 W Clairemont Ave","lat":44.792386231177666,"lng":-91.51022813086344,"city_fetched":"Eau Claire","state":"WI","country":"United States","canonicalUrl":"https://foursquare.com/v/olearys-pub/4bd8f6312e6f0f4729630908","category":"Bar","checkinsCount":606,"usersCount":317,"tipCount":2,"visitsCount":629,"tier":"","message":"","currency":"","rating":6.2},{"name":"Pioneer Tavern","phone":"7158324455","address":"401 Water St","lat":44.8021011,"lng":-91.50780916213989,"city_fetched":"Eau Claire","state":"WI","country":"United States","canonicalUrl":"https://foursquare.com/v/pioneer-tavern/4b5a6f0af964a520dec428e3","category":"Bar","checkinsCount":3626,"usersCount":785,"tipCount":11,"visitsCount":3693,"tier":"","message":"","currency":"","rating":6},{"name":"The Mousetrap","phone":"7158328418","address":"311 S Barstow St","lat":44.810530058764016,"lng":-91.4989372417399,"neighborhood":"Downtown Eau Claire","city_fetched":"Eau Claire","state":"WI","country":"United States","canonicalUrl":"https://foursquare.com/v/the-mousetrap/4be8b0ec88ed2d7fb03dcc1d","category":"Bar","checkinsCount":1142,"usersCount":454,"tipCount":4,"visitsCount":1243,"tier":1,"message":"Cheap","currency":"$","rating":6},{"name":"Shenannigans","phone":"7158368333","address":"415 Water St","lat":44.80202882908168,"lng":-91.50859740821895,"city_fetched":"Eau Claire","state":"WI","country":"United States","canonicalUrl":"https://foursquare.com/v/shenannigans/4ba1b0bdf964a5202bc837e3","category":"Nightclub","checkinsCount":2242,"usersCount":645,"tipCount":10,"visitsCount":2270,"tier":"","message":"","currency":"","rating":6},{"name":"Maple Lounge & Cafe","phone":"7158342618","address":"2507 S Hastings Way","lat":44.793726,"lng":-91.458181,"city_fetched":"Eau Claire","state":"WI","country":"United States","canonicalUrl":"https://foursquare.com/v/maple-lounge--cafe/4d59373523e0a093312c4249","category":"Bar","checkinsCount":221,"usersCount":98,"tipCount":3,"visitsCount":281,"url":"http://www.themaplemanor.com","tier":"","message":"","currency":"","rating":6},{"name":"Missy's","phone":"7158313922","address":"1705 County Road OO","lat":44.86786403630925,"lng":-91.45038120414394,"city_fetched":"Eau Claire","state":"WI","country":"United States","canonicalUrl":"https://foursquare.com/v/missys/4f9cdc8de4b0de62684262a6","category":"Bar","checkinsCount":448,"usersCount":126,"tipCount":3,"visitsCount":504,"tier":"","message":"","currency":"","rating":5.9},{"name":"Happy Hollow Tavern","phone":"7158322826","address":"1628 N Hillcrest Pkwy","lat":44.79609651863579,"lng":-91.43739790010935,"city_fetched":"Eau Claire","state":"WI","country":"United States","canonicalUrl":"https://foursquare.com/v/happy-hollow-tavern/4bbd506fa0a0c9b6a8931b0f","category":"Bar","checkinsCount":2109,"usersCount":649,"tipCount":12,"visitsCount":2634,"tier":1,"message":"Cheap","currency":"$","rating":5.8},{"name":"Hobbsy & Me","address":"3620 Locust Ln","lat":44.86039886385492,"lng":-91.45804750550953,"city_fetched":"Eau Claire","state":"WI","country":"United States","canonicalUrl":"https://foursquare.com/v/hobbsy--me/4bba45b798c7ef3b9de83202","category":"Bar","checkinsCount":280,"usersCount":125,"tipCount":1,"visitsCount":419,"tier":"","message":"","currency":"","rating":5.8},{"name":"Do Dodge Inn","address":"101-199 S Michigan St","lat":44.79920197858134,"lng":-91.53262021290026,"city_fetched":"Eau Claire","state":"WI","country":"United States","canonicalUrl":"https://foursquare.com/v/do-dodge-inn/4ce5ab29678aa09307bdd7ea","category":"Bar","checkinsCount":556,"usersCount":144,"tipCount":6,"visitsCount":580,"tier":"","message":"","currency":"","rating":5.8},{"name":"Tailgates Sports Bar","phone":"7155521733","address":"1505 N Clairemont Ave","lat":44.81507702026466,"lng":-91.53973838966844,"city_fetched":"Eau Claire","state":"WI","country":"United States","canonicalUrl":"https://foursquare.com/v/tailgates-sports-bar/4bc902b7511f9521f6f2acc7","category":"Sports Bar","checkinsCount":1378,"usersCount":355,"tipCount":5,"visitsCount":1510,"tier":"","message":"","currency":"","rating":5.7},{"name":"Idlewild","address":"Seymour rd","lat":44.8252495,"lng":-91.46637439727783,"city_fetched":"Eau Claire","state":"WI","country":"United States","canonicalUrl":"https://foursquare.com/v/idlewild/4bbdfe418ec3d13aecb81c28","category":"Dive Bar","checkinsCount":211,"usersCount":96,"tipCount":1,"visitsCount":357,"tier":"","message":"","currency":"","rating":5.7},{"name":"The House Of Rock","phone":"7158380158","address":"422 Water St","lat":44.80227121082424,"lng":-91.50871557443895,"city_fetched":"Eau Claire","state":"WI","country":"United States","canonicalUrl":"https://foursquare.com/v/the-house-of-rock/4bd63a547b1876b0e84a8c86","category":"Bar","checkinsCount":1294,"usersCount":378,"tipCount":8,"visitsCount":1307,"tier":"","message":"","currency":"","rating":5.7},{"name":"Miami Steve's Grill & Bar","phone":"7158352485","address":"1807 N Clairemont Ave","lat":44.81749217384048,"lng":-91.54099660885358,"city_fetched":"Eau Claire","state":"WI","country":"United States","canonicalUrl":"https://foursquare.com/v/miami-steves-grill--bar/52647479498efbb22ae86ace","category":"Bar","checkinsCount":203,"usersCount":70,"tipCount":4,"visitsCount":275,"tier":2,"message":"Moderate","currency":"$","rating":5.6}]