[{"name":"Greek Bros. Oyster Bar & Grill","phone":"9795431757","twitter":"greekbros","address":"133 S Mechanic St","lat":29.19469138632797,"lng":-96.26798987388611,"city_fetched":"El Campo","state":"TX","country":"United States","canonicalUrl":"https://foursquare.com/v/greek-bros-oyster-bar--grill/4c06b7f58b4520a13ad88597","category":"Greek Restaurant","checkinsCount":559,"usersCount":232,"tipCount":6,"visitsCount":667,"url":"http://greekbros.com","tier":2,"message":"Moderate","currency":"$","rating":7.9}]