[{"name":"Plaza Theatre","phone":"9152311100","twitter":"elpasolive","address":"125 Pioneer Plaza","lat":31.75853936529329,"lng":-106.48934386366348,"neighborhood":"Downtown El Paso","city_fetched":"El Paso","state":"TX","country":"United States","canonicalUrl":"https://foursquare.com/v/plaza-theatre/4bcb4d25cc8cd13a8514bfcf","category":"Theater","checkinsCount":2279,"usersCount":1109,"tipCount":10,"visitsCount":2441,"url":"http://elpasolive.com","tier":"","message":"","currency":"","rating":9.3},{"name":"Ode Brewing Co.","phone":"9155551234","address":"3233 N Mesa St Ste 301","lat":31.78240172671064,"lng":-106.50660252580393,"city_fetched":"El Paso","state":"TX","country":"United States","canonicalUrl":"https://foursquare.com/v/ode-brewing-co/56044db4498e0ef441980bb6","category":"Brewery","checkinsCount":126,"usersCount":173,"tipCount":6,"visitsCount":256,"tier":"","message":"","currency":"","rating":9.1},{"name":"The Hoppy Monk","phone":"9153073263","twitter":"thehoppymonk","address":"4141 N Mesa St","lat":31.792574,"lng":-106.508739,"city_fetched":"El Paso","state":"TX","country":"United States","canonicalUrl":"https://foursquare.com/v/the-hoppy-monk/4ce31beb7e9b721e5bac34f1","category":"Bar","checkinsCount":5200,"usersCount":2499,"tipCount":56,"visitsCount":6615,"url":"http://www.thehoppymonk.com","tier":2,"message":"Moderate","currency":"$","rating":9},{"name":"Bowie Feathers","address":"209 S El Paso St","lat":31.757199017999504,"lng":-106.48888365201208,"neighborhood":"Downtown El Paso","city_fetched":"El Paso","state":"TX","country":"United States","canonicalUrl":"https://foursquare.com/v/bowie-feathers/4e703ab6d22d2dfc3191fa65","category":"Lounge","checkinsCount":2079,"usersCount":460,"tipCount":10,"visitsCount":2101,"tier":"","message":"","currency":"","rating":8.9},{"name":"Aceitunas Beer Garden","phone":"9158452277","address":"5200 Doniphan Dr","lat":31.849191675486036,"lng":-106.58258020877838,"neighborhood":"Roberts","city_fetched":"El Paso","state":"TX","country":"United States","canonicalUrl":"https://foursquare.com/v/aceitunas-beer-garden/4b7f8b7ef964a520ce3330e3","category":"Bar","checkinsCount":2335,"usersCount":820,"tipCount":9,"visitsCount":2701,"url":"http://www.aceitunaselpaso.com","tier":"","message":"","currency":"","rating":8.9},{"name":"Kentucky Club Bar And Grill","address":"629 Ave. Juárez","lat":31.74416859253377,"lng":-106.48607063015974,"city_fetched":"El Paso","state":"Chihuahua","country":"México","canonicalUrl":"https://foursquare.com/v/kentucky-club-bar-and-grill/4e2c714ab61cd010837fe032","category":"Bar","checkinsCount":1190,"usersCount":1122,"tipCount":15,"visitsCount":2117,"tier":"","message":"","currency":"","rating":8.9},{"name":"Hope and Anchor","phone":"9155338010","twitter":"hope_and_anchor","address":"4012 N Mesa St","lat":31.788446286881403,"lng":-106.50663704454217,"neighborhood":"Mission Hills South","city_fetched":"El Paso","state":"TX","country":"United States","canonicalUrl":"https://foursquare.com/v/hope-and-anchor/4b5ce1dcf964a5201b4929e3","category":"Bar","checkinsCount":5721,"usersCount":1979,"tipCount":45,"visitsCount":6793,"url":"http://hopeandanchorelpaso.com","tier":2,"message":"Moderate","currency":"$","rating":8.8},{"name":"Los Bandidos De Carlos & Mickey's","phone":"9157783323","address":"1310 Magruder St","lat":31.786296337811336,"lng":-106.41702249863725,"city_fetched":"El Paso","state":"TX","country":"United States","canonicalUrl":"https://foursquare.com/v/los-bandidos-de-carlos--mickeys/4b736827f964a520f6ac2de3","category":"Mexican Restaurant","checkinsCount":4070,"usersCount":3008,"tipCount":53,"visitsCount":5027,"tier":2,"message":"Moderate","currency":"$","rating":8.8},{"name":"Blackbird Cantina Deluxe","address":"533 W Franklin Ave","lat":31.758641264846013,"lng":-106.49482621228522,"neighborhood":"Downtown El Paso","city_fetched":"El Paso","state":"TX","country":"United States","canonicalUrl":"https://foursquare.com/v/blackbird-cantina-deluxe/544c126a498e4a2ee4fe5e9f","category":"Beer Garden","checkinsCount":314,"usersCount":290,"tipCount":4,"visitsCount":622,"tier":"","message":"","currency":"","rating":8.7},{"name":"El Rey","lat":31.730230608819383,"lng":-106.41000105887531,"city_fetched":"El Paso","country":"México","canonicalUrl":"https://foursquare.com/v/el-rey/55cd7a96498e24c4e6c82d12","category":"Bar","checkinsCount":214,"usersCount":81,"tipCount":2,"visitsCount":238,"tier":"","message":"","currency":"","rating":8.7},{"name":"Steveo's Eat&Drink","address":"1491 N Lee Trevino Dr Ste B","lat":31.75053520803043,"lng":-106.3191694487442,"city_fetched":"El Paso","state":"TX","country":"United States","canonicalUrl":"https://foursquare.com/v/steveos-eatdrink/51ad23ef498e65ee3baff1a7","category":"Gastropub","checkinsCount":592,"usersCount":550,"tipCount":26,"visitsCount":1070,"tier":2,"message":"Moderate","currency":"$","rating":8.7},{"name":"Block Table & Tap","phone":"9153510775","address":"4172 N Mesa St","lat":31.794074527410924,"lng":-106.50950787266886,"city_fetched":"El Paso","state":"TX","country":"United States","canonicalUrl":"https://foursquare.com/v/block-table--tap/51a95330498e290a1473d535","category":"Cocktail Bar","checkinsCount":504,"usersCount":379,"tipCount":10,"visitsCount":751,"tier":2,"message":"Moderate","currency":"$","rating":8.6},{"name":"Ripe Eatery & Market","phone":"9155847473","twitter":"ripeeatery","address":"910 E Redd Rd Ste A","lat":31.862249551250528,"lng":-106.54844336309812,"city_fetched":"El Paso","state":"TX","country":"United States","canonicalUrl":"https://foursquare.com/v/ripe-eatery--market/4b772758f964a520ed822ee3","category":"Gastropub","checkinsCount":1732,"usersCount":1002,"tipCount":29,"visitsCount":2644,"url":"http://www.eatripe.com","tier":2,"message":"Moderate","currency":"$","rating":8.6},{"name":"Craft And Social","phone":"9152197141","twitter":"craftandsocial","address":"305 E Franklin Ave","lat":31.76172793609275,"lng":-106.48802075787668,"neighborhood":"Downtown El Paso","city_fetched":"El Paso","state":"TX","country":"United States","canonicalUrl":"https://foursquare.com/v/craft-and-social/52d0adcb498e7a01638c3370","category":"Pub","checkinsCount":393,"usersCount":207,"tipCount":5,"visitsCount":473,"url":"http://craftandsocial.com","tier":2,"message":"Moderate","currency":"$","rating":8.6},{"name":"Later Later","lat":31.758601184309118,"lng":-106.4955855834647,"neighborhood":"Downtown El Paso","city_fetched":"El Paso","state":"TX","country":"United States","canonicalUrl":"https://foursquare.com/v/later-later/5691d463498ed05fb862c4a7","category":"Bar","checkinsCount":125,"usersCount":209,"tipCount":2,"visitsCount":385,"tier":"","message":"","currency":"","rating":8.6},{"name":"BJ's Restaurant and Brewhouse","phone":"9156338300","twitter":"bjsrestaurants","address":"11905 Gateway Blvd W","lat":31.72431613,"lng":-106.3074231,"city_fetched":"El Paso","state":"TX","country":"United States","canonicalUrl":"https://foursquare.com/v/bjs-restaurant-and-brewhouse/4ba15f7df964a5203ab137e3","category":"American Restaurant","checkinsCount":4800,"usersCount":2507,"tipCount":45,"visitsCount":5808,"url":"http://t.co/bl46gcjDLN","tier":2,"message":"Moderate","currency":"$","rating":8.6},{"name":"Joe, Vinny & Bronson's Cafe","phone":"9158010475","address":"824 Piedras","lat":31.78253,"lng":-106.46137,"neighborhood":"Five Points East","city_fetched":"El Paso","state":"TX","country":"United States","canonicalUrl":"https://foursquare.com/v/joe-vinny--bronsons-cafe/4fd3efdde4b0d14240578662","category":"Lounge","checkinsCount":1032,"usersCount":248,"tipCount":5,"visitsCount":1116,"tier":1,"message":"Cheap","currency":"$","rating":8.5},{"name":"Dave & Buster's","address":"6101 Gateway Bvld. West Ste. 2006","lat":31.784158318251784,"lng":-106.41165144963378,"city_fetched":"El Paso","state":"TX","country":"United States","canonicalUrl":"https://foursquare.com/v/dave--busters/5706e971498e709b533a7baa","category":"Restaurant","checkinsCount":242,"usersCount":265,"tipCount":2,"visitsCount":450,"tier":"","message":"","currency":"","rating":8.4},{"name":"The Briar Patch","phone":"9155779555","address":"508 N Stanton St","lat":31.76204647213755,"lng":-106.48825086263368,"neighborhood":"Downtown El Paso","city_fetched":"El Paso","state":"TX","country":"United States","canonicalUrl":"https://foursquare.com/v/the-briar-patch/4bb832c2314e95216d4a489d","category":"Gay Bar","checkinsCount":3253,"usersCount":688,"tipCount":18,"visitsCount":3444,"tier":2,"message":"Moderate","currency":"$","rating":8.4},{"name":"La Casa Del Puro","phone":"9156265625","address":"216 W Franklin Ave","lat":31.759443874326205,"lng":-106.49122953414917,"neighborhood":"Downtown El Paso","city_fetched":"El Paso","state":"TX","country":"United States","canonicalUrl":"https://foursquare.com/v/la-casa-del-puro/4e18bfa162e12640d8791667","category":"Lounge","checkinsCount":576,"usersCount":105,"tipCount":5,"visitsCount":606,"url":"http://cigarselpaso.com","tier":"","message":"","currency":"","rating":8.4},{"name":"El Recreo","address":"Ave. Juárez","lat":31.739115914126106,"lng":-106.47968538270827,"city_fetched":"El Paso","state":"Chihuahua","country":"México","canonicalUrl":"https://foursquare.com/v/el-recreo/4d69e302342b8cfa8af5cf2c","category":"Pub","checkinsCount":126,"usersCount":73,"tipCount":3,"visitsCount":141,"tier":"","message":"","currency":"","rating":8.3},{"name":"The Greenery","phone":"9155846706","address":"Sunland Park Mall","lat":31.815438204557204,"lng":-106.54532432556152,"city_fetched":"El Paso","state":"TX","country":"United States","canonicalUrl":"https://foursquare.com/v/the-greenery/4b6b95f7f964a52056112ce3","category":"Wine Bar","checkinsCount":1187,"usersCount":711,"tipCount":20,"visitsCount":1279,"url":"http://www.gotogreenery.com","tier":"","message":"","currency":"","rating":8.3},{"name":"The Pot au Feu","phone":"9155038158","twitter":"thepotaufeu","address":"307 E Franklin Ave","lat":31.761706191692145,"lng":-106.48798942565918,"neighborhood":"Downtown El Paso","city_fetched":"El Paso","state":"TX","country":"United States","canonicalUrl":"https://foursquare.com/v/the-pot-au-feu/4b6b7e6cf964a520570c2ce3","category":"Bistro","checkinsCount":430,"usersCount":272,"tipCount":12,"visitsCount":441,"url":"http://potaufeuelpaso.com","tier":2,"message":"Moderate","currency":"$","rating":8.2},{"name":"Rubiks Arcade Bar","address":"4025 N Mesa St","lat":31.789225691971467,"lng":-106.507695621919,"city_fetched":"El Paso","state":"TX","country":"United States","canonicalUrl":"https://foursquare.com/v/rubiks-arcade-bar/55160741498ef850f1f9a4c2","category":"Bar","checkinsCount":243,"usersCount":274,"tipCount":5,"visitsCount":489,"tier":"","message":"","currency":"","rating":8.2},{"name":"Tricky Falls","address":"209 S El Paso St","lat":31.757176016499994,"lng":-106.48889515729108,"neighborhood":"Downtown El Paso","city_fetched":"El Paso","state":"TX","country":"United States","canonicalUrl":"https://foursquare.com/v/tricky-falls/4e568980196b1bee32e01ea8","category":"Rock Club","checkinsCount":1784,"usersCount":802,"tipCount":9,"visitsCount":1886,"tier":"","message":"","currency":"","rating":8.2},{"name":"Maverick's","phone":"9155846075","address":"126 Shadow Mountain Dr","lat":31.829456607878303,"lng":-106.52602020535159,"neighborhood":"Upper Mesa Hills","city_fetched":"El Paso","state":"TX","country":"United States","canonicalUrl":"https://foursquare.com/v/mavericks/4b5e7267f964a520158f29e3","category":"Bar","checkinsCount":784,"usersCount":163,"tipCount":9,"visitsCount":901,"url":"http://mavericksbarandgrill.com","tier":2,"message":"Moderate","currency":"$","rating":8.1},{"name":"Magnolia Nightclub","address":"Av. San Lorenzo","lat":31.726225343952525,"lng":-106.42415344224763,"city_fetched":"El Paso","state":"Chihuahua","country":"México","canonicalUrl":"https://foursquare.com/v/magnolia-nightclub/5667b128498e82b1c0feafe2","category":"Nightclub","checkinsCount":104,"usersCount":249,"tipCount":3,"visitsCount":423,"tier":"","message":"","currency":"","rating":8.1},{"name":"Clasico Kitchen Bar","phone":"9155999133","twitter":"clasicokitchen","address":"9615 Montana Ave","lat":31.79518527258159,"lng":-106.35727600189722,"city_fetched":"El Paso","state":"TX","country":"United States","canonicalUrl":"https://foursquare.com/v/clasico-kitchen-bar/4eab7829e5fa45480e1b0419","category":"Mexican Restaurant","checkinsCount":702,"usersCount":528,"tipCount":5,"visitsCount":1140,"url":"http://clasicokitchen.com","tier":2,"message":"Moderate","currency":"$","rating":8.1},{"name":"Brew Sports Pub and Grill","phone":"9158567477","twitter":"brewsportspub","address":"1441 N Zaragoza Rd","lat":31.736193770254438,"lng":-106.29377670203006,"city_fetched":"El Paso","state":"TX","country":"United States","canonicalUrl":"https://foursquare.com/v/brew-sports-pub-and-grill/5342478a498e2744c45dc627","category":"Pub","checkinsCount":186,"usersCount":142,"tipCount":2,"visitsCount":303,"url":"http://brewsportspub.com","tier":"","message":"","currency":"","rating":8.1},{"name":"Mulligan's Shot Bar","phone":"9156338306","twitter":"mulliganseast","address":"1815 Trawood Dr","lat":31.764005538028997,"lng":-106.34090926068718,"city_fetched":"El Paso","state":"TX","country":"United States","canonicalUrl":"https://foursquare.com/v/mulligans-shot-bar/4c2d63a57d85a5931fa652f3","category":"Sports Bar","checkinsCount":3220,"usersCount":609,"tipCount":8,"visitsCount":3683,"url":"http://www.mulligansshotbar.com","tier":2,"message":"Moderate","currency":"$","rating":8.1},{"name":"El Garcés","address":"Gómez Morin","lat":31.723233307133885,"lng":-106.42200263185933,"city_fetched":"El Paso","state":"Chihuahua","country":"México","canonicalUrl":"https://foursquare.com/v/el-garc%C3%A9s/51aba520498e81669a991aeb","category":"Cocktail Bar","checkinsCount":476,"usersCount":306,"tipCount":16,"visitsCount":542,"tier":"","message":"","currency":"","rating":8.1},{"name":"Lloyd's Pub","phone":"9155815793","address":"6110 N Mesa St","lat":31.83210393686993,"lng":-106.53125609158288,"city_fetched":"El Paso","state":"TX","country":"United States","canonicalUrl":"https://foursquare.com/v/lloyds-pub/4b9ab3cbf964a5207cce35e3","category":"Bar","checkinsCount":722,"usersCount":446,"tipCount":5,"visitsCount":1138,"tier":"","message":"","currency":"","rating":8},{"name":"Hardpop","twitter":"hardpopclub","address":"Centro Comercial Rio Grande Mall","lat":31.73598659940337,"lng":-106.44600785625552,"city_fetched":"El Paso","state":"Chihuahua","country":"México","canonicalUrl":"https://foursquare.com/v/hardpop/4e22766322717a5245d64023","category":"Nightclub","checkinsCount":763,"usersCount":240,"tipCount":6,"visitsCount":884,"url":"http://www.thehardpop.com","tier":"","message":"","currency":"","rating":8},{"name":"Border City Ale House","phone":"9155992828","address":"1506 N Lee Trevino Dr Ste G","lat":31.75234484960718,"lng":-106.31765775005262,"neighborhood":"Vista Hills","city_fetched":"El Paso","state":"TX","country":"United States","canonicalUrl":"https://foursquare.com/v/border-city-ale-house/4b7f6d66f964a5200e2e30e3","category":"Sports Bar","checkinsCount":11261,"usersCount":1383,"tipCount":23,"visitsCount":11881,"url":"http://www.bordercityalehouse.com","tier":2,"message":"Moderate","currency":"$","rating":8},{"name":"Funkmeyers Rec Room","phone":"9153077116","address":"1506 N Lee Trevino Dr Ste B1","lat":31.753063413120152,"lng":-106.31769223735009,"neighborhood":"Vista Hills","city_fetched":"El Paso","state":"TX","country":"United States","canonicalUrl":"https://foursquare.com/v/funkmeyers-rec-room/53ebdee1498edee2a77b141e","category":"Bar","checkinsCount":180,"usersCount":146,"tipCount":5,"visitsCount":281,"url":"http://funkmeyersrecroom.com","tier":"","message":"","currency":"","rating":8},{"name":"Bowling Center","phone":"9155686272","address":"2949 Carter Road","lat":31.80660236998904,"lng":-106.41378490105741,"city_fetched":"El Paso","state":"TX","country":"United States","canonicalUrl":"https://foursquare.com/v/bowling-center/4b71a56bf964a5205e532de3","category":"Karaoke Bar","checkinsCount":450,"usersCount":292,"tipCount":3,"visitsCount":592,"tier":"","message":"","currency":"","rating":8},{"name":"Club 101","phone":"9152567633","twitter":"club101","address":"201 N Stanton St","lat":31.7594,"lng":-106.487,"neighborhood":"Downtown El Paso","city_fetched":"El Paso","state":"TX","country":"United States","canonicalUrl":"https://foursquare.com/v/club-101/4bf4f0956a31d13ac452962e","category":"Nightclub","checkinsCount":1456,"usersCount":556,"tipCount":16,"visitsCount":1464,"url":"http://www.club101.com","tier":"","message":"","currency":"","rating":8},{"name":"Limoneros","address":"Tomas Fernandez","lat":31.719698350539403,"lng":-106.39670848846436,"city_fetched":"El Paso","state":"Chihuahua","country":"México","canonicalUrl":"https://foursquare.com/v/limoneros/4ba45167f964a520929538e3","category":"Lounge","checkinsCount":107,"usersCount":56,"tipCount":1,"visitsCount":107,"tier":"","message":"","currency":"","rating":8},{"name":"Mystic Grape Wine Bar and Suds","address":"2270 Joe Battle Blvd","lat":31.78378506190007,"lng":-106.2672033659268,"city_fetched":"El Paso","state":"TX","country":"United States","canonicalUrl":"https://foursquare.com/v/mystic-grape-wine-bar-and-suds/51ce246a498e603307d28437","category":"Wine Bar","checkinsCount":85,"usersCount":67,"tipCount":7,"visitsCount":102,"tier":"","message":"","currency":"","rating":8},{"name":"La Tracionera","address":"Av. Gómez Morin","lat":31.71698940027396,"lng":-106.41345136812059,"city_fetched":"El Paso","state":"Chihuahua","country":"México","canonicalUrl":"https://foursquare.com/v/la-tracionera/4efab0d5a69dea74fd97e0e9","category":"Bar","checkinsCount":256,"usersCount":154,"tipCount":5,"visitsCount":267,"tier":"","message":"","currency":"","rating":7.9},{"name":"Anteros","address":"Lago de Patzcuaro 240","lat":31.736382321108856,"lng":-106.43774314200982,"city_fetched":"El Paso","state":"Chihuahua","country":"México","canonicalUrl":"https://foursquare.com/v/anteros/4d7c2e7fe04d6ea86f0ef7d5","category":"Cocktail Bar","checkinsCount":743,"usersCount":356,"tipCount":15,"visitsCount":990,"tier":"","message":"","currency":"","rating":7.9},{"name":"Tortuga Sports Lounge","phone":"9153074296","twitter":"tortugaep","address":"126 Shadow Mountain Drive","lat":31.829357711613696,"lng":-106.52599626779556,"neighborhood":"Upper Mesa Hills","city_fetched":"El Paso","state":"TX","country":"United States","canonicalUrl":"https://foursquare.com/v/tortuga-sports-lounge/4c16cb42cd4bc9b6ac034feb","category":"Sports Bar","checkinsCount":2730,"usersCount":652,"tipCount":12,"visitsCount":3038,"url":"http://tortugasep.com","tier":"","message":"","currency":"","rating":7.9},{"name":"San Martin Cantina Tradicional","address":"Av. Hermanos Escobar","lat":31.74539871176644,"lng":-106.45421535530366,"city_fetched":"El Paso","state":"Chihuahua","country":"México","canonicalUrl":"https://foursquare.com/v/san-martin-cantina-tradicional/4c32bf0fa0ced13a9aa7156e","category":"Bar","checkinsCount":779,"usersCount":860,"tipCount":21,"visitsCount":1501,"tier":"","message":"","currency":"","rating":7.9},{"name":"Chico's Tacos","phone":"9158498777","twitter":"chicostacos","address":"11381 Montwood Dr","lat":31.768620512422316,"lng":-106.29809439182281,"city_fetched":"El Paso","state":"TX","country":"United States","canonicalUrl":"https://foursquare.com/v/chicos-tacos/4b550ca4f964a5203fd927e3","category":"Taco Place","checkinsCount":3000,"usersCount":1443,"tipCount":39,"visitsCount":3261,"tier":1,"message":"Cheap","currency":"$","rating":7.9},{"name":"Tequilera","lat":31.67983744323917,"lng":-106.40840818548419,"city_fetched":"El Paso","country":"México","canonicalUrl":"https://foursquare.com/v/tequilera/500a2ca4e4b08ffd5968bec3","category":"Bar","checkinsCount":156,"usersCount":176,"tipCount":4,"visitsCount":278,"tier":"","message":"","currency":"","rating":7.8},{"name":"Barezzito","address":"Calle de los Portales","lat":31.73094397870593,"lng":-106.41196197758657,"city_fetched":"El Paso","state":"Chihuahua","country":"México","canonicalUrl":"https://foursquare.com/v/barezzito/524ef1c77e481382a4958dc0","category":"Nightclub","checkinsCount":2048,"usersCount":708,"tipCount":45,"visitsCount":2518,"tier":"","message":"","currency":"","rating":7.8},{"name":"McCarthy's Irish Pub","address":"Av. Manuel Gómez Morin 7803","lat":31.714626773494476,"lng":-106.4117434578676,"city_fetched":"El Paso","country":"México","canonicalUrl":"https://foursquare.com/v/mccarthys-irish-pub/54702136498e5de660f1e53e","category":"Bar","checkinsCount":377,"usersCount":232,"tipCount":8,"visitsCount":461,"tier":"","message":"","currency":"","rating":7.8},{"name":"Barmen Kitchen - Patio Bar","address":"4130 N Mesa St","lat":31.791751414059675,"lng":-106.50752302741974,"neighborhood":"Mission Hills South","city_fetched":"El Paso","state":"TX","country":"United States","canonicalUrl":"https://foursquare.com/v/barmen-kitchen--patio-bar/56299cba498e31c0f5b0e5a0","category":"Bar","checkinsCount":94,"usersCount":78,"tipCount":0,"visitsCount":161,"tier":"","message":"","currency":"","rating":7.8},{"name":"Brass Asp","phone":"9157799844","address":"6201 Airport Rd","lat":31.78826603871083,"lng":-106.40952408313751,"city_fetched":"El Paso","state":"TX","country":"United States","canonicalUrl":"https://foursquare.com/v/brass-asp/4bee398435dc0f4750a33f5b","category":"Bar","checkinsCount":328,"usersCount":148,"tipCount":2,"visitsCount":354,"tier":"","message":"","currency":"","rating":7.8},{"name":"Rulis' International Kitchen","phone":"9153134806","address":"4176 N Mesa St","lat":31.7945424,"lng":-106.5099013,"city_fetched":"El Paso","state":"TX","country":"United States","canonicalUrl":"https://foursquare.com/v/rulis-international-kitchen/51f079bc498ef5deb351b571","category":"Restaurant","checkinsCount":291,"usersCount":201,"tipCount":11,"visitsCount":423,"url":"http://rulisik.com","tier":2,"message":"Moderate","currency":"$","rating":7.7},{"name":"Pint & Peanut","address":"518 E W. San Antonio","lat":31.75629274372778,"lng":-106.4938712493816,"neighborhood":"Downtown El Paso","city_fetched":"El Paso","state":"TX","country":"United States","canonicalUrl":"https://foursquare.com/v/pint--peanut/5299792e11d20a5e840a880b","category":"Bar","checkinsCount":291,"usersCount":220,"tipCount":5,"visitsCount":382,"tier":"","message":"","currency":"","rating":7.7},{"name":"1914 Lounge","address":"115 S Durango St","lat":31.757019087703288,"lng":-106.4934800610075,"neighborhood":"Downtown El Paso","city_fetched":"El Paso","state":"TX","country":"United States","canonicalUrl":"https://foursquare.com/v/1914-lounge/4bcccae1937ca593d9c5ab92","category":"Lounge","checkinsCount":1445,"usersCount":558,"tipCount":8,"visitsCount":1550,"tier":"","message":"","currency":"","rating":7.7},{"name":"Mulligan's Spirits & Food","phone":"9152199123","twitter":"mulliganspirits","address":"1605 George Dieter Dr #405","lat":31.753107579418337,"lng":-106.30202411099174,"neighborhood":"Vista Hills","city_fetched":"El Paso","state":"TX","country":"United States","canonicalUrl":"https://foursquare.com/mulliganspirits","category":"Sports Bar","checkinsCount":1179,"usersCount":306,"tipCount":4,"visitsCount":1719,"url":"http://www.mulligansshotbar.com","tier":"","message":"","currency":"","rating":7.7},{"name":"Cincinnati Bar & Grill","phone":"9155325592","address":"207 Cincinnati Ave","lat":31.77731805669207,"lng":-106.50292631246467,"neighborhood":"Kern Place","city_fetched":"El Paso","state":"TX","country":"United States","canonicalUrl":"https://foursquare.com/v/cincinnati-bar--grill/4b2ffc0cf964a520ddf324e3","category":"Bar","checkinsCount":5660,"usersCount":1444,"tipCount":22,"visitsCount":5749,"url":"http://cincinnaticlub.biz","tier":2,"message":"Moderate","currency":"$","rating":7.7},{"name":"Brew","phone":"9158420717","address":"8041 N Mesa St","lat":31.84060472386277,"lng":-106.57788417043669,"city_fetched":"El Paso","state":"TX","country":"United States","canonicalUrl":"https://foursquare.com/v/brew/4b6796f4f964a52084562be3","category":"Bar","checkinsCount":2410,"usersCount":836,"tipCount":17,"visitsCount":2899,"tier":2,"message":"Moderate","currency":"$","rating":7.7},{"name":"Coconuts Bar & Grill","phone":"9155663044","address":"816 N Piedras St","lat":31.7823495627472,"lng":-106.46128803491592,"neighborhood":"Five Points East","city_fetched":"El Paso","state":"TX","country":"United States","canonicalUrl":"https://foursquare.com/v/coconuts-bar--grill/4b8accbff964a520d98132e3","category":"Bar","checkinsCount":2194,"usersCount":706,"tipCount":7,"visitsCount":2470,"tier":"","message":"","currency":"","rating":7.7},{"name":"Cincinnati Bar & Grill","phone":"9158561824","address":"1700 N Zaragoza Rd","lat":31.749599950520697,"lng":-106.27929426020079,"city_fetched":"El Paso","state":"TX","country":"United States","canonicalUrl":"https://foursquare.com/v/cincinnati-bar--grill/52f9af31498ec1f2afacb900","category":"Bar","checkinsCount":552,"usersCount":238,"tipCount":5,"visitsCount":742,"url":"http://www.cincibar.com","tier":"","message":"","currency":"","rating":7.6},{"name":"Rosa's Cantina","phone":"9158330402","address":"3454 Doniphan Dr","lat":31.805324183333333,"lng":-106.543289,"city_fetched":"El Paso","state":"TX","country":"United States","canonicalUrl":"https://foursquare.com/v/rosas-cantina/4bd87b9935aad13a5afe90f3","category":"Bar","checkinsCount":410,"usersCount":344,"tipCount":8,"visitsCount":573,"tier":"","message":"","currency":"","rating":7.6},{"name":"Adrian's Cocktail Lounge","phone":"9153139999","twitter":"adrianseptx","address":"3400 Gateway Blvd E","lat":31.777412797041936,"lng":-106.45377822739599,"city_fetched":"El Paso","state":"TX","country":"United States","canonicalUrl":"https://foursquare.com/v/adrians-cocktail-lounge/507a4c13e4b025807a120ebc","category":"Bar","checkinsCount":288,"usersCount":65,"tipCount":2,"visitsCount":319,"tier":"","message":"","currency":"","rating":7.6},{"name":"The Black Orchid Lounge","phone":"9153075617","twitter":"blackorchidep","address":"6127 N Mesa St","lat":31.830820242372354,"lng":-106.53227451522224,"neighborhood":"Sunland Park North","city_fetched":"El Paso","state":"TX","country":"United States","canonicalUrl":"https://foursquare.com/v/the-black-orchid-lounge/52617ab811d28b662d7883dc","category":"Cocktail Bar","checkinsCount":121,"usersCount":58,"tipCount":2,"visitsCount":143,"url":"http://www.theblackorchidlounge.com","tier":2,"message":"Moderate","currency":"$","rating":7.6},{"name":"Papa Pita","phone":"9155812341","address":"7114 N Mesa St","lat":31.83661,"lng":-106.553997,"city_fetched":"El Paso","state":"TX","country":"United States","canonicalUrl":"https://foursquare.com/v/papa-pita/5376dd43498e9be84105270a","category":"Sandwich Place","checkinsCount":38,"usersCount":35,"tipCount":4,"visitsCount":48,"tier":"","message":"","currency":"","rating":7.6},{"name":"Hidrant Bar","address":"3112 Forney Ln","lat":31.784719473803335,"lng":-106.32402650339162,"city_fetched":"El Paso","state":"TX","country":"United States","canonicalUrl":"https://foursquare.com/v/hidrant-bar/4c3eb23951dee21e4805eb6e","category":"Bar","checkinsCount":568,"usersCount":217,"tipCount":1,"visitsCount":622,"tier":"","message":"","currency":"","rating":7.6},{"name":"The Buzz","address":"10910 Montana Ave","lat":31.798781024421675,"lng":-106.32214114771494,"city_fetched":"El Paso","state":"TX","country":"United States","canonicalUrl":"https://foursquare.com/v/the-buzz/52bcf8c3498efb003a04979f","category":"Bar","checkinsCount":81,"usersCount":105,"tipCount":7,"visitsCount":162,"tier":"","message":"","currency":"","rating":7.6},{"name":"La Bodeguita","address":"Avenida De La Raza","lat":31.723634719848633,"lng":-106.420689,"city_fetched":"El Paso","state":"Chihuahua","country":"México","canonicalUrl":"https://foursquare.com/v/la-bodeguita/4c02fc93310fc9b68d52c561","category":"Bar","checkinsCount":308,"usersCount":229,"tipCount":3,"visitsCount":434,"tier":"","message":"","currency":"","rating":7.6},{"name":"Eleanor Rigby's  World Pub","phone":"9152496223","address":"1201 Bob Hope Dr","lat":31.71885590924126,"lng":-106.27041565734805,"city_fetched":"El Paso","state":"TX","country":"United States","canonicalUrl":"https://foursquare.com/v/eleanor-rigbys--world-pub/53cdf4bd498e5d69238c46e2","category":"Pub","checkinsCount":204,"usersCount":112,"tipCount":2,"visitsCount":402,"url":"http://rigbysworld.com","tier":"","message":"","currency":"","rating":7.6},{"name":"Wild Rooster","address":"Gomez Morin","lat":31.716571415045298,"lng":-106.41324434794683,"city_fetched":"El Paso","state":"Chihuahua","country":"México","canonicalUrl":"https://foursquare.com/v/wild-rooster/50500a1de4b0473d5f1e8cd1","category":"Bar","checkinsCount":682,"usersCount":624,"tipCount":20,"visitsCount":1105,"tier":"","message":"","currency":"","rating":7.6},{"name":"Monarch Bar","address":"914 N Mesa St","lat":31.764682825617747,"lng":-106.49190956205008,"neighborhood":"El Paso High","city_fetched":"El Paso","state":"TX","country":"United States","canonicalUrl":"https://foursquare.com/v/monarch-bar/51c11a3c498e8c2d1291464b","category":"Bar","checkinsCount":332,"usersCount":190,"tipCount":1,"visitsCount":415,"tier":2,"message":"Moderate","currency":"$","rating":7.5},{"name":"Bowl El Paso","phone":"9155937777","address":"11144 Pellicano Dr","lat":31.748386914964783,"lng":-106.32499694824219,"city_fetched":"El Paso","state":"TX","country":"United States","canonicalUrl":"https://foursquare.com/v/bowl-el-paso/4b80d5b2f964a5205f8e30e3","category":"Bowling Alley","checkinsCount":2456,"usersCount":1064,"tipCount":11,"visitsCount":3033,"tier":"","message":"","currency":"","rating":7.5},{"name":"Handlebar's","address":"1745 N Lee Trevino Dr","lat":31.762474853082086,"lng":-106.31979022560309,"city_fetched":"El Paso","state":"TX","country":"United States","canonicalUrl":"https://foursquare.com/v/handlebars/4b87603ef964a52095bd31e3","category":"Rock Club","checkinsCount":827,"usersCount":257,"tipCount":2,"visitsCount":923,"tier":"","message":"","currency":"","rating":7.5},{"name":"Jack's Beach House","address":"11240 Montwood Dr","lat":31.768839738396395,"lng":-106.30650141629673,"city_fetched":"El Paso","state":"TX","country":"United States","canonicalUrl":"https://foursquare.com/v/jacks-beach-house/52f58fda498e0dedc837661c","category":"Bar","checkinsCount":118,"usersCount":119,"tipCount":1,"visitsCount":239,"tier":"","message":"","currency":"","rating":7.5},{"name":"La Terraza By Mariachuchena","address":"Ave Tomas Fernandez","lat":31.730081,"lng":-106.409986,"city_fetched":"El Paso","state":"Chihuahua","country":"México","canonicalUrl":"https://foursquare.com/v/la-terraza-by-mariachuchena/4fe556bbe4b0faa0b8e3be5c","category":"Cocktail Bar","checkinsCount":212,"usersCount":112,"tipCount":2,"visitsCount":214,"url":"http://mariachuchena.com","tier":"","message":"","currency":"","rating":7.5},{"name":"kings x","lat":31.791225603457978,"lng":-106.50815012144123,"city_fetched":"El Paso","state":"TX","country":"United States","canonicalUrl":"https://foursquare.com/v/kings-x/4b947744f964a5208e7a34e3","category":"Sports Bar","checkinsCount":852,"usersCount":351,"tipCount":5,"visitsCount":893,"tier":"","message":"","currency":"","rating":7.5},{"name":"Billy Crews","phone":"5755892071","address":"1200 Country Club Rd","lat":31.846157154052023,"lng":-106.6210743972639,"city_fetched":"El Paso","state":"NM","country":"United States","canonicalUrl":"https://foursquare.com/v/billy-crews/4c6753a7e1da1b8d28eb9dc3","category":"Lounge","checkinsCount":336,"usersCount":286,"tipCount":5,"visitsCount":508,"tier":"","message":"","currency":"","rating":7.5},{"name":"The Room @ The Tavern","phone":"9155436000","address":"2700 N Mesa St","lat":31.777185807920024,"lng":-106.50316218651706,"neighborhood":"Kern Place","city_fetched":"El Paso","state":"TX","country":"United States","canonicalUrl":"https://foursquare.com/v/the-room--the-tavern/4e725b4c52b1aabf96184d14","category":"Cocktail Bar","checkinsCount":1703,"usersCount":378,"tipCount":4,"visitsCount":1712,"tier":"","message":"","currency":"","rating":7.5},{"name":"Graham's Corner","phone":"9155812657","address":"5959 N Mesa St","lat":31.828290304197402,"lng":-106.52936885616674,"neighborhood":"Sunland Park North","city_fetched":"El Paso","state":"TX","country":"United States","canonicalUrl":"https://foursquare.com/v/grahams-corner/4b7f84ecf964a5209f3230e3","category":"Bar","checkinsCount":1258,"usersCount":335,"tipCount":7,"visitsCount":1412,"url":"http://grahamscorner.com","tier":"","message":"","currency":"","rating":7.4},{"name":"Tanya's Gridiron","phone":"9155668188","twitter":"tanyas_gridiron","address":"4620 Dryer St","lat":31.8178225,"lng":-106.44428814,"city_fetched":"El Paso","state":"TX","country":"United States","canonicalUrl":"https://foursquare.com/v/tanyas-gridiron/4c1dbdc88b3aa59345259b5f","category":"Bar","checkinsCount":367,"usersCount":160,"tipCount":4,"visitsCount":453,"tier":"","message":"","currency":"","rating":7.4},{"name":"Five Point Bistro","address":"3017 Montana Ave","lat":31.783972894464632,"lng":-106.45904682986851,"neighborhood":"Pershing - Government Hill","city_fetched":"El Paso","state":"TX","country":"United States","canonicalUrl":"https://foursquare.com/v/five-point-bistro/4eeff5b3e5fa467841575e56","category":"Sports Bar","checkinsCount":418,"usersCount":287,"tipCount":8,"visitsCount":573,"tier":1,"message":"Cheap","currency":"$","rating":7.4},{"name":"Dayvasos","lat":31.711200496254044,"lng":-106.40934550661083,"city_fetched":"El Paso","state":"Chihuahua","country":"México","canonicalUrl":"https://foursquare.com/v/dayvasos/4debeb6b18386283a40bcef1","category":"Beer Garden","checkinsCount":277,"usersCount":202,"tipCount":4,"visitsCount":330,"tier":"","message":"","currency":"","rating":7.4},{"name":"Mesa Street Grill","phone":"9155321881","twitter":"mesastreetgrill","address":"3800 N Mesa St Ste D1","lat":31.786874771118164,"lng":-106.50582122802734,"neighborhood":"Mission Hills South","city_fetched":"El Paso","state":"TX","country":"United States","canonicalUrl":"https://foursquare.com/v/mesa-street-grill/4bca7bb7cc8cd13a81eabdcf","category":"Bar","checkinsCount":1235,"usersCount":741,"tipCount":22,"visitsCount":1385,"url":"http://mesastreetgrill.com","tier":"","message":"","currency":"","rating":7.4},{"name":"Andale's Mexican","phone":"9155905999","address":"9201 Gateway Blvd W","lat":31.765783696630557,"lng":-106.36520862579346,"city_fetched":"El Paso","state":"TX","country":"United States","canonicalUrl":"https://foursquare.com/v/andales-mexican/4b68d152f964a5207e8e2be3","category":"Mexican Restaurant","checkinsCount":1096,"usersCount":980,"tipCount":18,"visitsCount":1459,"url":"http://www.andalerestaurant.net","tier":2,"message":"Moderate","currency":"$","rating":7.4},{"name":"Deer House","address":"Ave. Gómez Morín","lat":31.71902767786779,"lng":-106.41536056390653,"city_fetched":"El Paso","country":"México","canonicalUrl":"https://foursquare.com/v/deer-house/51e75a29498e7ef771cf861b","category":"Bar","checkinsCount":286,"usersCount":123,"tipCount":4,"visitsCount":302,"tier":"","message":"","currency":"","rating":7.4},{"name":"Adrian's East","address":"1530 Lomaland Sweet K","lat":31.755468368530273,"lng":-106.3270492553711,"city_fetched":"El Paso","state":"TX","country":"United States","canonicalUrl":"https://foursquare.com/v/adrians-east/525effed498e03901c2849d2","category":"Dive Bar","checkinsCount":226,"usersCount":138,"tipCount":4,"visitsCount":438,"tier":"","message":"","currency":"","rating":7.4},{"name":"Craze","address":"1331 George Dieter Dr Ste F","lat":31.725541016025662,"lng":-106.30440931269358,"city_fetched":"El Paso","state":"TX","country":"United States","canonicalUrl":"https://foursquare.com/v/craze/4d377b15803ba35d581a93fc","category":"Ice Cream Shop","checkinsCount":735,"usersCount":370,"tipCount":14,"visitsCount":735,"url":"http://crazeyogurt.com","tier":"","message":"","currency":"","rating":7.4},{"name":"XHALE HOOKAH BAR","phone":"9154121233","twitter":"xhalehookahbar","address":"1160 Airway Blvd Ste C4","lat":31.783103707730355,"lng":-106.3933943746348,"city_fetched":"El Paso","state":"TX","country":"United States","canonicalUrl":"https://foursquare.com/v/xhale-hookah-bar/50257a87e4b0cab2043a78d5","category":"Lounge","checkinsCount":63,"usersCount":46,"tipCount":2,"visitsCount":63,"tier":"","message":"","currency":"","rating":7.3},{"name":"Beer Garden","address":"Gomez Morin","lat":31.723361441726567,"lng":-106.42201413345995,"city_fetched":"El Paso","country":"México","canonicalUrl":"https://foursquare.com/v/beer-garden/5441e452498ef528fc22c0f6","category":"Beer Garden","checkinsCount":109,"usersCount":90,"tipCount":1,"visitsCount":134,"tier":"","message":"","currency":"","rating":7.3},{"name":"La Maestranza","lat":31.735781403658716,"lng":-106.44915968180449,"city_fetched":"El Paso","country":"México","canonicalUrl":"https://foursquare.com/v/la-maestranza/514e2bb7e4b0fcf39132716f","category":"Bar","checkinsCount":129,"usersCount":97,"tipCount":2,"visitsCount":136,"tier":"","message":"","currency":"","rating":7.3},{"name":"Dalai","lat":31.723094525368463,"lng":-106.42168058730043,"city_fetched":"El Paso","country":"México","canonicalUrl":"https://foursquare.com/v/dalai/508caebce4b055a7586e2e05","category":"Gay Bar","checkinsCount":282,"usersCount":97,"tipCount":2,"visitsCount":324,"tier":"","message":"","currency":"","rating":7.3},{"name":"Craw Oyster Bar","phone":"5054079599","address":"1160 Airway Blvd Ste B1","lat":31.782877592099847,"lng":-106.39352473,"city_fetched":"El Paso","state":"TX","country":"United States","canonicalUrl":"https://foursquare.com/v/craw-oyster-bar/4c8aa2544fb7199cb11c2ea3","category":"Bar","checkinsCount":1041,"usersCount":352,"tipCount":8,"visitsCount":1148,"url":"http://crawoysterbar.com","tier":"","message":"","currency":"","rating":7.3},{"name":"Rabadoo's Sports Bar and Cafe","address":"1071 Country Club Rd","lat":31.847783628670744,"lng":-106.61169558763504,"city_fetched":"El Paso","state":"TX","country":"United States","canonicalUrl":"https://foursquare.com/v/rabadoos-sports-bar-and-cafe/4c16bb76583c9c74440740a4","category":"Bar","checkinsCount":434,"usersCount":99,"tipCount":2,"visitsCount":513,"tier":"","message":"","currency":"","rating":7.3},{"name":"The Tap","phone":"9155321848","address":"408 San Antonio","lat":31.758516164064268,"lng":-106.48541486,"neighborhood":"Downtown El Paso","city_fetched":"El Paso","state":"TX","country":"United States","canonicalUrl":"https://foursquare.com/v/the-tap/4bfedd01daf9c9b6ad60f9ef","category":"Dive Bar","checkinsCount":1226,"usersCount":638,"tipCount":12,"visitsCount":1347,"tier":2,"message":"Moderate","currency":"$","rating":7.3},{"name":"301","address":"301 S Ochoa St","lat":31.75737190731141,"lng":-106.48155491707007,"neighborhood":"Downtown El Paso","city_fetched":"El Paso","state":"TX","country":"United States","canonicalUrl":"https://foursquare.com/v/301/52217ff711d2cb4e7e193593","category":"Nightclub","checkinsCount":403,"usersCount":290,"tipCount":6,"visitsCount":613,"tier":"","message":"","currency":"","rating":7.3},{"name":"Mystic Grape","lat":31.783817379042112,"lng":-106.26722635173006,"city_fetched":"El Paso","state":"TX","country":"United States","canonicalUrl":"https://foursquare.com/v/mystic-grape/507f463be4b0efb147ea1393","category":"Wine Bar","checkinsCount":127,"usersCount":77,"tipCount":4,"visitsCount":128,"tier":"","message":"","currency":"","rating":7.3},{"name":"rustico","lat":31.72207968899304,"lng":-106.41951255031857,"city_fetched":"El Paso","country":"México","canonicalUrl":"https://foursquare.com/v/rustico/5553eafc498eff881cafcada","category":"Bar","checkinsCount":77,"usersCount":48,"tipCount":0,"visitsCount":100,"tier":"","message":"","currency":"","rating":7.2},{"name":"Dayvasos El Paso","phone":"9155330449","twitter":"dayvasoselpaso","address":"3737 N Mesa St","lat":31.787021066291523,"lng":-106.5068556633486,"city_fetched":"El Paso","state":"TX","country":"United States","canonicalUrl":"https://foursquare.com/v/dayvasos-el-paso/4faec4ece4b01cbf305827a8","category":"Mexican Restaurant","checkinsCount":125,"usersCount":81,"tipCount":3,"visitsCount":125,"tier":"","message":"","currency":"","rating":7.2},{"name":"Corner Tavern & Grill","phone":"9155436000","twitter":"cornertavern915","address":"2700 N Mesa St","lat":31.7771943,"lng":-106.503094,"neighborhood":"Kern Place","city_fetched":"El Paso","state":"TX","country":"United States","canonicalUrl":"https://foursquare.com/cornertavern915","category":"Sports Bar","checkinsCount":948,"usersCount":281,"tipCount":0,"visitsCount":1007,"url":"http://www.cornertavernandgrill.com","tier":1,"message":"Cheap","currency":"$","rating":7.2},{"name":"Craft House Pub &  Grub","address":"5020 N Desert Blvd","lat":31.840892619397433,"lng":-106.56827345351238,"neighborhood":"Remcon","city_fetched":"El Paso","state":"TX","country":"United States","canonicalUrl":"https://foursquare.com/v/craft-house-pub---grub/53af1d0e498e13cc8b0e6416","category":"Bar","checkinsCount":89,"usersCount":54,"tipCount":4,"visitsCount":93,"tier":"","message":"","currency":"","rating":7.2},{"name":"Bourbon & Brews Bar & Grille","phone":"9153134610","address":"2931 George Dieter Dr","lat":31.781732449745753,"lng":-106.30262184565306,"city_fetched":"El Paso","state":"TX","country":"United States","canonicalUrl":"https://foursquare.com/v/bourbon--brews-bar--grille/4f431292e4b05b69c74e72cf","category":"Bar","checkinsCount":1216,"usersCount":394,"tipCount":6,"visitsCount":1648,"tier":"","message":"","currency":"","rating":7.2},{"name":"Springfield Bar","address":"Avenida Gomez Morin #7821","lat":31.714698232602444,"lng":-106.41155944144077,"city_fetched":"El Paso","state":"Chihuahua","country":"México","canonicalUrl":"https://foursquare.com/v/springfield-bar/4fdd7822e4b0d263e7eea8d6","category":"Bar","checkinsCount":653,"usersCount":320,"tipCount":6,"visitsCount":742,"tier":"","message":"","currency":"","rating":7.2},{"name":"Whiskey Dick's","phone":"9159219900","address":"1580 George Dieter Dr","lat":31.749518215674748,"lng":-106.30015969276428,"city_fetched":"El Paso","state":"TX","country":"United States","canonicalUrl":"https://foursquare.com/v/whiskey-dicks/4b860c19f964a5208e7e31e3","category":"Whisky Bar","checkinsCount":2295,"usersCount":1076,"tipCount":10,"visitsCount":2760,"url":"http://whiskeydickselpaso.com","tier":1,"message":"Cheap","currency":"$","rating":7.1},{"name":"Sparrow's Spirits & Pies","phone":"9158557437","address":"12798 Edgemere Blvd Unit D","lat":31.795616896392087,"lng":-106.24791157539369,"city_fetched":"El Paso","state":"TX","country":"United States","canonicalUrl":"https://foursquare.com/v/sparrows-spirits--pies/504a64b2e4b00c0107e05927","category":"Pizza Place","checkinsCount":364,"usersCount":216,"tipCount":5,"visitsCount":374,"url":"http://www.sparrowsspiritsandpies.com","tier":2,"message":"Moderate","currency":"$","rating":7.1},{"name":"The Beer-Box","address":"Chinameca","lat":31.713532701646574,"lng":-106.42516559601462,"city_fetched":"El Paso","state":"Chihuahua","country":"México","canonicalUrl":"https://foursquare.com/v/the-beerbox/5056d5dce4b0588852f71327","category":"Beer Garden","checkinsCount":182,"usersCount":119,"tipCount":6,"visitsCount":208,"tier":"","message":"","currency":"","rating":7.1},{"name":"Aviators","phone":"9157599966","address":"9477 Dyer St Ste H-J","lat":31.880321,"lng":-106.422025,"city_fetched":"El Paso","state":"TX","country":"United States","canonicalUrl":"https://foursquare.com/v/aviators/4bc9214b0687ef3be183d9cc","category":"Lounge","checkinsCount":846,"usersCount":273,"tipCount":7,"visitsCount":903,"tier":"","message":"","currency":"","rating":7.1},{"name":"Brick & Mortar","phone":"9153510445","address":"115 S Durango St #C","lat":31.75708658151827,"lng":-106.49358361080058,"neighborhood":"Downtown El Paso","city_fetched":"El Paso","state":"TX","country":"United States","canonicalUrl":"https://foursquare.com/v/brick--mortar/4baef777f964a5206de43be3","category":"Bar","checkinsCount":1299,"usersCount":493,"tipCount":8,"visitsCount":1300,"url":"http://www.brick-n-mortar.com","tier":"","message":"","currency":"","rating":7},{"name":"Special Edition","lat":31.79018497467041,"lng":-106.33333325386047,"neighborhood":"Album","city_fetched":"El Paso","state":"TX","country":"United States","canonicalUrl":"https://foursquare.com/v/special-edition/4c42887fce54e21ecdeb0c1a","category":"Karaoke Bar","checkinsCount":615,"usersCount":169,"tipCount":9,"visitsCount":678,"tier":"","message":"","currency":"","rating":7},{"name":"The Palomino","address":"2601 N Mesa St","lat":31.776119,"lng":-106.502845,"city_fetched":"El Paso","state":"TX","country":"United States","canonicalUrl":"https://foursquare.com/v/the-palomino/4c760af0db52b1f7268a7adc","category":"Cocktail Bar","checkinsCount":2889,"usersCount":570,"tipCount":10,"visitsCount":2948,"url":"http://palominotavern.com","tier":2,"message":"Moderate","currency":"$","rating":7},{"name":"Shamrock's Irish Pub","address":"Pleasonton Rd","lat":31.817357718309854,"lng":-106.42739695240641,"city_fetched":"El Paso","state":"TX","country":"United States","canonicalUrl":"https://foursquare.com/v/shamrocks-irish-pub/4d7c5276136bf04d5ec15d8d","category":"Pub","checkinsCount":979,"usersCount":419,"tipCount":9,"visitsCount":1019,"tier":2,"message":"Moderate","currency":"$","rating":7},{"name":"Smokey's Pit Stop and Saloon","phone":"9155923141","address":"9100 Viscount Blvd","lat":31.773223760492023,"lng":-106.36933775235018,"city_fetched":"El Paso","state":"TX","country":"United States","canonicalUrl":"https://foursquare.com/v/smokeys-pit-stop-and-saloon/4bd9c92c0115c9b6e2ae7880","category":"BBQ Joint","checkinsCount":958,"usersCount":436,"tipCount":3,"visitsCount":1041,"url":"http://www.smokeysbbqelp.com","tier":1,"message":"Cheap","currency":"$","rating":7},{"name":"Cabo Joe's Zaragoza","phone":"9152316600","twitter":"cabo_joes","address":"1700 N Zaragoza Rd","lat":31.74940721970634,"lng":-106.27935172815786,"city_fetched":"El Paso","state":"TX","country":"United States","canonicalUrl":"https://foursquare.com/v/cabo-joes-zaragoza/527e966d11d2140eeea94e36","category":"Mexican Restaurant","checkinsCount":873,"usersCount":266,"tipCount":0,"visitsCount":1058,"url":"http://www.eatatcabojoes.com","tier":2,"message":"Moderate","currency":"$","rating":7},{"name":"Leprechaun Irish Pub","address":"Manuel Gomez Morin","lat":31.719003972110865,"lng":-106.4151017863399,"city_fetched":"El Paso","state":"Chihuahua","country":"México","canonicalUrl":"https://foursquare.com/v/leprechaun-irish-pub/4e2bb19762e144b5d3afe0cd","category":"Bar","checkinsCount":634,"usersCount":349,"tipCount":8,"visitsCount":782,"tier":"","message":"","currency":"","rating":7},{"name":"Fanatics Sports Bar & Grill","phone":"9155941100","address":"11048 Montwood Dr","lat":31.76874431249352,"lng":-106.31673234308658,"city_fetched":"El Paso","state":"TX","country":"United States","canonicalUrl":"https://foursquare.com/v/fanatics-sports-bar--grill/4ddf03b652b16128c60feaf6","category":"Bar","checkinsCount":1228,"usersCount":411,"tipCount":7,"visitsCount":1369,"url":"http://fanaticssportspub.com","tier":2,"message":"Moderate","currency":"$","rating":7},{"name":"Pockets Billiards & Fun","lat":31.87950994988006,"lng":-106.42119177062037,"city_fetched":"El Paso","state":"Texas","country":"United States","canonicalUrl":"https://foursquare.com/v/pockets-billiards--fun/4f590976e4b003e668e161ca","category":"Sports Bar","checkinsCount":342,"usersCount":157,"tipCount":3,"visitsCount":354,"tier":"","message":"","currency":"","rating":7},{"name":"Moonlight Bar & Grill","address":"16000 Ashford St","lat":31.68946801445304,"lng":-106.21431999936118,"city_fetched":"El Paso","state":"TX","country":"United States","canonicalUrl":"https://foursquare.com/v/moonlight-bar--grill/529a9c0111d2774c3cca1a61","category":"Sports Bar","checkinsCount":96,"usersCount":66,"tipCount":3,"visitsCount":173,"tier":"","message":"","currency":"","rating":7},{"name":"Coco Bar","phone":"9155957170","address":"1515 suite-S Lee Trevino","lat":31.753646360622064,"lng":-106.31941086174217,"city_fetched":"El Paso","state":"TX","country":"United States","canonicalUrl":"https://foursquare.com/v/coco-bar/4e9cb8b4b8f77a8b46e331d1","category":"Cocktail Bar","checkinsCount":818,"usersCount":484,"tipCount":20,"visitsCount":896,"url":"http://cocolovesyou.com","tier":"","message":"","currency":"","rating":6.9},{"name":"8 1/2","phone":"9153511896","address":"504 N Stanton St","lat":31.761801305279363,"lng":-106.48830263623864,"neighborhood":"Downtown El Paso","city_fetched":"El Paso","state":"TX","country":"United States","canonicalUrl":"https://foursquare.com/v/8-12/4cb1519b75ebb60c1783ccad","category":"Gay Bar","checkinsCount":1655,"usersCount":221,"tipCount":10,"visitsCount":1679,"tier":"","message":"","currency":"","rating":6.9},{"name":"Macono Kitchen & Bar","address":"Paseo Triunfo de la República 3290","lat":31.737419880442935,"lng":-106.43970966339111,"city_fetched":"El Paso","state":"Chihuahua","country":"México","canonicalUrl":"https://foursquare.com/v/macono-kitchen--bar/501051dd067d3f75487bb918","category":"Bar","checkinsCount":148,"usersCount":71,"tipCount":7,"visitsCount":148,"tier":"","message":"","currency":"","rating":6.9},{"name":"Smokey's Pit Stop & Saloon","phone":"9155936332","address":"1346 N Lee Trevino Dr","lat":31.74281685089013,"lng":-106.32157784361186,"city_fetched":"El Paso","state":"TX","country":"United States","canonicalUrl":"https://foursquare.com/v/smokeys-pit-stop--saloon/4bf1f196d39ad13ae5dfaa0e","category":"Bar","checkinsCount":823,"usersCount":339,"tipCount":1,"visitsCount":902,"url":"http://smokeysbbqelp.com","tier":"","message":"","currency":"","rating":6.8},{"name":"Wing Daddy's Sauce House","phone":"9155929464","address":"12115 Montwood Dr Ste 101","lat":31.761139941189057,"lng":-106.27230053195437,"city_fetched":"El Paso","state":"TX","country":"United States","canonicalUrl":"https://foursquare.com/v/wing-daddys-sauce-house/4c6d7034e6b7b1f783baa98e","category":"Wings Joint","checkinsCount":2157,"usersCount":1017,"tipCount":21,"visitsCount":2527,"url":"http://wingdaddys.com","tier":2,"message":"Moderate","currency":"$","rating":6.8}]