[{"name":"Patrick's","phone":"6077325159","address":"303 College Ave","lat":42.08962,"lng":-76.81056,"city_fetched":"Elmira","state":"NY","country":"United States","canonicalUrl":"https://foursquare.com/v/patricks/4b9b03adf964a520d2eb35e3","category":"Pub","checkinsCount":894,"usersCount":216,"tipCount":10,"visitsCount":964,"tier":"","message":"","currency":"","rating":8.1},{"name":"Horigan's Tavern","address":"365 Davis St","lat":42.0895763581915,"lng":-76.8151761564096,"city_fetched":"Elmira","state":"NY","country":"United States","canonicalUrl":"https://foursquare.com/v/horigans-tavern/4b74bff1f964a5200af02de3","category":"Pub","checkinsCount":1333,"usersCount":413,"tipCount":18,"visitsCount":1522,"tier":2,"message":"Moderate","currency":"$","rating":8.1},{"name":"Elbow Room","phone":"6077349166","address":"1055 Walnut St","lat":42.10215831,"lng":-76.82598273,"city_fetched":"Elmira","state":"NY","country":"United States","canonicalUrl":"https://foursquare.com/v/elbow-room/4ca7f13276d3a093af2b116b","category":"American Restaurant","checkinsCount":931,"usersCount":416,"tipCount":23,"visitsCount":1221,"tier":3,"message":"Expensive","currency":"$","rating":8},{"name":"Splitrock Brew Pub at First Arena","phone":"6077347825","address":"155 N Main St","lat":42.08946497024133,"lng":-76.80499076843262,"city_fetched":"Elmira","state":"NY","country":"United States","canonicalUrl":"https://foursquare.com/v/splitrock-brew-pub-at-first-arena/52817ab111d29978126a7d74","category":"Bar","checkinsCount":158,"usersCount":73,"tipCount":13,"visitsCount":160,"tier":"","message":"","currency":"","rating":7.8},{"name":"Roundin' Third Sports Bar","phone":"6077330199","address":"255 W Water St","lat":42.087253525194214,"lng":-76.8087700009346,"city_fetched":"Elmira","state":"NY","country":"United States","canonicalUrl":"https://foursquare.com/v/roundin-third-sports-bar/4b6cac2bf964a520194b2ce3","category":"Sports Bar","checkinsCount":887,"usersCount":394,"tipCount":16,"visitsCount":1001,"url":"http://roundinthirdny.com/ordereze/default.aspx","tier":"","message":"","currency":"","rating":7.3},{"name":"The Green Derby","phone":"6077331918","address":"113 W 2nd St","lat":42.0911519,"lng":-76.80787,"city_fetched":"Elmira","state":"NY","country":"United States","canonicalUrl":"https://foursquare.com/v/the-green-derby/4bbfdc1b74a9a5931d4ccff6","category":"Sports Bar","checkinsCount":571,"usersCount":262,"tipCount":5,"visitsCount":623,"tier":"","message":"","currency":"","rating":7},{"name":"King's Bar","address":"Washington Ave","lat":42.099214836928894,"lng":-76.81260196456455,"city_fetched":"Elmira","state":"NY","country":"United States","canonicalUrl":"https://foursquare.com/v/kings-bar/4ef011cf4690b51573f81112","category":"Bar","checkinsCount":220,"usersCount":63,"tipCount":3,"visitsCount":226,"tier":"","message":"","currency":"","rating":6.9},{"name":"The Branch Office","lat":42.09779252867582,"lng":-76.8190348148346,"city_fetched":"Elmira","state":"NY","country":"United States","canonicalUrl":"https://foursquare.com/v/the-branch-office/4baec4e9f964a5207ed63be3","category":"Bar","checkinsCount":784,"usersCount":156,"tipCount":3,"visitsCount":830,"tier":"","message":"","currency":"","rating":6.4},{"name":"Sand Dollar","phone":"6077324286","address":"1321 College Ave","lat":42.11050917,"lng":-76.82056144,"city_fetched":"Elmira","state":"NY","country":"United States","canonicalUrl":"https://foursquare.com/v/sand-dollar/4bce5bc229d4b7139c8aa8dc","category":"Dive Bar","checkinsCount":733,"usersCount":199,"tipCount":5,"visitsCount":796,"tier":"","message":"","currency":"","rating":6.4},{"name":"Brady's Pub","phone":"6077423826","twitter":"bradys_pub","address":"248 W Water St","lat":42.087435161187926,"lng":-76.80880755186081,"city_fetched":"Elmira","state":"NY","country":"United States","canonicalUrl":"https://foursquare.com/v/bradys-pub/4ba43446f964a520c48b38e3","category":"Pub","checkinsCount":1045,"usersCount":189,"tipCount":6,"visitsCount":1062,"tier":"","message":"","currency":"","rating":6}]