[{"name":"Callahans Pub & Grille","phone":"5802427299","address":"220 N Independence St","lat":36.39868,"lng":-97.88034,"city_fetched":"Enid","state":"OK","country":"United States","canonicalUrl":"https://foursquare.com/v/callahans-pub--grille/4bb38392eb3e95211b3ccb0a","category":"Pub","checkinsCount":1067,"usersCount":399,"tipCount":26,"visitsCount":1405,"url":"http://www.enidcallahan.com","tier":2,"message":"Moderate","currency":"$","rating":8},{"name":"Flamingo Lounge","phone":"5802349006","address":"470-598 S Van Buren St","lat":36.39158736979875,"lng":-97.89044170396112,"city_fetched":"Enid","state":"OK","country":"United States","canonicalUrl":"https://foursquare.com/v/flamingo-lounge/4ccefad27c2ff04ddfdaa77e","category":"Dive Bar","checkinsCount":187,"usersCount":86,"tipCount":6,"visitsCount":188,"url":"http://www.flamingorocks.com","tier":"","message":"","currency":"","rating":7.7},{"name":"Proof Wine & Spirits","phone":"5802372132","address":"2109 W Owen K Garriott Rd","lat":36.390499,"lng":-97.904587,"city_fetched":"Enid","state":"OK","country":"United States","canonicalUrl":"https://foursquare.com/v/proof-wine--spirits/4da07c906fd2548157aa5f9b","category":"Liquor Store","checkinsCount":275,"usersCount":69,"tipCount":2,"visitsCount":371,"tier":"","message":"","currency":"","rating":7.5},{"name":"CW Scooters","phone":"5802335447","twitter":"cwscooters","address":"3630 North Highway 81","lat":36.43149848555686,"lng":-97.88929879714789,"city_fetched":"Enid","state":"OK","country":"United States","canonicalUrl":"https://foursquare.com/cwscooters","category":"Nightclub","checkinsCount":599,"usersCount":118,"tipCount":5,"visitsCount":634,"tier":"","message":"","currency":"","rating":6.6}]