[{"name":"Oscars Bar And Grill","phone":"3343475248","address":"920 Rucker Blvd","lat":31.323867,"lng":-85.826731,"city_fetched":"Enterprise","state":"AL","country":"United States","canonicalUrl":"https://foursquare.com/v/oscars-bar-and-grill/4bf8720cabdaef3b9eb1a184","category":"Wings Joint","checkinsCount":871,"usersCount":215,"tipCount":7,"visitsCount":1003,"tier":"","message":"","currency":"","rating":7.3},{"name":"Risky Business Saloon","phone":"3343476111","address":"734 Glover Ave","lat":31.32113,"lng":-85.834524,"city_fetched":"Enterprise","state":"AL","country":"United States","canonicalUrl":"https://foursquare.com/v/risky-business-saloon/4c198ac4834e2d7fe9a82a80","category":"Bar","checkinsCount":523,"usersCount":104,"tipCount":2,"visitsCount":557,"tier":"","message":"","currency":"","rating":6.9},{"name":"White Oak Ale House","address":"1109 Boll Weevil Circle #9","lat":31.333670525754847,"lng":-85.85690288645509,"city_fetched":"Enterprise","state":"AL","country":"United States","canonicalUrl":"https://foursquare.com/v/white-oak-ale-house/562e6582498e75118705b3dc","category":"Gastropub","checkinsCount":79,"usersCount":35,"tipCount":6,"visitsCount":128,"url":"http://www.whiteoakalehouse.com","tier":"","message":"","currency":"","rating":6.7}]