[{"name":"Ninkasi Brewing Tasting Room","phone":"5413442739","twitter":"ninkasibrewing","address":"272 Van Buren St","lat":44.05687355,"lng":-123.109654,"neighborhood":"Whiteaker","city_fetched":"Eugene","state":"OR","country":"United States","canonicalUrl":"https://foursquare.com/ninkasibrewing","category":"Brewery","checkinsCount":3504,"usersCount":2369,"tipCount":28,"visitsCount":4076,"url":"http://www.ninkasibrewing.com","tier":1,"message":"Cheap","currency":"$","rating":9.5},{"name":"Oakshire Brewing Public House","phone":"5416884555","twitter":"oakshirepub","address":"207 Madison St","lat":44.05749207201752,"lng":-123.10302972793578,"neighborhood":"Whiteaker","city_fetched":"Eugene","state":"OR","country":"United States","canonicalUrl":"https://foursquare.com/v/oakshire-brewing-public-house/515dcb0439501edb869c3a79","category":"Brewery","checkinsCount":1545,"usersCount":817,"tipCount":14,"visitsCount":1961,"url":"http://oakbrew.com","tier":1,"message":"Cheap","currency":"$","rating":9.2},{"name":"Beergarden","address":"777 W 6th Ave","lat":44.05357546231299,"lng":-123.10453189951562,"neighborhood":"Whiteaker","city_fetched":"Eugene","state":"OR","country":"United States","canonicalUrl":"https://foursquare.com/v/beergarden/55735df2498e4ce268246184","category":"Beer Garden","checkinsCount":359,"usersCount":303,"tipCount":6,"visitsCount":702,"url":"http://beergardenme.com","tier":"","message":"","currency":"","rating":8.8},{"name":"Hop Valley Brewing Co.","phone":"5417443330","twitter":"hopvalley","address":"980 Kruse Way","lat":44.08282235735953,"lng":-123.03969204425812,"neighborhood":"Gateway","city_fetched":"Eugene","state":"OR","country":"United States","canonicalUrl":"https://foursquare.com/hopvalley","category":"Brewery","checkinsCount":3347,"usersCount":1980,"tipCount":46,"visitsCount":3978,"url":"http://www.hopvalleybrewing.com","tier":2,"message":"Moderate","currency":"$","rating":8.7},{"name":"Cornucopia Bar & Burgers","phone":"5414852676","twitter":"cornucopiaeug","address":"207 E 5th Ave","lat":44.05463537530875,"lng":-123.08949798345566,"neighborhood":"Downtown Eugene","city_fetched":"Eugene","state":"OR","country":"United States","canonicalUrl":"https://foursquare.com/v/cornucopia-bar--burgers/4b12c500f964a520bd8d23e3","category":"Burger Joint","checkinsCount":2603,"usersCount":1280,"tipCount":37,"visitsCount":2667,"url":"http://www.cornucopiaeugene.com","tier":2,"message":"Moderate","currency":"$","rating":8.6},{"name":"The Tap & Growler","phone":"5415059751","twitter":"tapandgrowler","address":"207 E 5th Ave #115","lat":44.054538290883265,"lng":-123.08958990935501,"neighborhood":"Downtown Eugene","city_fetched":"Eugene","state":"OR","country":"United States","canonicalUrl":"https://foursquare.com/v/the-tap--growler/523e4e7511d2ee1515d2c251","category":"Beer Store","checkinsCount":987,"usersCount":370,"tipCount":15,"visitsCount":1148,"url":"http://tapandgrowler.com","tier":"","message":"","currency":"","rating":8.6},{"name":"Izakaya Meiji Company","phone":"5415058804","address":"345 Van Buren St","lat":44.056104,"lng":-123.109393,"neighborhood":"Whiteaker","city_fetched":"Eugene","state":"OR","country":"United States","canonicalUrl":"https://foursquare.com/v/izakaya-meiji-company/4c5e09297f661b8d133f4d1c","category":"Japanese Restaurant","checkinsCount":1523,"usersCount":888,"tipCount":33,"visitsCount":1766,"url":"http://izakayameiji.com","tier":2,"message":"Moderate","currency":"$","rating":8.6},{"name":"Falling Sky Brewing","phone":"5415057096","twitter":"fallingskybrew","address":"1334 Oak Alley","lat":44.0452238787428,"lng":-123.092086315155,"neighborhood":"West University","city_fetched":"Eugene","state":"OR","country":"United States","canonicalUrl":"https://foursquare.com/v/falling-sky-brewing/4ea5ed75754afc1baa1125e6","category":"Brewery","checkinsCount":2296,"usersCount":1300,"tipCount":26,"visitsCount":2611,"url":"http://fallingskybrewing.com","tier":2,"message":"Moderate","currency":"$","rating":8.5},{"name":"Hop Valley Brewing Co.","phone":"5414852337","twitter":"hopvalley","address":"990 W 1st Ave","lat":44.058505954176326,"lng":-123.10738563537596,"neighborhood":"Whiteaker","city_fetched":"Eugene","state":"OR","country":"United States","canonicalUrl":"https://foursquare.com/v/hop-valley-brewing-co/509430aa7ab4da9e7e862332","category":"Brewery","checkinsCount":1399,"usersCount":1049,"tipCount":18,"visitsCount":2177,"url":"http://www.hopvalleybrewing.com","tier":2,"message":"Moderate","currency":"$","rating":8.5},{"name":"Sam Bond's Brewing Co.","phone":"5412468162","twitter":"sambondsbrewing","address":"540 E 8th Ave","lat":44.050864787296426,"lng":-123.08474779129027,"neighborhood":"Downtown Eugene","city_fetched":"Eugene","state":"OR","country":"United States","canonicalUrl":"https://foursquare.com/v/sam-bonds-brewing-co/512fb15bd63e265e91fd30f0","category":"Brewery","checkinsCount":131,"usersCount":109,"tipCount":5,"visitsCount":173,"url":"http://sambondsbrewing.com","tier":"","message":"","currency":"","rating":8.5},{"name":"Rye","phone":"5416538509","address":"444 E 3rd Ave","lat":44.05627777164199,"lng":-123.08592182478343,"neighborhood":"Downtown Eugene","city_fetched":"Eugene","state":"OR","country":"United States","canonicalUrl":"https://foursquare.com/v/rye/4f4bc1f0e4b093da151d7522","category":"Cocktail Bar","checkinsCount":389,"usersCount":325,"tipCount":6,"visitsCount":489,"url":"http://www.ryeon3rd.com","tier":2,"message":"Moderate","currency":"$","rating":8.4},{"name":"Blairally Vintage Arcade","phone":"5416831721","twitter":"ninball","address":"245 Blair Blvd","lat":44.05699861738566,"lng":-123.11044335365295,"neighborhood":"Whiteaker","city_fetched":"Eugene","state":"OR","country":"United States","canonicalUrl":"https://foursquare.com/v/blairally-vintage-arcade/4e04d3591fc7116f1e96f8dd","category":"Arcade","checkinsCount":1063,"usersCount":376,"tipCount":21,"visitsCount":1139,"tier":"","message":"","currency":"","rating":8.3},{"name":"Fathom's Bar","phone":"5413444471","address":"790 E 14th Ave","lat":44.044230976971484,"lng":-123.08083713054657,"neighborhood":"West University","city_fetched":"Eugene","state":"OR","country":"United States","canonicalUrl":"https://foursquare.com/v/fathoms-bar/4b932217f964a520f33634e3","category":"Bar","checkinsCount":2307,"usersCount":403,"tipCount":14,"visitsCount":2345,"tier":"","message":"","currency":"","rating":8.3},{"name":"McMenamins North Bank","phone":"5413435622","twitter":"captainneon","address":"22 Club Rd","lat":44.05959381582587,"lng":-123.08501356894493,"city_fetched":"Eugene","state":"OR","country":"United States","canonicalUrl":"https://foursquare.com/v/mcmenamins-north-bank/4ab6f37af964a520927920e3","category":"Brewery","checkinsCount":2643,"usersCount":1671,"tipCount":36,"visitsCount":3235,"url":"http://www.mcmenamins.com/NorthBank","tier":2,"message":"Moderate","currency":"$","rating":8.2},{"name":"Steelhead Brewing Company","phone":"5416862739","address":"199 E 5th Ave","lat":44.05446188726419,"lng":-123.08984398841858,"neighborhood":"Downtown Eugene","city_fetched":"Eugene","state":"OR","country":"United States","canonicalUrl":"https://foursquare.com/v/steelhead-brewing-company/4ac797e0f964a5204db820e3","category":"Brewery","checkinsCount":2602,"usersCount":1656,"tipCount":26,"visitsCount":2702,"url":"http://steelheadbrewery.com/eugene.htm","tier":2,"message":"Moderate","currency":"$","rating":8.2},{"name":"Broadway Metro","phone":"5416863229","twitter":"broadwaymetro","address":"43 W Broadway","lat":44.050089820756796,"lng":-123.0933952331543,"neighborhood":"Downtown Eugene","city_fetched":"Eugene","state":"OR","country":"United States","canonicalUrl":"https://foursquare.com/v/broadway-metro/5192c9ddabd800893360120e","category":"Indie Movie Theater","checkinsCount":287,"usersCount":110,"tipCount":1,"visitsCount":298,"url":"http://broadwaymetro.com","tier":"","message":"","currency":"","rating":8.1},{"name":"Territorial Vineyards & Wine Company","phone":"5416849463","address":"907 W 3rd Ave","lat":44.056636,"lng":-123.106626,"neighborhood":"Whiteaker","city_fetched":"Eugene","state":"OR","country":"United States","canonicalUrl":"https://foursquare.com/v/territorial-vineyards--wine-company/4bab0c3df964a5200c933ae3","category":"Wine Bar","checkinsCount":159,"usersCount":124,"tipCount":2,"visitsCount":175,"url":"http://www.territorialvineyards.com","tier":"","message":"","currency":"","rating":8.1},{"name":"BJ's Restaurant and Brewhouse","phone":"5413442200","twitter":"bjsrestaurants","address":"1080 Valley River Way","lat":44.06944739,"lng":-123.1040883,"city_fetched":"Eugene","state":"OR","country":"United States","canonicalUrl":"https://foursquare.com/v/bjs-restaurant-and-brewhouse/51c1ff77498ec6e59ab3d272","category":"American Restaurant","checkinsCount":1234,"usersCount":1064,"tipCount":15,"visitsCount":2047,"url":"http://t.co/bl46gcjDLN","tier":2,"message":"Moderate","currency":"$","rating":8},{"name":"Agate Alley Bistro","phone":"5414858887","address":"1461 E 19th Ave","lat":44.039138,"lng":-123.07055103333333,"neighborhood":"South Eugene","city_fetched":"Eugene","state":"OR","country":"United States","canonicalUrl":"https://foursquare.com/v/agate-alley-bistro/4ac6b240f964a520dbb520e3","category":"Lounge","checkinsCount":2181,"usersCount":984,"tipCount":16,"visitsCount":2222,"url":"http://www.agatealley.com","tier":2,"message":"Moderate","currency":"$","rating":8},{"name":"Level Up Arcade","phone":"5413433912","twitter":"leveluparcade","address":"1290 Oak St","lat":44.045725,"lng":-123.091416,"neighborhood":"Downtown Eugene","city_fetched":"Eugene","state":"OR","country":"United States","canonicalUrl":"https://foursquare.com/v/level-up-arcade/4f59029da17c26a6017a115f","category":"Arcade","checkinsCount":1252,"usersCount":792,"tipCount":13,"visitsCount":1682,"url":"http://www.leveluparcade.com","tier":"","message":"","currency":"","rating":8},{"name":"High Street Brewery & Cafe","phone":"5413454905","twitter":"captainneon","address":"1243 High St","lat":44.046139,"lng":-123.087935,"neighborhood":"West University","city_fetched":"Eugene","state":"OR","country":"United States","canonicalUrl":"https://foursquare.com/v/high-street-brewery--cafe/4ab6f238f964a5208f7920e3","category":"Brewery","checkinsCount":1469,"usersCount":895,"tipCount":10,"visitsCount":1635,"url":"http://www.mcmenamins.com/HighStreet","tier":1,"message":"Cheap","currency":"$","rating":7.9},{"name":"Highlands Brew Pub","phone":"5414854304","address":"390 E 40th Ave","lat":44.01053379078363,"lng":-123.08760166168213,"neighborhood":"Southeast Eugene","city_fetched":"Eugene","state":"OR","country":"United States","canonicalUrl":"https://foursquare.com/v/highlands-brew-pub/4abaed2ef964a520648320e3","category":"Bar","checkinsCount":921,"usersCount":311,"tipCount":7,"visitsCount":1031,"tier":2,"message":"Moderate","currency":"$","rating":7.9},{"name":"Sixth Street Grill","phone":"5414852961","twitter":"streetstgrill","address":"55 W 6th Ave","lat":44.05344,"lng":-123.09368351,"neighborhood":"Downtown Eugene","city_fetched":"Eugene","state":"OR","country":"United States","canonicalUrl":"https://foursquare.com/v/sixth-street-grill/4b09bad4f964a5208b1c23e3","category":"Sports Bar","checkinsCount":1684,"usersCount":961,"tipCount":16,"visitsCount":1788,"url":"http://www.sixthstreetgrill.com","tier":2,"message":"Moderate","currency":"$","rating":7.9},{"name":"Wildcraft","address":"390 Lincoln St","lat":44.05565322982006,"lng":-123.09737455887097,"neighborhood":"Downtown Eugene","city_fetched":"Eugene","state":"OR","country":"United States","canonicalUrl":"https://foursquare.com/v/wildcraft/5466fe3d498e524c164fd42e","category":"Pub","checkinsCount":152,"usersCount":144,"tipCount":2,"visitsCount":230,"tier":"","message":"","currency":"","rating":7.8},{"name":"Growler Nation","phone":"5418441935","twitter":"mygrowlernation","address":"440 Coburg Rd #102","lat":44.0674938996269,"lng":-123.07338314509748,"city_fetched":"Eugene","state":"OR","country":"United States","canonicalUrl":"https://foursquare.com/v/growler-nation/5171ddd490e7483803e6240c","category":"Beer Store","checkinsCount":303,"usersCount":79,"tipCount":7,"visitsCount":346,"url":"http://thegrowlernation.com","tier":"","message":"","currency":"","rating":7.8},{"name":"The Old Pad","phone":"5416865022","address":"3355 E Amazon Dr","lat":44.02068257331848,"lng":-123.080617,"neighborhood":"Southeast Eugene","city_fetched":"Eugene","state":"OR","country":"United States","canonicalUrl":"https://foursquare.com/v/the-old-pad/4b62956bf964a5200b4c2ae3","category":"Sports Bar","checkinsCount":853,"usersCount":309,"tipCount":9,"visitsCount":912,"url":"http://theoldpad.com","tier":"","message":"","currency":"","rating":7.7},{"name":"Billy Mac's Bar & Grill","phone":"5416875722","address":"605 W 19th Ave","lat":44.039188,"lng":-123.101838,"neighborhood":"College Hill","city_fetched":"Eugene","state":"OR","country":"United States","canonicalUrl":"https://foursquare.com/v/billy-macs-bar--grill/4b8952bef964a520952b32e3","category":"Bar","checkinsCount":146,"usersCount":68,"tipCount":4,"visitsCount":158,"url":"http://www.billymacsgrill.com","tier":"","message":"","currency":"","rating":7.7},{"name":"Turtles Bar & Grill/The Loft","phone":"5414659038","address":"2690 Willamette St","lat":44.02923107838297,"lng":-123.09093413209946,"neighborhood":"College Hill","city_fetched":"Eugene","state":"OR","country":"United States","canonicalUrl":"https://foursquare.com/v/turtles-bar--grillthe-loft/4abc4d4bf964a520028720e3","category":"Bar","checkinsCount":1973,"usersCount":908,"tipCount":34,"visitsCount":2321,"tier":2,"message":"Moderate","currency":"$","rating":7.7},{"name":"Le Bar","phone":"5413423612","address":"296 E 5th Ave","lat":44.05379877272104,"lng":-123.08888375759125,"neighborhood":"Downtown Eugene","city_fetched":"Eugene","state":"OR","country":"United States","canonicalUrl":"https://foursquare.com/v/le-bar/4ebd63d6754a8144ababd9e0","category":"Lounge","checkinsCount":314,"usersCount":145,"tipCount":4,"visitsCount":319,"url":"http://www.innat5th.com/our-inn/march-a-le-bar.htm","tier":"","message":"","currency":"","rating":7.7},{"name":"Capella Market","phone":"5413451014","twitter":"capellamarket","address":"2489 Willamette St","lat":44.03190357898412,"lng":-123.09049288977141,"neighborhood":"Amazon","city_fetched":"Eugene","state":"OR","country":"United States","canonicalUrl":"https://foursquare.com/v/capella-market/4b48b62ef964a520b55326e3","category":"Gourmet Shop","checkinsCount":1195,"usersCount":339,"tipCount":4,"visitsCount":1555,"url":"http://www.capellamarket.com","tier":"","message":"","currency":"","rating":7.7},{"name":"Party Downtown","phone":"5413458228","address":"55 W Broadway","lat":44.050278,"lng":-123.093565,"neighborhood":"Downtown Eugene","city_fetched":"Eugene","state":"OR","country":"United States","canonicalUrl":"https://foursquare.com/v/party-downtown/51919c6a498eb1c3ddce7adf","category":"American Restaurant","checkinsCount":172,"usersCount":92,"tipCount":5,"visitsCount":173,"url":"http://www.partydowntowneugene.com","tier":2,"message":"Moderate","currency":"$","rating":7.7},{"name":"b² Wine Bar","phone":"5415058909","address":"2794 Shadow View Dr","lat":44.09315363907752,"lng":-123.06052357450831,"city_fetched":"Eugene","state":"OR","country":"United States","canonicalUrl":"https://foursquare.com/v/b%C2%B2-wine-bar/4b5e4565f964a520048729e3","category":"Wine Bar","checkinsCount":943,"usersCount":330,"tipCount":8,"visitsCount":1014,"url":"http://www.b2winebar.com","tier":"","message":"","currency":"","rating":7.6},{"name":"Quacker's Last Stop","phone":"5414855925","address":"2105 W 7th Ave","lat":44.05254191896889,"lng":-123.12475025653839,"neighborhood":"West Eugene","city_fetched":"Eugene","state":"OR","country":"United States","canonicalUrl":"https://foursquare.com/v/quackers-last-stop/4ac672bdf964a52060b420e3","category":"Sports Bar","checkinsCount":649,"usersCount":179,"tipCount":1,"visitsCount":774,"tier":"","message":"","currency":"","rating":7.6},{"name":"The Growler Guys","phone":"5416538425","twitter":"thegrowlerguys","address":"472 W 7th Ave","lat":44.05190321778413,"lng":-123.10003092920334,"city_fetched":"Eugene","state":"OR","country":"United States","canonicalUrl":"https://foursquare.com/v/the-growler-guys/524f9d9011d2820650562f48","category":"Beer Garden","checkinsCount":246,"usersCount":119,"tipCount":5,"visitsCount":312,"url":"http://www.thegrowlerguys.com","tier":"","message":"","currency":"","rating":7.6},{"name":"Rennie's Landing","phone":"5416870600","address":"1214 Kincaid St","lat":44.046419,"lng":-123.078632,"neighborhood":"University","city_fetched":"Eugene","state":"OR","country":"United States","canonicalUrl":"https://foursquare.com/v/rennies-landing/4ab69b40f964a5201d7820e3","category":"Bar","checkinsCount":5735,"usersCount":1628,"tipCount":26,"visitsCount":6052,"url":"http://www.rennieslanding.com","tier":"","message":"","currency":"","rating":7.5},{"name":"Side | Bar","phone":"5413431200","twitter":"sidebaralways","address":"1680 Coburg Rd","lat":44.08118,"lng":-123.06811,"city_fetched":"Eugene","state":"OR","country":"United States","canonicalUrl":"https://foursquare.com/sidebaralways","category":"Sports Bar","checkinsCount":1471,"usersCount":441,"tipCount":10,"visitsCount":1592,"url":"http://www.coburgsidebar.com","tier":"","message":"","currency":"","rating":7.5},{"name":"Growler USA - America's Microbrew Pub","phone":"5417620488","twitter":"growler_usa","address":"1365 Villard Street","lat":44.04469706571846,"lng":-123.06450281191808,"neighborhood":"University","city_fetched":"Eugene","state":"OR","country":"United States","canonicalUrl":"https://foursquare.com/v/growler-usa--americas-microbrew-pub/521434488bbdee307cafb712","category":"Pub","checkinsCount":135,"usersCount":83,"tipCount":3,"visitsCount":140,"url":"http://growlerusa.com/craft-beer-pubs/or-eugene-university/#1L9JW","tier":1,"message":"Cheap","currency":"$","rating":7.4},{"name":"Luckey's Club Cigar Store & Bar","phone":"5416874643","address":"933 Olive St","lat":44.04956779825333,"lng":-123.09393725868759,"neighborhood":"Downtown Eugene","city_fetched":"Eugene","state":"OR","country":"United States","canonicalUrl":"https://foursquare.com/v/luckeys-club-cigar-store--bar/4aebe3c8f964a5200dc521e3","category":"Dive Bar","checkinsCount":808,"usersCount":369,"tipCount":8,"visitsCount":820,"url":"http://luckeysclub.com","tier":"","message":"","currency":"","rating":7.4},{"name":"Sam's Place","phone":"5414844455","address":"825 Wilson St","lat":44.05031302118247,"lng":-123.13123097382908,"neighborhood":"West Eugene","city_fetched":"Eugene","state":"OR","country":"United States","canonicalUrl":"https://foursquare.com/v/sams-place/4bd0e2d0462cb7132559d907","category":"Sports Bar","checkinsCount":496,"usersCount":248,"tipCount":5,"visitsCount":696,"url":"http://www.samsplacetavern.com","tier":"","message":"","currency":"","rating":7.4},{"name":"Max's Tavern","phone":"5413498986","address":"550 E 13th Ave","lat":44.04532413197723,"lng":-123.08434009552002,"neighborhood":"West University","city_fetched":"Eugene","state":"OR","country":"United States","canonicalUrl":"https://foursquare.com/v/maxs-tavern/4ac6738ff964a52063b420e3","category":"Pub","checkinsCount":3371,"usersCount":1067,"tipCount":21,"visitsCount":3644,"tier":"","message":"","currency":"","rating":7.4},{"name":"The Starlight Lounge","phone":"5413433204","twitter":"starlightlounge","address":"830 Olive St","lat":44.05062767174528,"lng":-123.09443593025208,"neighborhood":"Downtown Eugene","city_fetched":"Eugene","state":"OR","country":"United States","canonicalUrl":"https://foursquare.com/v/the-starlight-lounge/4b09b9b0f964a520711c23e3","category":"Bar","checkinsCount":1713,"usersCount":718,"tipCount":19,"visitsCount":1797,"tier":"","message":"","currency":"","rating":7.3},{"name":"Jackalope Lounge","phone":"5414851519","address":"453 Willamette St","lat":44.05484741556187,"lng":-123.09257984161377,"neighborhood":"Downtown Eugene","city_fetched":"Eugene","state":"OR","country":"United States","canonicalUrl":"https://foursquare.com/v/jackalope-lounge/4aee4721f964a52053d321e3","category":"Bar","checkinsCount":1856,"usersCount":611,"tipCount":22,"visitsCount":1948,"url":"http://jackalopelounge.com","tier":1,"message":"Cheap","currency":"$","rating":7.3},{"name":"Falling Sky Delicatessen Pour House","phone":"5416539167","twitter":"fallingskybrew","address":"790 Blair Blvd","lat":44.05108369802579,"lng":-123.10547637684627,"city_fetched":"Eugene","state":"OR","country":"United States","canonicalUrl":"https://foursquare.com/v/falling-sky-delicatessen-pour-house/512fbc8bd63e265e9211b3c2","category":"Brewery","checkinsCount":813,"usersCount":485,"tipCount":14,"visitsCount":1000,"url":"http://fallingskybrewing.com","tier":2,"message":"Moderate","currency":"$","rating":7.3},{"name":"Wild Duck Café","phone":"5414853825","twitter":"wildduckcafe","address":"1419 Villard St","lat":44.04413457785495,"lng":-123.06445688009262,"neighborhood":"University","city_fetched":"Eugene","state":"OR","country":"United States","canonicalUrl":"https://foursquare.com/v/wild-duck-caf%C3%A9/4ec9a597722e143798f1ed3b","category":"Pub","checkinsCount":1832,"usersCount":980,"tipCount":16,"visitsCount":2315,"url":"http://www.wildduckcafe.net","tier":2,"message":"Moderate","currency":"$","rating":7.3},{"name":"The Broadway","phone":"5416850790","address":"17 Oakway Ctr","lat":44.0658955897922,"lng":-123.0778169631958,"city_fetched":"Eugene","state":"OR","country":"United States","canonicalUrl":"https://foursquare.com/v/the-broadway/4b3be8c2f964a5201c7e25e3","category":"Wine Shop","checkinsCount":240,"usersCount":106,"tipCount":2,"visitsCount":283,"tier":"","message":"","currency":"","rating":7.3},{"name":"Oregon Wine LAB","phone":"4582017413","address":"488 Lincoln St","lat":44.054646673939104,"lng":-123.0974172015708,"neighborhood":"Downtown Eugene","city_fetched":"Eugene","state":"OR","country":"United States","canonicalUrl":"https://foursquare.com/v/oregon-wine-lab/5283d27c11d25c1f6d9fe581","category":"Wine Bar","checkinsCount":188,"usersCount":134,"tipCount":1,"visitsCount":319,"url":"http://www.oregonwinelab.com","tier":"","message":"","currency":"","rating":7.2},{"name":"GoodTimes Cafe & Bar","phone":"5414847181","address":"375 E 7th Ave","lat":44.05266047303119,"lng":-123.0872006714344,"neighborhood":"Downtown Eugene","city_fetched":"Eugene","state":"OR","country":"United States","canonicalUrl":"https://foursquare.com/v/goodtimes-cafe--bar/4ab69ae8f964a520197820e3","category":"Sports Bar","checkinsCount":2128,"usersCount":622,"tipCount":5,"visitsCount":2345,"url":"http://www.nightouteugene.com/bars/61409/good-times","tier":"","message":"","currency":"","rating":7.2},{"name":"The Vintage","phone":"5413499181","address":"837 Lincoln St","lat":44.05051,"lng":-123.097081,"neighborhood":"Downtown Eugene","city_fetched":"Eugene","state":"OR","country":"United States","canonicalUrl":"https://foursquare.com/v/the-vintage/4b492b13f964a520976826e3","category":"Lounge","checkinsCount":1107,"usersCount":637,"tipCount":23,"visitsCount":1248,"url":"http://www.thevintageeugene.com","tier":2,"message":"Moderate","currency":"$","rating":7.2},{"name":"The Horsehead","phone":"5416833154","address":"99 W Broadway","lat":44.05030009,"lng":-123.09409591,"neighborhood":"Downtown Eugene","city_fetched":"Eugene","state":"OR","country":"United States","canonicalUrl":"https://foursquare.com/v/the-horsehead/4b075790f964a52050fc22e3","category":"Bar","checkinsCount":2801,"usersCount":836,"tipCount":30,"visitsCount":2868,"url":"http://horseheadbareugene.com","tier":1,"message":"Cheap","currency":"$","rating":7.1},{"name":"Viking Braggot Company","phone":"5416538371","address":"520 Commercial St Ste F","lat":44.05419655897472,"lng":-123.16772791423,"neighborhood":"West Eugene","city_fetched":"Eugene","state":"OR","country":"United States","canonicalUrl":"https://foursquare.com/v/viking-braggot-company/51bb9513498ef9c2433d72cb","category":"Brewery","checkinsCount":172,"usersCount":107,"tipCount":1,"visitsCount":209,"url":"http://www.drinkviking.com","tier":"","message":"","currency":"","rating":7.1},{"name":"Ambrosia","phone":"5413424141","twitter":"ambrosiaeugene","address":"174 E Broadway","lat":44.04977366234085,"lng":-123.09006929397583,"neighborhood":"Downtown Eugene","city_fetched":"Eugene","state":"OR","country":"United States","canonicalUrl":"https://foursquare.com/v/ambrosia/4b47d5aff964a520db4026e3","category":"Italian Restaurant","checkinsCount":582,"usersCount":378,"tipCount":11,"visitsCount":606,"url":"http://www.ambrosiarestaurant.com","tier":2,"message":"Moderate","currency":"$","rating":7.1},{"name":"The Cooler Restaurant & Bar","phone":"5414844355","twitter":"thecoolerbar","address":"20 Centennial Loop","lat":44.06014046528391,"lng":-123.08026313781738,"city_fetched":"Eugene","state":"OR","country":"United States","canonicalUrl":"https://foursquare.com/thecoolerbar","category":"American Restaurant","checkinsCount":1797,"usersCount":889,"tipCount":15,"visitsCount":2045,"url":"http://www.thecoolerbar.com","tier":2,"message":"Moderate","currency":"$","rating":7.1},{"name":"Wetlands Brew Pub & Sports Bar","phone":"5413453606","address":"922 Garfield St","lat":44.04963100494207,"lng":-123.12322944402695,"neighborhood":"West Eugene","city_fetched":"Eugene","state":"OR","country":"United States","canonicalUrl":"https://foursquare.com/v/wetlands-brew-pub--sports-bar/4b0b5e79f964a520e53023e3","category":"Sports Bar","checkinsCount":1028,"usersCount":392,"tipCount":11,"visitsCount":1278,"url":"http://www.nightouteugene.com/bars/62252/wetlands-brew-pub--sports-bar","tier":"","message":"","currency":"","rating":7},{"name":"East 19th Street Cafe","phone":"5413424025","twitter":"captainneon","address":"1485 E 19th Ave","lat":44.03926763824585,"lng":-123.07008597846888,"neighborhood":"South Eugene","city_fetched":"Eugene","state":"OR","country":"United States","canonicalUrl":"https://foursquare.com/v/east-19th-street-cafe/4ab6f2b2f964a520907920e3","category":"Brewery","checkinsCount":2069,"usersCount":1074,"tipCount":19,"visitsCount":2298,"url":"http://www.mcmenamins.com/East19","tier":2,"message":"Moderate","currency":"$","rating":6.9},{"name":"The Elk Horn Brewery","phone":"5415430393","twitter":"theelkhornbrew","address":"686 E Broadway","lat":44.049613204475975,"lng":-123.0826011311567,"neighborhood":"West University","city_fetched":"Eugene","state":"OR","country":"United States","canonicalUrl":"https://foursquare.com/v/the-elk-horn-brewery/53441169498eabb1b149f339","category":"Brewery","checkinsCount":382,"usersCount":439,"tipCount":6,"visitsCount":636,"tier":"","message":"","currency":"","rating":6.9}]