[{"name":"Heretic Brewing Company","phone":"9255266364","address":"1052 Horizon Dr","lat":38.2735481262207,"lng":-122.01544189453125,"city_fetched":"Fairfield","state":"CA","country":"United States","canonicalUrl":"https://foursquare.com/v/heretic-brewing-company/521e737511d26870e6f70833","category":"Brewery","checkinsCount":651,"usersCount":575,"tipCount":11,"visitsCount":1031,"url":"http://hereticbrewing.com","tier":"","message":"","currency":"","rating":9},{"name":"Anheuser-Busch Brewery","phone":"7074297595","twitter":"homeofbud","address":"3101 Busch Dr","lat":38.23766066503848,"lng":-122.09216013060635,"city_fetched":"Fairfield","state":"CA","country":"United States","canonicalUrl":"https://foursquare.com/v/anheuserbusch-brewery/4ba663aef964a5202d4d39e3","category":"Brewery","checkinsCount":2809,"usersCount":1729,"tipCount":13,"visitsCount":3096,"url":"http://www.budweisertours.com","tier":1,"message":"Cheap","currency":"$","rating":8.5},{"name":"Blue Victorian Winery","phone":"7074228025","address":"5071 Suisun Valley Rd","lat":38.294293,"lng":-122.121027,"city_fetched":"Fairfield","state":"CA","country":"United States","canonicalUrl":"https://foursquare.com/v/blue-victorian-winery/4b4f6a70f964a520950527e3","category":"Winery","checkinsCount":249,"usersCount":221,"tipCount":5,"visitsCount":353,"tier":"","message":"","currency":"","rating":8.4},{"name":"Favela's Fusion","phone":"7074218484","address":"1500 Oliver Rd Ste D","lat":38.25976629931194,"lng":-122.0688775693942,"city_fetched":"Fairfield","state":"CA","country":"United States","canonicalUrl":"https://foursquare.com/v/favelas-fusion/4b3a6202f964a520096625e3","category":"Mexican Restaurant","checkinsCount":492,"usersCount":291,"tipCount":13,"visitsCount":569,"url":"http://www.favelasfusion.com","tier":"","message":"","currency":"","rating":8.2},{"name":"Thompson's Corner","address":"2147 Cordelia Rd","lat":38.21109820347456,"lng":-122.13341280367848,"city_fetched":"Fairfield","state":"CA","country":"United States","canonicalUrl":"https://foursquare.com/v/thompsons-corner/4ad17dd9f964a5208ede20e3","category":"Dive Bar","checkinsCount":360,"usersCount":231,"tipCount":4,"visitsCount":488,"tier":"","message":"","currency":"","rating":7},{"name":"Right Eye Brewing","twitter":"righteyebrewing","address":"221 Benton Ct","lat":38.24155436389211,"lng":-122.04206812695698,"city_fetched":"Fairfield","state":"CA","country":"United States","canonicalUrl":"https://foursquare.com/v/right-eye-brewing/52926dfc11d20c6560ec4ce9","category":"Brewery","checkinsCount":41,"usersCount":31,"tipCount":4,"visitsCount":42,"url":"http://righteyebrewing.com","tier":"","message":"","currency":"","rating":6.7}]