[{"name":"Junkyard Brewing Company","phone":"7019365545","twitter":"junkyardbrewing","address":"1416 1st Ave. N.","lat":46.87622549581763,"lng":-96.75650596618652,"city_fetched":"Fargo","state":"MN","country":"United States","canonicalUrl":"https://foursquare.com/v/junkyard-brewing-company/52902d2411d20afeb2f1a0b1","category":"Brewery","checkinsCount":528,"usersCount":266,"tipCount":6,"visitsCount":705,"url":"http://www.junkyardbeer.com","tier":"","message":"","currency":"","rating":9.2},{"name":"The Fargo Brewing Company","phone":"7014782337","twitter":"fargobrewing","address":"610 N University Dr","lat":46.883007369252454,"lng":-96.79950185115581,"neighborhood":"Downtown Fargo","city_fetched":"Fargo","state":"ND","country":"United States","canonicalUrl":"https://foursquare.com/v/the-fargo-brewing-company/5217d8f411d2ae1cc392d3aa","category":"Brewery","checkinsCount":877,"usersCount":420,"tipCount":11,"visitsCount":1123,"url":"http://fargobrewing.com","tier":1,"message":"Cheap","currency":"$","rating":9.2},{"name":"Würst Bier Hall","phone":"7014782437","twitter":"wurstbierhall","address":"630 1st Ave N","lat":46.876651363070785,"lng":-96.78875233723355,"neighborhood":"Downtown Fargo","city_fetched":"Fargo","state":"ND","country":"United States","canonicalUrl":"https://foursquare.com/v/w%C3%BCrst-bier-hall/52c6084b498ed1cd40c01154","category":"German Restaurant","checkinsCount":2085,"usersCount":959,"tipCount":45,"visitsCount":2642,"url":"http://wurstfargo.com","tier":2,"message":"Moderate","currency":"$","rating":9.1},{"name":"JL Beers","phone":"7014923377","twitter":"jlbeers","address":"518 1st Ave N","lat":46.877076231014854,"lng":-96.78712606430054,"neighborhood":"Downtown Fargo","city_fetched":"Fargo","state":"ND","country":"United States","canonicalUrl":"https://foursquare.com/v/jl-beers/4b33d49ef964a520142025e3","category":"Burger Joint","checkinsCount":4993,"usersCount":1703,"tipCount":54,"visitsCount":5025,"url":"http://www.jlbeers.com","tier":2,"message":"Moderate","currency":"$","rating":9},{"name":"Rhombus Guys Pizza","phone":"7015404534","twitter":"rhombuspizza","address":"606 Main Ave","lat":46.874220093035035,"lng":-96.78838350031529,"neighborhood":"Downtown Fargo","city_fetched":"Fargo","state":"ND","country":"United States","canonicalUrl":"https://foursquare.com/v/rhombus-guys-pizza/4ddc200a1838306b81ff5347","category":"Pizza Place","checkinsCount":7387,"usersCount":2157,"tipCount":64,"visitsCount":8331,"url":"http://rhombuspizza.com","tier":2,"message":"Moderate","currency":"$","rating":9},{"name":"Spitfire Bar & Grill","phone":"7014788667","address":"1660 13th Ave E","lat":46.86239915846498,"lng":-96.8728494644165,"city_fetched":"Fargo","state":"ND","country":"United States","canonicalUrl":"https://foursquare.com/v/spitfire-bar--grill/4bafc098f964a520d61d3ce3","category":"BBQ Joint","checkinsCount":3549,"usersCount":1946,"tipCount":45,"visitsCount":4154,"url":"http://www.spitfirebarandgrillfargo.com","tier":2,"message":"Moderate","currency":"$","rating":8.9},{"name":"Old Chicago","phone":"7013568277","address":"2551 45th St S","lat":46.841693337088046,"lng":-96.86336517333984,"neighborhood":"Amber Valley","city_fetched":"Fargo","state":"ND","country":"United States","canonicalUrl":"https://foursquare.com/v/old-chicago/4b456471f964a520e40b26e3","category":"Pizza Place","checkinsCount":10059,"usersCount":2300,"tipCount":25,"visitsCount":11559,"url":"http://oldchicago.com","tier":2,"message":"Moderate","currency":"$","rating":8.5},{"name":"HoDo Lounge","phone":"7014786969","twitter":"hotel_donaldson","address":"101 Broadway N","lat":46.87709089874481,"lng":-96.78759813308716,"neighborhood":"Downtown Fargo","city_fetched":"Fargo","state":"ND","country":"United States","canonicalUrl":"https://foursquare.com/v/hodo-lounge/4b649cc2f964a5201ac22ae3","category":"Lounge","checkinsCount":6455,"usersCount":1893,"tipCount":49,"visitsCount":6640,"url":"http://www.hoteldonaldson.com","tier":2,"message":"Moderate","currency":"$","rating":8.5},{"name":"JL Beers","phone":"7013738484","twitter":"jlbeerswf","address":"810 13th Ave E","lat":46.86249811726833,"lng":-96.88475745992001,"city_fetched":"Fargo","state":"ND","country":"United States","canonicalUrl":"https://foursquare.com/v/jl-beers/4d1e11db0901721e29777ea5","category":"Burger Joint","checkinsCount":4122,"usersCount":1597,"tipCount":40,"visitsCount":4445,"url":"http://jlbeers.com","tier":2,"message":"Moderate","currency":"$","rating":8.4},{"name":"Lucky's 13 Pub","phone":"7015510013","twitter":"luckys13fargo","address":"4301 17th Ave S","lat":46.85572927393133,"lng":-96.85448737226632,"neighborhood":"West Acres","city_fetched":"Fargo","state":"ND","country":"United States","canonicalUrl":"https://foursquare.com/v/luckys-13-pub/4e6c17f245dd435bc0e62ba1","category":"American Restaurant","checkinsCount":5839,"usersCount":2535,"tipCount":56,"visitsCount":7348,"url":"http://luckys13pub.com","tier":2,"message":"Moderate","currency":"$","rating":8.3},{"name":"Sidestreet Grille & Pub","address":"404 4th Ave N","lat":46.87991986219603,"lng":-96.78487837314606,"neighborhood":"Downtown Fargo","city_fetched":"Fargo","state":"ND","country":"United States","canonicalUrl":"https://foursquare.com/v/sidestreet-grille--pub/56396f19cd10e68cc05d567b","category":"Pub","checkinsCount":361,"usersCount":228,"tipCount":4,"visitsCount":671,"tier":"","message":"","currency":"","rating":8.3},{"name":"NoBull Smokehouse and Bar","phone":"7014782000","twitter":"nobullfargo","address":"609 Np Ave N","lat":46.876074,"lng":-96.788319,"neighborhood":"Downtown Fargo","city_fetched":"Fargo","state":"ND","country":"United States","canonicalUrl":"https://foursquare.com/v/nobull-smokehouse-and-bar/554e7890498e1a6ae33197d5","category":"American Restaurant","checkinsCount":265,"usersCount":83,"tipCount":7,"visitsCount":279,"tier":"","message":"","currency":"","rating":8.2},{"name":"Drekker Brewing Company","phone":"7015406808","twitter":"drekkerbrewing","address":"630 1st Ave N Ste 6","lat":46.87681221119013,"lng":-96.78922891616821,"neighborhood":"Downtown Fargo","city_fetched":"Fargo","state":"ND","country":"United States","canonicalUrl":"https://foursquare.com/drekkerbrewing","category":"Brewery","checkinsCount":474,"usersCount":255,"tipCount":8,"visitsCount":568,"url":"http://www.drekkerbrewing.com","tier":2,"message":"Moderate","currency":"$","rating":8.2},{"name":"Granite City Food & Brewery","phone":"7012933000","address":"1636 42nd St S","lat":46.85593953485392,"lng":-96.85013115406036,"neighborhood":"West Acres","city_fetched":"Fargo","state":"ND","country":"United States","canonicalUrl":"https://foursquare.com/v/granite-city-food--brewery/4b8d938cf964a520060233e3","category":"Brewery","checkinsCount":7170,"usersCount":3385,"tipCount":59,"visitsCount":8640,"url":"http://www.gcfb.com","tier":2,"message":"Moderate","currency":"$","rating":8.2},{"name":"Tailgators","phone":"7012932091","address":"1322 Main Ave","lat":46.87455792382961,"lng":-96.79886705401918,"neighborhood":"Jefferson","city_fetched":"Fargo","state":"ND","country":"United States","canonicalUrl":"https://foursquare.com/v/tailgators/4b86419bf964a520118431e3","category":"Sports Bar","checkinsCount":3142,"usersCount":627,"tipCount":17,"visitsCount":3520,"url":"http://www.tailgatorsfargond.com","tier":"","message":"","currency":"","rating":8.1},{"name":"Franks Lounge","address":"2640 52nd Ave S","lat":46.802864129163424,"lng":-96.82141449907603,"city_fetched":"Fargo","state":"ND","country":"United States","canonicalUrl":"https://foursquare.com/v/franks-lounge/552ace6b498e4a1cb5d608a2","category":"Bar","checkinsCount":453,"usersCount":205,"tipCount":0,"visitsCount":798,"tier":"","message":"","currency":"","rating":8},{"name":"Chub's Pub and Package Place","phone":"7012358425","twitter":"chubspub","address":"421 University Dr N","lat":46.881242,"lng":-96.79782399999999,"neighborhood":"Downtown Fargo","city_fetched":"Fargo","state":"ND","country":"United States","canonicalUrl":"https://foursquare.com/v/chubs-pub-and-package-place/4b77a906f964a520eea52ee3","category":"Bar","checkinsCount":1662,"usersCount":566,"tipCount":9,"visitsCount":1797,"url":"http://www.chubspub.com","tier":"","message":"","currency":"","rating":8},{"name":"Dempsey's Public House","phone":"7012355913","address":"226 Broadway N","lat":46.87882899635586,"lng":-96.78775370121001,"neighborhood":"Downtown Fargo","city_fetched":"Fargo","state":"ND","country":"United States","canonicalUrl":"https://foursquare.com/v/dempseys-public-house/4b121356f964a520d48823e3","category":"Bar","checkinsCount":9940,"usersCount":1909,"tipCount":37,"visitsCount":10346,"url":"http://www.dempseyspublichouse.com","tier":1,"message":"Cheap","currency":"$","rating":7.9},{"name":"Duffy's","phone":"7012350445","address":"16 12th St S","lat":46.87431312587057,"lng":-96.79712802171707,"neighborhood":"Downtown Fargo","city_fetched":"Fargo","state":"ND","country":"United States","canonicalUrl":"https://foursquare.com/v/duffys/4b837b35f964a520840731e3","category":"Bar","checkinsCount":2300,"usersCount":512,"tipCount":19,"visitsCount":2619,"tier":1,"message":"Cheap","currency":"$","rating":7.9},{"name":"Three Lyons Pub","phone":"7012775966","address":"675 13th Ave E","lat":46.861724254025134,"lng":-96.88828825950623,"city_fetched":"Fargo","state":"ND","country":"United States","canonicalUrl":"https://foursquare.com/v/three-lyons-pub/4b52730df964a520db7d27e3","category":"Pub","checkinsCount":1989,"usersCount":844,"tipCount":16,"visitsCount":2488,"url":"http://threelyonspub.com","tier":2,"message":"Moderate","currency":"$","rating":7.8},{"name":"Toasted Frog","phone":"7014787888","twitter":"thetoastedfrog","address":"305 Broadway N","lat":46.879259,"lng":-96.787447,"neighborhood":"Downtown Fargo","city_fetched":"Fargo","state":"ND","country":"United States","canonicalUrl":"https://foursquare.com/v/toasted-frog/547e57a6498e3f39b2fb90f7","category":"American Restaurant","checkinsCount":274,"usersCount":173,"tipCount":10,"visitsCount":316,"url":"http://toastedfrog.com","tier":"","message":"","currency":"","rating":7.8},{"name":"Pub West","lat":46.83561799601576,"lng":-96.8855162403844,"city_fetched":"Fargo","state":"ND","country":"United States","canonicalUrl":"https://foursquare.com/v/pub-west/54922a70498e427c84b91517","category":"Bar","checkinsCount":178,"usersCount":180,"tipCount":2,"visitsCount":412,"tier":"","message":"","currency":"","rating":7.8},{"name":"Usher's House","phone":"2182870080","address":"700 1st Ave N","lat":46.87660061469306,"lng":-96.76942579526568,"city_fetched":"Fargo","state":"MN","country":"United States","canonicalUrl":"https://foursquare.com/v/ushers-house/4b58a7d5f964a520f66328e3","category":"American Restaurant","checkinsCount":1567,"usersCount":805,"tipCount":13,"visitsCount":1823,"url":"http://www.ushershouse.com","tier":2,"message":"Moderate","currency":"$","rating":7.7},{"name":"Fargo Country Club","address":"509 26th Ave S","lat":46.8405603398042,"lng":-96.78988300030953,"city_fetched":"Fargo","state":"ND","country":"United States","canonicalUrl":"https://foursquare.com/v/fargo-country-club/4b6a0efdf964a520c6c42be3","category":"Golf Course","checkinsCount":737,"usersCount":327,"tipCount":2,"visitsCount":984,"tier":"","message":"","currency":"","rating":7.6},{"name":"Pounds","twitter":"poundsfargo","address":"612 1st Ave N","lat":46.876901821607575,"lng":-96.78810604984311,"neighborhood":"Downtown Fargo","city_fetched":"Fargo","state":"ND","country":"United States","canonicalUrl":"https://foursquare.com/v/pounds/5575c038498efe5cbe6af881","category":"Burger Joint","checkinsCount":185,"usersCount":95,"tipCount":4,"visitsCount":196,"url":"http://poundsfargo.com","tier":"","message":"","currency":"","rating":7.6},{"name":"Bar Nine","address":"1405 Prairie Pkwy Ste 301","lat":46.86074856195627,"lng":-96.88568115234375,"city_fetched":"Fargo","state":"ND","country":"United States","canonicalUrl":"https://foursquare.com/v/bar-nine/4d7c092e7498a1cd564076fc","category":"Bar","checkinsCount":2750,"usersCount":723,"tipCount":14,"visitsCount":3156,"url":"http://barninefargo.com","tier":2,"message":"Moderate","currency":"$","rating":7.5},{"name":"Town Hall","phone":"7012823568","address":"103 Main Ave E","lat":46.87665086510219,"lng":-96.90014362335205,"city_fetched":"Fargo","state":"ND","country":"United States","canonicalUrl":"https://foursquare.com/v/town-hall/4b93339ef964a520e73a34e3","category":"Bar","checkinsCount":1347,"usersCount":338,"tipCount":3,"visitsCount":1614,"tier":1,"message":"Cheap","currency":"$","rating":7.5},{"name":"Silver Dollar Bar & Flying Pig Grill","phone":"7012810715","address":"221 Sheyenne St","lat":46.874029196803065,"lng":-96.90364940434371,"city_fetched":"Fargo","state":"ND","country":"United States","canonicalUrl":"https://foursquare.com/v/silver-dollar-bar--flying-pig-grill/4c51e144250dd13ad356f47d","category":"Bar","checkinsCount":1113,"usersCount":378,"tipCount":15,"visitsCount":1307,"url":"http://www.digthepig.com","tier":"","message":"","currency":"","rating":7.5},{"name":"Level 2 Bar at The Radisson","address":"201 5th St N","lat":46.878137,"lng":-96.786093,"neighborhood":"Downtown Fargo","city_fetched":"Fargo","state":"ND","country":"United States","canonicalUrl":"https://foursquare.com/v/level-2-bar-at-the-radisson/51a02a29498e6b546cf354f3","category":"Lounge","checkinsCount":140,"usersCount":72,"tipCount":6,"visitsCount":143,"tier":"","message":"","currency":"","rating":7.5},{"name":"Dave's Southside Tap","phone":"2184771010","address":"803 Belsly Blvd","lat":46.839099526405334,"lng":-96.766973,"city_fetched":"Fargo","state":"MN","country":"United States","canonicalUrl":"https://foursquare.com/v/daves-southside-tap/4bbba465e45295213af654a4","category":"Pub","checkinsCount":1296,"usersCount":583,"tipCount":9,"visitsCount":1438,"url":"http://www.southsidetap.com","tier":1,"message":"Cheap","currency":"$","rating":7.4},{"name":"Bismarck Tavern","phone":"7012356607","address":"522 Broadway N","lat":46.88179805040764,"lng":-96.7879579248207,"neighborhood":"Downtown Fargo","city_fetched":"Fargo","state":"ND","country":"United States","canonicalUrl":"https://foursquare.com/v/bismarck-tavern/4b837ea6f964a520e50731e3","category":"Dive Bar","checkinsCount":3406,"usersCount":742,"tipCount":15,"visitsCount":3727,"tier":"","message":"","currency":"","rating":7.3},{"name":"Pickled Parrot","phone":"7013565227","twitter":"pickledparrotnd","address":"505 3rd Ave N","lat":46.879112948211464,"lng":-96.78678749770334,"neighborhood":"Downtown Fargo","city_fetched":"Fargo","state":"ND","country":"United States","canonicalUrl":"https://foursquare.com/v/pickled-parrot/4db61b52be4d289345446720","category":"Bar","checkinsCount":2965,"usersCount":1079,"tipCount":12,"visitsCount":3247,"url":"http://www.thepickledparrotbar.com","tier":2,"message":"Moderate","currency":"$","rating":7.2},{"name":"The Bison Turf","phone":"7012359118","address":"1211 University Dr N","lat":46.890885995849715,"lng":-96.79761336054061,"neighborhood":"Roosevelt","city_fetched":"Fargo","state":"ND","country":"United States","canonicalUrl":"https://foursquare.com/v/the-bison-turf/4b1db74ef964a5204b1424e3","category":"Dive Bar","checkinsCount":6677,"usersCount":1270,"tipCount":26,"visitsCount":7027,"url":"http://thebisonturfnd.com","tier":2,"message":"Moderate","currency":"$","rating":7.2},{"name":"O'Leary's Pub & Grill","phone":"2182871957","twitter":"olearyspub","address":"808 30th Ave S","lat":46.84556229945872,"lng":-96.7664668832792,"city_fetched":"Fargo","state":"MN","country":"United States","canonicalUrl":"https://foursquare.com/v/olearys-pub--grill/4c263c9ec9bbef3b779fafac","category":"Bar","checkinsCount":2224,"usersCount":842,"tipCount":14,"visitsCount":2385,"url":"http://www.olearysmoorhead.com","tier":"","message":"","currency":"","rating":7.2},{"name":"The Gastropub at Fargo Billiards","phone":"7012824168","address":"3234 43rd St S","lat":46.83124551228614,"lng":-96.8560943821813,"city_fetched":"Fargo","state":"ND","country":"United States","canonicalUrl":"https://foursquare.com/v/the-gastropub-at-fargo-billiards/4bca77e9511f95217af8afc7","category":"Gastropub","checkinsCount":3645,"usersCount":1577,"tipCount":24,"visitsCount":4232,"url":"http://fargobilliards.com","tier":2,"message":"Moderate","currency":"$","rating":7.2},{"name":"Vic's Bar & Grill","phone":"2182367714","address":"512 Center Ave","lat":46.87551409482379,"lng":-96.77330732345581,"city_fetched":"Fargo","state":"MN","country":"United States","canonicalUrl":"https://foursquare.com/v/vics-bar--grill/4bb68df82ea195217be4ab2f","category":"Bar","checkinsCount":938,"usersCount":284,"tipCount":9,"visitsCount":1025,"tier":1,"message":"Cheap","currency":"$","rating":7.1},{"name":"The Bomb Shelter","phone":"7012375410","twitter":"fgobombshelter","address":"325 10th St N","lat":46.88033287867454,"lng":-96.79354110681028,"neighborhood":"Downtown Fargo","city_fetched":"Fargo","state":"ND","country":"United States","canonicalUrl":"https://foursquare.com/v/the-bomb-shelter/4caaafae965c9c7418dccafa","category":"Bar","checkinsCount":2195,"usersCount":689,"tipCount":13,"visitsCount":2339,"url":"http://www.thebombshelterfargo.com","tier":"","message":"","currency":"","rating":7.1},{"name":"The Bowler Bar","phone":"7012930200","address":"2630 University Dr S","lat":46.8392158079215,"lng":-96.79824408388481,"city_fetched":"Fargo","state":"ND","country":"United States","canonicalUrl":"https://foursquare.com/v/the-bowler-bar/4be24d061dd22d7fbdee93bd","category":"Bar","checkinsCount":2016,"usersCount":838,"tipCount":14,"visitsCount":2134,"url":"http://thebowler.net","tier":1,"message":"Cheap","currency":"$","rating":7},{"name":"Nestor Tavern & Offsale","phone":"7012322485","address":"1001 Np Ave N","lat":46.87625483173862,"lng":-96.79481863975525,"neighborhood":"Downtown Fargo","city_fetched":"Fargo","state":"ND","country":"United States","canonicalUrl":"https://foursquare.com/v/nestor-tavern--offsale/4bb2d85eeb3e95213b94ca0a","category":"Bar","checkinsCount":585,"usersCount":235,"tipCount":1,"visitsCount":606,"tier":"","message":"","currency":"","rating":7},{"name":"The Aquarium","phone":"7012355913","address":"226 Broadway N","lat":46.8788404,"lng":-96.787917137146,"neighborhood":"Downtown Fargo","city_fetched":"Fargo","state":"ND","country":"United States","canonicalUrl":"https://foursquare.com/v/the-aquarium/4b85eea3f964a520337a31e3","category":"Music Venue","checkinsCount":1577,"usersCount":499,"tipCount":7,"visitsCount":1599,"tier":"","message":"","currency":"","rating":7}]