[{"name":"Farmington Brewing Company","phone":"2489579543","address":"33336 Grand River Ave","lat":42.464963460305725,"lng":-83.37613480326576,"neighborhood":"Downtown Farmington","city_fetched":"Farmington","state":"MI","country":"United States","canonicalUrl":"https://foursquare.com/v/farmington-brewing-company/54660d84498eef23bcc63f4b","category":"Brewery","checkinsCount":344,"usersCount":191,"tipCount":8,"visitsCount":382,"url":"http://fbcbrewing.com","tier":"","message":"","currency":"","rating":8.7},{"name":"Basement Burger Bar","phone":"2489578179","address":"33316 Grand River Ave","lat":42.464773336282676,"lng":-83.37569656462244,"neighborhood":"Downtown Farmington","city_fetched":"Farmington","state":"MI","country":"United States","canonicalUrl":"https://foursquare.com/v/basement-burger-bar/4bd1b192caff95214f15d1f0","category":"Burger Joint","checkinsCount":4124,"usersCount":1874,"tipCount":53,"visitsCount":4565,"url":"http://basementburgerbar.com","tier":2,"message":"Moderate","currency":"$","rating":8.5},{"name":"John Cowley & Sons Irish Pub and Restaurant","phone":"2484745941","twitter":"johncowleys","address":"33338 Grand River Ave","lat":42.4649544265589,"lng":-83.37626338005066,"neighborhood":"Downtown Farmington","city_fetched":"Farmington","state":"MI","country":"United States","canonicalUrl":"https://foursquare.com/v/john-cowley--sons-irish-pub-and-restaurant/4c142a977f7f2d7ff37ce068","category":"Pub","checkinsCount":2537,"usersCount":1010,"tipCount":24,"visitsCount":2600,"url":"http://www.johncowleys.com","tier":2,"message":"Moderate","currency":"$","rating":7.5},{"name":"Bottom of the 5th","phone":"2489874245","address":"30859 W 10 Mile Rd","lat":42.46998429734362,"lng":-83.3540521919336,"neighborhood":"Farmington","city_fetched":"Farmington","state":"MI","country":"United States","canonicalUrl":"https://foursquare.com/v/bottom-of-the-5th/4ec08c97b8f7963bce0f9202","category":"Bar","checkinsCount":912,"usersCount":302,"tipCount":8,"visitsCount":1030,"tier":"","message":"","currency":"","rating":7.4},{"name":"Craft Breww City","address":"27843 Orchard Lake Rd","lat":42.500179023427776,"lng":-83.35958921368682,"neighborhood":"Farmington","city_fetched":"Farmington","state":"MI","country":"United States","canonicalUrl":"https://foursquare.com/v/craft-breww-city/548614c3498eec64952e353f","category":"Beer Garden","checkinsCount":578,"usersCount":461,"tipCount":11,"visitsCount":821,"tier":"","message":"","currency":"","rating":7.2},{"name":"Grand Tavern","phone":"2484765700","twitter":"grandtavern","address":"35450 Grand River Ave","lat":42.47006651951453,"lng":-83.396890311672,"neighborhood":"Farmington","city_fetched":"Farmington","state":"MI","country":"United States","canonicalUrl":"https://foursquare.com/v/grand-tavern/4b8e9419f964a520dc2933e3","category":"Sports Bar","checkinsCount":3281,"usersCount":1001,"tipCount":27,"visitsCount":3710,"url":"http://www.grand-tavern.com","tier":2,"message":"Moderate","currency":"$","rating":7.2},{"name":"Page's Food & Spirits","phone":"2484770099","twitter":"pagestoday","address":"23621 Farmington Rd","lat":42.464263791649365,"lng":-83.37639565817645,"neighborhood":"Downtown Farmington","city_fetched":"Farmington","state":"MI","country":"United States","canonicalUrl":"https://foursquare.com/v/pages-food--spirits/4a9487e2f964a520e82120e3","category":"Pub","checkinsCount":1232,"usersCount":280,"tipCount":6,"visitsCount":1338,"url":"http://www.pagesfoodandspirits.com","tier":"","message":"","currency":"","rating":6.3},{"name":"Mulligan's Pub & Grub","phone":"2484710777","address":"27406 W 8 Mile Rd","lat":42.442318883333336,"lng":-83.31721526666666,"neighborhood":"Farmington","city_fetched":"Farmington","state":"MI","country":"United States","canonicalUrl":"https://foursquare.com/v/mulligans-pub--grub/41326e00f964a5209c0f1fe3","category":"Bar","checkinsCount":708,"usersCount":144,"tipCount":7,"visitsCount":730,"tier":"","message":"","currency":"","rating":6.3},{"name":"O'Toole's","phone":"2484266454","address":"32350 W 8 Mile Rd","lat":42.441181,"lng":-83.36538248333333,"neighborhood":"Farmington","city_fetched":"Farmington","state":"MI","country":"United States","canonicalUrl":"https://foursquare.com/v/otooles/4ba17128f964a52074b737e3","category":"Bar","checkinsCount":760,"usersCount":227,"tipCount":7,"visitsCount":792,"tier":"","message":"","currency":"","rating":6.1},{"name":"Blue Moose Tavern","phone":"2484743533","twitter":"thebluemoosetav","address":"31650 W 8 Mile Rd","lat":42.441289867168486,"lng":-83.35893690327237,"neighborhood":"Farmington","city_fetched":"Farmington","state":"MI","country":"United States","canonicalUrl":"https://foursquare.com/v/blue-moose-tavern/50930c99e4b0abc855042136","category":"Bar","checkinsCount":601,"usersCount":189,"tipCount":3,"visitsCount":724,"url":"http://www.bluemoosetavern.net","tier":"","message":"","currency":"","rating":5.9},{"name":"Scores Bar and Grill","phone":"2484770123","address":"24365 Halsted Rd","lat":42.470564546554264,"lng":-83.416335636244,"neighborhood":"Farmington","city_fetched":"Farmington","state":"MI","country":"United States","canonicalUrl":"https://foursquare.com/v/scores-bar-and-grill/4cb4be2c21a176b074b2f422","category":"Bar","checkinsCount":1423,"usersCount":517,"tipCount":15,"visitsCount":1705,"url":"http://scoresbar.net","tier":"","message":"","currency":"","rating":5.9}]