[{"name":"Fernley Black Bear Diner","phone":"7758358512","twitter":"blackbeardiner","address":"1190 E Main St Ste B","lat":39.60481963211712,"lng":-119.23117511261148,"city_fetched":"Fernley","state":"NV","country":"United States","canonicalUrl":"https://foursquare.com/v/fernley-black-bear-diner/5490ab5e498ea71072161622","category":"American Restaurant","checkinsCount":401,"usersCount":351,"tipCount":6,"visitsCount":524,"url":"http://t.co/IB9EDAf8xZ","tier":2,"message":"Moderate","currency":"$","rating":6.7}]