[{"name":"Mother Road Brewing Company","phone":"9287749139","twitter":"motherroadbeer","address":"7 South Mikes Pike","lat":35.19692232888026,"lng":-111.65244340896605,"city_fetched":"Flagstaff","state":"AZ","country":"United States","canonicalUrl":"https://foursquare.com/motherroadbeer","category":"Brewery","checkinsCount":3037,"usersCount":1184,"tipCount":31,"visitsCount":3424,"url":"http://www.motherroadbeer.com","tier":1,"message":"Cheap","currency":"$","rating":9.4},{"name":"Hops On Birch","phone":"9287744011","address":"22 E Birch Ave Ste 2","lat":35.199286,"lng":-111.647546,"neighborhood":"Downtown Flagstaff","city_fetched":"Flagstaff","state":"AZ","country":"United States","canonicalUrl":"https://foursquare.com/v/hops-on-birch/4f6d2f3ee4b0e14a3ec579e3","category":"Lounge","checkinsCount":2342,"usersCount":926,"tipCount":22,"visitsCount":2521,"url":"http://hopsonbirch.com","tier":"","message":"","currency":"","rating":9.1},{"name":"Beaver Street Brewery","phone":"9287790079","address":"11 S Beaver St","lat":35.19657364930249,"lng":-111.65111771689968,"city_fetched":"Flagstaff","state":"AZ","country":"United States","canonicalUrl":"https://foursquare.com/v/beaver-street-brewery/413ba880f964a520091b1fe3","category":"Brewery","checkinsCount":7550,"usersCount":5090,"tipCount":123,"visitsCount":8120,"url":"http://www.beaverstreetbrewery.com","tier":2,"message":"Moderate","currency":"$","rating":8.9},{"name":"Lumberyard Brewing Co.","phone":"9287792739","address":"5 S San Francisco St","lat":35.19651902997052,"lng":-111.64875268936157,"city_fetched":"Flagstaff","state":"AZ","country":"United States","canonicalUrl":"https://foursquare.com/v/lumberyard-brewing-co/4bf1a266d39ad13a3d7aaa0e","category":"Brewery","checkinsCount":8227,"usersCount":4587,"tipCount":92,"visitsCount":9563,"url":"http://lumberyardbrewingcompany.com","tier":2,"message":"Moderate","currency":"$","rating":8.9},{"name":"Historic Barrel + Bottle House","phone":"9287740454","address":"110 S San Francisco St Apt C","lat":35.195037,"lng":-111.648673,"city_fetched":"Flagstaff","state":"AZ","country":"United States","canonicalUrl":"https://foursquare.com/v/historic-barrel--bottle-house/55383101498e32049d8896eb","category":"Gastropub","checkinsCount":259,"usersCount":240,"tipCount":1,"visitsCount":343,"url":"http://www.historicbrewingcompany.com/barrelbottle-house-1/","tier":"","message":"","currency":"","rating":8.7},{"name":"Rendevous","address":"100 San Francisco","lat":35.19815098946781,"lng":-111.64758935251004,"neighborhood":"Downtown Flagstaff","city_fetched":"Flagstaff","state":"AZ","country":"United States","canonicalUrl":"https://foursquare.com/v/rendevous/4af33ddbf964a5200cec21e3","category":"Coffee Shop","checkinsCount":2949,"usersCount":1271,"tipCount":33,"visitsCount":2980,"tier":2,"message":"Moderate","currency":"$","rating":8.4},{"name":"Wine Loft","address":"17 N San Francisco St #2","lat":35.197951,"lng":-111.648051,"neighborhood":"Downtown Flagstaff","city_fetched":"Flagstaff","state":"AZ","country":"United States","canonicalUrl":"https://foursquare.com/v/wine-loft/4b6ce16bf964a520435b2ce3","category":"Wine Bar","checkinsCount":996,"usersCount":518,"tipCount":11,"visitsCount":1001,"tier":"","message":"","currency":"","rating":8.4},{"name":"The State Bar","phone":"9282661282","address":"10 E Route 66","lat":35.1973564067651,"lng":-111.64867813825062,"neighborhood":"Downtown Flagstaff","city_fetched":"Flagstaff","state":"AZ","country":"United States","canonicalUrl":"https://foursquare.com/v/the-state-bar/5153aabce4b02b4fff11eea3","category":"Bar","checkinsCount":483,"usersCount":212,"tipCount":7,"visitsCount":500,"tier":"","message":"","currency":"","rating":8.3},{"name":"Flagstaff Brewing Company","phone":"9287731442","twitter":"flagstaffbeer","address":"16 E Route 66","lat":35.19755788341563,"lng":-111.64846853244158,"neighborhood":"Downtown Flagstaff","city_fetched":"Flagstaff","state":"AZ","country":"United States","canonicalUrl":"https://foursquare.com/v/flagstaff-brewing-company/4aedf7d1f964a520bed021e3","category":"Brewery","checkinsCount":4323,"usersCount":2554,"tipCount":29,"visitsCount":4490,"url":"http://www.flagbrew.com","tier":2,"message":"Moderate","currency":"$","rating":8.1},{"name":"The Green Room","phone":"9282268669","twitter":"flaggreenroom","address":"15 N Agassiz St","lat":35.197448367927336,"lng":-111.6471004486084,"neighborhood":"Downtown Flagstaff","city_fetched":"Flagstaff","state":"AZ","country":"United States","canonicalUrl":"https://foursquare.com/flaggreenroom","category":"Bar","checkinsCount":3570,"usersCount":1217,"tipCount":13,"visitsCount":3777,"url":"http://flagstaffgreenroom.com","tier":"","message":"","currency":"","rating":8.1},{"name":"Wanderlust Brewing Company","phone":"9283517952","twitter":"wanderlust_beer","address":"1519 N Main St Ste 102","lat":35.202422,"lng":-111.618197,"neighborhood":"Sunnyside","city_fetched":"Flagstaff","state":"AZ","country":"United States","canonicalUrl":"https://foursquare.com/v/wanderlust-brewing-company/4fb94216e4b0fdfd00e0ca27","category":"Brewery","checkinsCount":419,"usersCount":253,"tipCount":6,"visitsCount":629,"url":"http://www.wanderlustbrewing.com","tier":"","message":"","currency":"","rating":7.9},{"name":"Porky's Pub","phone":"9287741011","address":"5022-5056 S Woody Mountain Rd","lat":35.19174934554497,"lng":-111.62452688692359,"city_fetched":"Flagstaff","state":"AZ","country":"United States","canonicalUrl":"https://foursquare.com/v/porkys-pub/4ccbc29a511b236a5ddaecc9","category":"Pub","checkinsCount":382,"usersCount":240,"tipCount":6,"visitsCount":382,"url":"http://porkys-pub.com","tier":"","message":"","currency":"","rating":7.9},{"name":"Vino Loco Wine Shop and Bar","lat":35.19917,"lng":-111.647332,"neighborhood":"Downtown Flagstaff","city_fetched":"Flagstaff","state":"Arizona","country":"United States","canonicalUrl":"https://foursquare.com/v/vino-loco-wine-shop-and-bar/4d1e9f9386e154815d73ab3a","category":"Wine Bar","checkinsCount":631,"usersCount":254,"tipCount":6,"visitsCount":643,"tier":"","message":"","currency":"","rating":7.6},{"name":"Monte Vista Cocktail Lounge","phone":"9287742403","address":"100 N San Francisco St","lat":35.198146091993216,"lng":-111.64742050338226,"neighborhood":"Downtown Flagstaff","city_fetched":"Flagstaff","state":"AZ","country":"United States","canonicalUrl":"https://foursquare.com/v/monte-vista-cocktail-lounge/4d30b440d902236a70fa55e4","category":"Dive Bar","checkinsCount":2355,"usersCount":1029,"tipCount":10,"visitsCount":2404,"tier":1,"message":"Cheap","currency":"$","rating":7.6},{"name":"Uptown Pubhouse","phone":"9287730551","address":"114 N Leroux St","lat":35.19891321659088,"lng":-111.648332,"neighborhood":"Downtown Flagstaff","city_fetched":"Flagstaff","state":"AZ","country":"United States","canonicalUrl":"https://foursquare.com/v/uptown-pubhouse/4ace1de4f964a52081ce20e3","category":"Bar","checkinsCount":2646,"usersCount":589,"tipCount":13,"visitsCount":2657,"url":"http://uptownpubhouse.com","tier":"","message":"","currency":"","rating":7.6},{"name":"Dark Sky Brewing","address":"117 N Beaver St","lat":35.19956970214844,"lng":-111.64976501464844,"neighborhood":"Downtown Flagstaff","city_fetched":"Flagstaff","state":"AZ","country":"United States","canonicalUrl":"https://foursquare.com/v/dark-sky-brewing/554185ee498ecd33ca20c9f9","category":"Brewery","checkinsCount":236,"usersCount":191,"tipCount":1,"visitsCount":323,"tier":"","message":"","currency":"","rating":7.6},{"name":"Tinderbox Annex","phone":"9282268400","address":"50 S San Francisco St","lat":35.19560307,"lng":-111.6487044095993,"city_fetched":"Flagstaff","state":"AZ","country":"United States","canonicalUrl":"https://foursquare.com/v/tinderbox-annex/4c672928e1da1b8d01519dc3","category":"Cocktail Bar","checkinsCount":468,"usersCount":222,"tipCount":36,"visitsCount":479,"url":"http://www.tinderboxkitchen.com","tier":"","message":"","currency":"","rating":7.5},{"name":"Hotel Weatherford","address":"2-98 N Leroux St","lat":35.198426040560115,"lng":-111.6488877440587,"neighborhood":"Downtown Flagstaff","city_fetched":"Flagstaff","state":"AZ","country":"United States","canonicalUrl":"https://foursquare.com/v/hotel-weatherford/4b528851f964a5204d8127e3","category":"Hotel","checkinsCount":877,"usersCount":638,"tipCount":9,"visitsCount":884,"tier":"","message":"","currency":"","rating":7.5},{"name":"Museum Club","address":"3404 E Rte-66","lat":35.21409236,"lng":-111.59962,"city_fetched":"Flagstaff","state":"AZ","country":"United States","canonicalUrl":"https://foursquare.com/v/museum-club/4be4ddc42457a59336ebaa15","category":"Bar","checkinsCount":1496,"usersCount":668,"tipCount":11,"visitsCount":1586,"tier":"","message":"","currency":"","rating":7.4},{"name":"Rendezvous","address":"Hotel Monte Vista","lat":35.19825,"lng":-111.647603,"neighborhood":"Downtown Flagstaff","city_fetched":"Flagstaff","state":"AZ","country":"United States","canonicalUrl":"https://foursquare.com/v/rendezvous/51a1a99c498ea7254c091b78","category":"Cocktail Bar","checkinsCount":94,"usersCount":72,"tipCount":4,"visitsCount":96,"tier":"","message":"","currency":"","rating":7.2},{"name":"Historic Brewing Company","phone":"9287070900","twitter":"historicbrewco","address":"4366 E Huntington Dr","lat":35.218462442556564,"lng":-111.58652418725609,"city_fetched":"Flagstaff","state":"AZ","country":"United States","canonicalUrl":"https://foursquare.com/v/historic-brewing-company/5275615f498e4b0c3a67f89f","category":"Brewery","checkinsCount":226,"usersCount":160,"tipCount":4,"visitsCount":237,"tier":"","message":"","currency":"","rating":7.2},{"name":"The McMillan","address":"2 W Route 66","lat":35.19768958305392,"lng":-111.649213797536,"neighborhood":"Downtown Flagstaff","city_fetched":"Flagstaff","state":"AZ","country":"United States","canonicalUrl":"https://foursquare.com/v/the-mcmillan/5389494a498e5e2ed87c9d8d","category":"Cocktail Bar","checkinsCount":249,"usersCount":185,"tipCount":2,"visitsCount":271,"tier":"","message":"","currency":"","rating":7.1},{"name":"Charly's Pub & Grill","phone":"9287791919","address":"23 N Leroux St","lat":35.19840241663986,"lng":-111.64890521120932,"neighborhood":"Downtown Flagstaff","city_fetched":"Flagstaff","state":"AZ","country":"United States","canonicalUrl":"https://foursquare.com/v/charlys-pub--grill/4b5287fcf964a520438127e3","category":"American Restaurant","checkinsCount":2367,"usersCount":1074,"tipCount":19,"visitsCount":2383,"url":"http://www.weatherfordhotel.com","tier":"","message":"","currency":"","rating":7.1},{"name":"Pay 'n' Take","phone":"9282268595","address":"12 W Aspen Ave","lat":35.19871817663778,"lng":-111.6492545542205,"neighborhood":"Downtown Flagstaff","city_fetched":"Flagstaff","state":"AZ","country":"United States","canonicalUrl":"https://foursquare.com/v/pay-n-take/4c2eab42ed37a593001a6603","category":"Bar","checkinsCount":583,"usersCount":276,"tipCount":4,"visitsCount":586,"tier":"","message":"","currency":"","rating":7},{"name":"Zane Grey","lat":35.19847851785998,"lng":-111.64896726608276,"neighborhood":"Downtown Flagstaff","city_fetched":"Flagstaff","state":"AZ","country":"United States","canonicalUrl":"https://foursquare.com/v/zane-grey/4beb921c6295c9b6f1ef8708","category":"Bar","checkinsCount":1173,"usersCount":463,"tipCount":7,"visitsCount":1177,"tier":"","message":"","currency":"","rating":7}]