[{"name":"Kybecca","phone":"5403733338","twitter":"kybecca","address":"402 William St","lat":38.3028410185992,"lng":-77.4617614567251,"neighborhood":"Downtown Fredericksburg","city_fetched":"Fredericksburg","state":"VA","country":"United States","canonicalUrl":"https://foursquare.com/v/kybecca/4af4bc87f964a5208af521e3","category":"New American Restaurant","checkinsCount":1156,"usersCount":522,"tipCount":25,"visitsCount":1191,"url":"http://kybecca.com","tier":3,"message":"Expensive","currency":"$","rating":8.6},{"name":"Blue & Gray Brewing Co.","phone":"5403717799","address":"3300 Dill Smith Dr","lat":38.27988714610106,"lng":-77.44793024521691,"city_fetched":"Fredericksburg","state":"VA","country":"United States","canonicalUrl":"https://foursquare.com/v/blue--gray-brewing-co/4c941cc772dd224b913a9791","category":"Brewery","checkinsCount":663,"usersCount":606,"tipCount":17,"visitsCount":864,"url":"http://www.blueandgraybrewingco.com","tier":"","message":"","currency":"","rating":8.6},{"name":"Capital Ale House","phone":"5403712337","address":"917 Caroline St","lat":38.303358,"lng":-77.459122,"neighborhood":"Downtown Fredericksburg","city_fetched":"Fredericksburg","state":"VA","country":"United States","canonicalUrl":"https://foursquare.com/v/capital-ale-house/4a66366af964a52039c81fe3","category":"Brewery","checkinsCount":6904,"usersCount":2972,"tipCount":61,"visitsCount":7445,"url":"http://capitalalehouse.com","tier":2,"message":"Moderate","currency":"$","rating":8.6},{"name":"Park Lane Tavern","phone":"5405480550","twitter":"parklanefxbg","address":"1 Towne Centre Blvd","lat":38.29045700304881,"lng":-77.511120173346,"city_fetched":"Fredericksburg","state":"VA","country":"United States","canonicalUrl":"https://foursquare.com/v/park-lane-tavern/4bb68a9b46d4a593766cc6c0","category":"Modern European Restaurant","checkinsCount":2314,"usersCount":1122,"tipCount":44,"visitsCount":2475,"url":"http://parklanetavern.com","tier":2,"message":"Moderate","currency":"$","rating":8.5},{"name":"Total Wine & More","phone":"5407856737","twitter":"totalwine","address":"1641 Carl D Silver Parkway","lat":38.304929,"lng":-77.507648,"city_fetched":"Fredericksburg","state":"VA","country":"United States","canonicalUrl":"https://foursquare.com/v/total-wine--more/4b8041ccf964a520866130e3","category":"Wine Shop","checkinsCount":1028,"usersCount":579,"tipCount":12,"visitsCount":1189,"url":"http://www.totalwine.com","tier":"","message":"","currency":"","rating":8.5},{"name":"Sedona Taphouse","phone":"5409402294","twitter":"sthfburg","address":"501 William St","lat":38.302269,"lng":-77.46391,"neighborhood":"Downtown Fredericksburg, Fredericksburg, VA","city_fetched":"Fredericksburg","state":"VA","country":"United States","canonicalUrl":"https://foursquare.com/v/sedona-taphouse/5611b421498e9034254cf766","category":"Gastropub","checkinsCount":234,"usersCount":265,"tipCount":4,"visitsCount":517,"url":"http://www.sedonataphouse.com","tier":"","message":"","currency":"","rating":8.4},{"name":"Happy Endings Bar & Grill","phone":"5403104065","address":"1315 Princess Anne St","lat":38.30681126417184,"lng":-77.4628220316071,"city_fetched":"Fredericksburg","state":"VA","country":"United States","canonicalUrl":"https://foursquare.com/v/happy-endings-bar--grill/4bca2a4afb84c9b65d941c3e","category":"Bar","checkinsCount":906,"usersCount":364,"tipCount":6,"visitsCount":1070,"tier":2,"message":"Moderate","currency":"$","rating":8.1},{"name":"Castiglia's Italian Restaurant","phone":"5403736650","address":"324 William St","lat":38.30288504790927,"lng":-77.46154470807676,"neighborhood":"Downtown Fredericksburg","city_fetched":"Fredericksburg","state":"VA","country":"United States","canonicalUrl":"https://foursquare.com/v/castiglias-italian-restaurant/4b639411f964a52098842ae3","category":"Italian Restaurant","checkinsCount":1640,"usersCount":942,"tipCount":23,"visitsCount":1784,"url":"http://www.castigliascatering.com","tier":2,"message":"Moderate","currency":"$","rating":7.9},{"name":"Colonial Tavern: Home to the Irish Brigade","phone":"5403731313","address":"406 Lafayette Blvd","lat":38.2976555684079,"lng":-77.45886116188241,"city_fetched":"Fredericksburg","state":"VA","country":"United States","canonicalUrl":"https://foursquare.com/v/colonial-tavern-home-to-the-irish-brigade/4b50c8f8f964a5206a3227e3","category":"Pub","checkinsCount":1569,"usersCount":577,"tipCount":17,"visitsCount":1750,"url":"http://www.irishbrigadetavern.com","tier":1,"message":"Cheap","currency":"$","rating":7.8},{"name":"Spencer Devon Brewing","phone":"5404798381","twitter":"sdbrewing","address":"106 George St","lat":38.302859982908174,"lng":-77.45874911265973,"neighborhood":"Downtown Fredericksburg","city_fetched":"Fredericksburg","state":"VA","country":"United States","canonicalUrl":"https://foursquare.com/v/spencer-devon-brewing/5511d9b3498ea0a616ed0e7d","category":"Brewery","checkinsCount":306,"usersCount":317,"tipCount":4,"visitsCount":472,"url":"http://www.spencerdevonbrewing.com","tier":"","message":"","currency":"","rating":7.8},{"name":"Home Team Grill","phone":"5404791011","twitter":"htgthefred","address":"1109 Jefferson Davis Hwy","lat":38.30721423748979,"lng":-77.47974872589111,"city_fetched":"Fredericksburg","state":"VA","country":"United States","canonicalUrl":"https://foursquare.com/v/home-team-grill/4d72dd3a4ab5224b471dc697","category":"American Restaurant","checkinsCount":978,"usersCount":424,"tipCount":12,"visitsCount":1086,"url":"http://www.hometeamgrill.com","tier":1,"message":"Cheap","currency":"$","rating":7.8},{"name":"Brock's Riverside Grill","phone":"5403701820","address":"503 Sophia St","lat":38.29942524098405,"lng":-77.45554445858959,"neighborhood":"Downtown Fredericksburg","city_fetched":"Fredericksburg","state":"VA","country":"United States","canonicalUrl":"https://foursquare.com/v/brocks-riverside-grill/4b67678ff964a520dc4c2be3","category":"American Restaurant","checkinsCount":1575,"usersCount":1052,"tipCount":20,"visitsCount":2091,"url":"http://www.brocksgrill.com","tier":3,"message":"Expensive","currency":"$","rating":7.8},{"name":"The Sunken Well Tavern","phone":"5406045362","address":"720 Littlepage St","lat":38.29763981907744,"lng":-77.4672477355598,"city_fetched":"Fredericksburg","state":"VA","country":"United States","canonicalUrl":"https://foursquare.com/v/the-sunken-well-tavern/4bb7778b314e9521ee21479d","category":"American Restaurant","checkinsCount":953,"usersCount":378,"tipCount":17,"visitsCount":1209,"url":"http://sunkenwelltavern.com","tier":2,"message":"Moderate","currency":"$","rating":7.6},{"name":"Aladdin's Hookah Bar and Restaurant","phone":"5403727755","address":"2052 Plank Rd","lat":38.29533436476188,"lng":-77.4955569907183,"city_fetched":"Fredericksburg","state":"VA","country":"United States","canonicalUrl":"https://foursquare.com/v/aladdins-hookah-bar-and-restaurant/4e41ca7662843d3dc3573b02","category":"Mediterranean Restaurant","checkinsCount":1124,"usersCount":374,"tipCount":14,"visitsCount":1162,"url":"http://www.aladinsrestaurant.com","tier":2,"message":"Moderate","currency":"$","rating":7.4},{"name":"The Blarney Stone Public House","phone":"5403717468","address":"715 Caroline St","lat":38.301337043638235,"lng":-77.45794795753012,"neighborhood":"Downtown Fredericksburg","city_fetched":"Fredericksburg","state":"VA","country":"United States","canonicalUrl":"https://foursquare.com/v/the-blarney-stone-public-house/4ba41195f964a520117e38e3","category":"Irish Pub","checkinsCount":1022,"usersCount":514,"tipCount":26,"visitsCount":1062,"url":"http://www.theblarney.net","tier":2,"message":"Moderate","currency":"$","rating":7.4},{"name":"J Brian's Tap Room","phone":"5403730738","address":"200 Hanover St","lat":38.3015976509265,"lng":-77.45856423120313,"neighborhood":"Downtown Fredericksburg","city_fetched":"Fredericksburg","state":"VA","country":"United States","canonicalUrl":"https://foursquare.com/v/j-brians-tap-room/4b49d72af964a5206d7426e3","category":"Pub","checkinsCount":1421,"usersCount":661,"tipCount":16,"visitsCount":1511,"url":"http://jbrianstaproom.com","tier":"","message":"","currency":"","rating":7.3},{"name":"La Petite Auberge","phone":"5403712727","twitter":"lapetiteauberge","address":"311 William St","lat":38.30319113,"lng":-77.46127903461456,"neighborhood":"Downtown Fredericksburg","city_fetched":"Fredericksburg","state":"VA","country":"United States","canonicalUrl":"https://foursquare.com/v/la-petite-auberge/4b63519cf964a520e1712ae3","category":"French Restaurant","checkinsCount":337,"usersCount":186,"tipCount":2,"visitsCount":338,"url":"http://lapetiteaubergefred.com","tier":3,"message":"Expensive","currency":"$","rating":7.2},{"name":"Cowboy Jacks Saloon","phone":"5403716200","twitter":"cowboyjacks","address":"2312 Plank Rd","lat":38.29515349099804,"lng":-77.49939898113371,"city_fetched":"Fredericksburg","state":"VA","country":"United States","canonicalUrl":"https://foursquare.com/v/cowboy-jacks-saloon/533d7759498e92a1387190b9","category":"American Restaurant","checkinsCount":187,"usersCount":135,"tipCount":6,"visitsCount":211,"url":"http://www.theaftermidnightgroup.com","tier":"","message":"","currency":"","rating":7.1},{"name":"Kenmore Inn","phone":"5403717622","address":"1200 Princess Anne St","lat":38.305222151807385,"lng":-77.462132950943,"neighborhood":"Downtown Fredericksburg","city_fetched":"Fredericksburg","state":"VA","country":"United States","canonicalUrl":"https://foursquare.com/v/kenmore-inn/4b14612af964a52031a223e3","category":"Bed & Breakfast","checkinsCount":438,"usersCount":173,"tipCount":6,"visitsCount":479,"url":"http://kenmoreinn.com/pub.html","tier":"","message":"","currency":"","rating":7.1},{"name":"Cancun Margarita Bar & Grill","phone":"5405481737","twitter":"cancunmargarita","address":"625 Spotsylvania Town Centre","lat":38.29186477263857,"lng":-77.51507923373029,"city_fetched":"Fredericksburg","state":"VA","country":"United States","canonicalUrl":"https://foursquare.com/v/cancun-margarita-bar--grill/4ccce176ee23a1430d5d22a8","category":"Mexican Restaurant","checkinsCount":941,"usersCount":293,"tipCount":16,"visitsCount":1010,"url":"http://margaritabarandgrill.com","tier":2,"message":"Moderate","currency":"$","rating":6.9},{"name":"Jay's Restaurant & Lounge","phone":"5404796000","address":"2030 Plank Rd","lat":38.29530567264518,"lng":-77.49487370775289,"city_fetched":"Fredericksburg","state":"VA","country":"United States","canonicalUrl":"https://foursquare.com/v/jays-restaurant--lounge/50047d5de4b0644142570f7c","category":"Lounge","checkinsCount":286,"usersCount":97,"tipCount":7,"visitsCount":289,"url":"http://www.jaysrestaurantlounge.com","tier":"","message":"","currency":"","rating":6.6},{"name":"Splitsville","phone":"5407852695","twitter":"splitsvillefred","address":"51 Towne Centre Blvd","lat":38.288669240772734,"lng":-77.50953197479248,"city_fetched":"Fredericksburg","state":"VA","country":"United States","canonicalUrl":"https://foursquare.com/v/splitsville/4bdb6eb52a3a0f47ed13afb6","category":"Bowling Alley","checkinsCount":1347,"usersCount":919,"tipCount":19,"visitsCount":1350,"url":"http://www.splitsvillelanes.com","tier":"","message":"","currency":"","rating":6.6},{"name":"TGI Fridays","phone":"5407853216","twitter":"tgifridays","address":"1160 Carl D Silver Pkwy","lat":38.29797898303504,"lng":-77.51305212239124,"city_fetched":"Fredericksburg","state":"VA","country":"United States","canonicalUrl":"https://foursquare.com/v/tgi-fridays/509d636c5d2463e871547f91","category":"American Restaurant","checkinsCount":1339,"usersCount":927,"tipCount":12,"visitsCount":1512,"url":"http://tgifridays.com","tier":2,"message":"Moderate","currency":"$","rating":6.5},{"name":"Vivify Burger & Lounge","phone":"5406562500","address":"314 William St","lat":38.302979449031994,"lng":-77.46119736325372,"neighborhood":"Downtown Fredericksburg","city_fetched":"Fredericksburg","state":"VA","country":"United States","canonicalUrl":"https://foursquare.com/v/vivify-burger--lounge/5244f4db498e4ebe7b419dfd","category":"Burger Joint","checkinsCount":408,"usersCount":230,"tipCount":13,"visitsCount":422,"url":"http://vivifyburgerlounge.com","tier":2,"message":"Moderate","currency":"$","rating":6.5},{"name":"Steamers Seafood Grill & Bar","phone":"5403710788","address":"430 Chatham Heights Rd #101","lat":38.3145888186743,"lng":-77.45129585266113,"city_fetched":"Fredericksburg","state":"VA","country":"United States","canonicalUrl":"https://foursquare.com/v/steamers-seafood-grill--bar/4b4d1b70f964a5203ecb26e3","category":"Seafood Restaurant","checkinsCount":413,"usersCount":202,"tipCount":10,"visitsCount":447,"url":"http://www.steamersseafood.net","tier":2,"message":"Moderate","currency":"$","rating":6.3},{"name":"Pizza King Hookah Lounge","phone":"5404791103","address":"1964 William St","lat":38.29543416190046,"lng":-77.49296945497792,"city_fetched":"Fredericksburg","state":"VA","country":"United States","canonicalUrl":"https://foursquare.com/v/pizza-king-hookah-lounge/4e74f876c65bb91db4279a61","category":"Pizza Place","checkinsCount":557,"usersCount":105,"tipCount":3,"visitsCount":558,"url":"http://pizza-king-fredericksburg.com","tier":1,"message":"Cheap","currency":"$","rating":6.2},{"name":"The Bourbon Room","phone":"5403740404","address":"218 William St","lat":38.30336,"lng":-77.46032416820526,"neighborhood":"Downtown Fredericksburg","city_fetched":"Fredericksburg","state":"VA","country":"United States","canonicalUrl":"https://foursquare.com/v/the-bourbon-room/4d3e4469af8ca143270d14f7","category":"Bar","checkinsCount":709,"usersCount":223,"tipCount":4,"visitsCount":728,"url":"http://thebourbonroom.com/index2.html","tier":"","message":"","currency":"","rating":6.1},{"name":"Spirits","phone":"5403719595","address":"816 Caroline St","lat":38.302230077628685,"lng":-77.45888113975525,"neighborhood":"Downtown Fredericksburg","city_fetched":"Fredericksburg","state":"VA","country":"United States","canonicalUrl":"https://foursquare.com/v/spirits/4b89a3c3f964a5205d4832e3","category":"Pizza Place","checkinsCount":1355,"usersCount":342,"tipCount":9,"visitsCount":1422,"url":"http://spiritsrestva.com","tier":"","message":"","currency":"","rating":5.9}]