[{"name":"Pier 30","phone":"9792334250","address":"2527 East Hwy 332","lat":28.961993172986542,"lng":-95.30193210692087,"city_fetched":"Freeport","state":"TX","country":"United States","canonicalUrl":"https://foursquare.com/v/pier-30/4c5c45fb7f661b8d7b11481c","category":"Speakeasy","checkinsCount":1381,"usersCount":516,"tipCount":14,"visitsCount":1676,"tier":"","message":"","currency":"","rating":7},{"name":"Sharkies on the Beach Bar & Grill","phone":"9792331122","address":"10 Surf Dr","lat":28.95093811488749,"lng":-95.28715654596327,"city_fetched":"Freeport","state":"TX","country":"United States","canonicalUrl":"https://foursquare.com/v/sharkies-on-the-beach-bar--grill/517bf70eb0eda0df0bda82af","category":"Bar","checkinsCount":69,"usersCount":108,"tipCount":3,"visitsCount":126,"tier":"","message":"","currency":"","rating":6.4}]