[{"name":"Goldstein's Mortuary & Delicatessen","address":"1279 N Wishon Ave","lat":36.75903275462206,"lng":-119.80130821578538,"neighborhood":"Tower District","city_fetched":"Fresno","state":"CA","country":"United States","canonicalUrl":"https://foursquare.com/v/goldsteins-mortuary--delicatessen/55a6fe34498eb7d78c4e2622","category":"Bar","checkinsCount":214,"usersCount":141,"tipCount":3,"visitsCount":365,"tier":"","message":"","currency":"","rating":9},{"name":"Dog House Grill","phone":"5592949920","address":"2789 E Shaw Ave","lat":36.808269,"lng":-119.73660266,"city_fetched":"Fresno","state":"CA","country":"United States","canonicalUrl":"https://foursquare.com/v/dog-house-grill/4b6354dbf964a520c1722ae3","category":"Sports Bar","checkinsCount":7225,"usersCount":3598,"tipCount":77,"visitsCount":9029,"url":"http://firestonegrill.com/dog-house-grill/","tier":2,"message":"Moderate","currency":"$","rating":9},{"name":"Daily Grill","phone":"5594355550","twitter":"dailygrill","address":"7855 N Palm Ave","lat":36.851474,"lng":-119.805694,"city_fetched":"Fresno","state":"CA","country":"United States","canonicalUrl":"https://foursquare.com/v/daily-grill/4b7f961ef964a5208d3530e3","category":"Bar","checkinsCount":1204,"usersCount":650,"tipCount":19,"visitsCount":1364,"url":"http://t.co/GmPLdB5Wf0","tier":"","message":"","currency":"","rating":8.8},{"name":"BJ's Restaurant and Brewhouse","phone":"5595701900","twitter":"bjsrestaurants","address":"715 E Shaw Ave","lat":36.80799621,"lng":-119.7745693,"city_fetched":"Fresno","state":"CA","country":"United States","canonicalUrl":"https://foursquare.com/v/bjs-restaurant-and-brewhouse/4b5288e8f964a520618127e3","category":"American Restaurant","checkinsCount":4568,"usersCount":2953,"tipCount":40,"visitsCount":5748,"url":"http://t.co/bl46gcjDLN","tier":2,"message":"Moderate","currency":"$","rating":8.8},{"name":"I Love Sushi","phone":"5592971117","address":"465 W Shaw Ave","lat":36.808728,"lng":-119.71960008144379,"city_fetched":"Fresno","state":"CA","country":"United States","canonicalUrl":"https://foursquare.com/v/i-love-sushi/4b55162ff964a520b2da27e3","category":"Sushi Restaurant","checkinsCount":1331,"usersCount":700,"tipCount":25,"visitsCount":1536,"url":"http://ilovesushiclovis.com","tier":"","message":"","currency":"","rating":8.8},{"name":"Vino & Friends","phone":"5594341771","address":"1560 E Champlain Dr #101","lat":36.867075382869466,"lng":-119.7547426245549,"neighborhood":"Woodward Park","city_fetched":"Fresno","state":"CA","country":"United States","canonicalUrl":"https://foursquare.com/v/vino--friends/4b9c0e94f964a520864536e3","category":"Wine Shop","checkinsCount":1153,"usersCount":340,"tipCount":5,"visitsCount":1286,"url":"http://www.vinoandfriends.com","tier":"","message":"","currency":"","rating":8.7},{"name":"Yard House","phone":"5592612165","twitter":"yardhouse","address":"90 El Camino","lat":36.84834579,"lng":-119.7891877,"neighborhood":"Woodward Park","city_fetched":"Fresno","state":"CA","country":"United States","canonicalUrl":"https://foursquare.com/v/yard-house/4e9493dc722e02c231b4fe99","category":"American Restaurant","checkinsCount":4647,"usersCount":2263,"tipCount":51,"visitsCount":5439,"url":"http://www.yardhouse.com","tier":2,"message":"Moderate","currency":"$","rating":8.7},{"name":"Pismo's Coastal Grill","phone":"5594399463","twitter":"pismos","address":"7937 N Blackstone Ave","lat":36.85136351360818,"lng":-119.79363441467285,"city_fetched":"Fresno","state":"CA","country":"United States","canonicalUrl":"https://foursquare.com/pismos","category":"Seafood Restaurant","checkinsCount":2115,"usersCount":1413,"tipCount":43,"visitsCount":2732,"url":"http://www.pismos.com","tier":3,"message":"Expensive","currency":"$","rating":8.7},{"name":"Tioga-Sequoia Brewing Company","phone":"5594862337","twitter":"tiogasequoia","address":"745 Fulton St","lat":36.73156549290166,"lng":-119.78815314927344,"neighborhood":"Central Fresno","city_fetched":"Fresno","state":"CA","country":"United States","canonicalUrl":"https://foursquare.com/tiogasequoia","category":"Beer Garden","checkinsCount":754,"usersCount":418,"tipCount":8,"visitsCount":1167,"url":"http://tiogasequoia.com","tier":1,"message":"Cheap","currency":"$","rating":8.6},{"name":"Cigars Ltd.","phone":"5592210161","twitter":"cigarslimited","address":"5132 N Palm Ave","lat":36.811559,"lng":-119.8074,"city_fetched":"Fresno","state":"CA","country":"United States","canonicalUrl":"https://foursquare.com/v/cigars-ltd/4b5fb2c2f964a520cac829e3","category":"Smoke Shop","checkinsCount":563,"usersCount":135,"tipCount":8,"visitsCount":567,"url":"http://www.fresnocigar.com","tier":"","message":"","currency":"","rating":8.5},{"name":"Fleming's Prime Steakhouse & Wine Bar","phone":"5592225823","address":"639 E Shaw Ave","lat":36.80787869606793,"lng":-119.77581667060105,"city_fetched":"Fresno","state":"CA","country":"United States","canonicalUrl":"https://foursquare.com/v/flemings-prime-steakhouse--wine-bar/4c35fccbed37a5936b5b7103","category":"Steakhouse","checkinsCount":885,"usersCount":520,"tipCount":11,"visitsCount":954,"url":"http://www.flemingssteakhouse.com/locations/ca/fresno","tier":4,"message":"Very Expensive","currency":"$","rating":8.5},{"name":"Plaza Ventana","lat":36.80801988633892,"lng":-119.8482424683524,"city_fetched":"Fresno","state":"CA","country":"United States","canonicalUrl":"https://foursquare.com/v/plaza-ventana/4bf83e548d30d13abb630018","category":"Mexican Restaurant","checkinsCount":435,"usersCount":242,"tipCount":13,"visitsCount":462,"tier":2,"message":"Moderate","currency":"$","rating":8.4},{"name":"Eureka!Burger","phone":"5593201300","address":"7775 N Palm Ave #106","lat":36.850474,"lng":-119.806608,"city_fetched":"Fresno","state":"CA","country":"United States","canonicalUrl":"https://foursquare.com/v/eurekaburger/4c43ff1c8c1f20a1acd73b99","category":"Burger Joint","checkinsCount":2564,"usersCount":1118,"tipCount":39,"visitsCount":2884,"url":"http://eurekarestaurantgroup.com","tier":2,"message":"Moderate","currency":"$","rating":8.3},{"name":"Starving Artists Bistro","phone":"5594330133","twitter":"sabfresno","address":"9447 N Fort Washington Rd Ste 101","lat":36.87289203919785,"lng":-119.77809906005858,"neighborhood":"Woodward Park","city_fetched":"Fresno","state":"CA","country":"United States","canonicalUrl":"https://foursquare.com/v/starving-artists-bistro/518d4608498e90f57abad547","category":"American Restaurant","checkinsCount":228,"usersCount":144,"tipCount":7,"visitsCount":242,"url":"http://www.starvingartistsbistro.com","tier":2,"message":"Moderate","currency":"$","rating":8.3},{"name":"Campagnia","phone":"5594333300","twitter":"campagnia","address":"1185 E Champlain Dr","lat":36.870608998260224,"lng":-119.7629928588867,"neighborhood":"Woodward Park","city_fetched":"Fresno","state":"CA","country":"United States","canonicalUrl":"https://foursquare.com/v/campagnia/4b5cf1e5f964a520ed4b29e3","category":"Bistro","checkinsCount":806,"usersCount":548,"tipCount":9,"visitsCount":1069,"url":"http://www.campagnia.net","tier":3,"message":"Expensive","currency":"$","rating":8.1},{"name":"Piazza del Pane","phone":"5592297263","twitter":"piazza_del_pane","address":"799 W Palmdon Dr","lat":36.835777,"lng":-119.80794455,"city_fetched":"Fresno","state":"CA","country":"United States","canonicalUrl":"https://foursquare.com/v/piazza-del-pane/4b8ed2c8f964a5203d3933e3","category":"Italian Restaurant","checkinsCount":711,"usersCount":383,"tipCount":13,"visitsCount":854,"url":"http://piazzadelpane.com","tier":2,"message":"Moderate","currency":"$","rating":8},{"name":"Elbow Room Bar & Grill","phone":"5592271234","address":"731 W San Jose Ave","lat":36.811624275782904,"lng":-119.80694975772538,"city_fetched":"Fresno","state":"CA","country":"United States","canonicalUrl":"https://foursquare.com/v/elbow-room-bar--grill/4b52bee6f964a5204a8727e3","category":"Steakhouse","checkinsCount":2082,"usersCount":1150,"tipCount":18,"visitsCount":2457,"url":"http://www.elbow-room.com","tier":2,"message":"Moderate","currency":"$","rating":8},{"name":"Fat Boys Taqueria And Sports Bar","address":"3045 W Bullard Ave","lat":36.822031721531076,"lng":-119.84480093806951,"city_fetched":"Fresno","state":"CA","country":"United States","canonicalUrl":"https://foursquare.com/v/fat-boys-taqueria-and-sports-bar/4e970f48d3e3b37495ddbeec","category":"Sports Bar","checkinsCount":261,"usersCount":120,"tipCount":5,"visitsCount":307,"tier":"","message":"","currency":"","rating":8},{"name":"The Mad Duck Neighborhood Grill & Taphouse","phone":"5592983825","address":"765 W Herndon Ave #200","lat":36.838400066666665,"lng":-119.727622,"city_fetched":"Fresno","state":"CA","country":"United States","canonicalUrl":"https://foursquare.com/v/the-mad-duck-neighborhood-grill--taphouse/4ba844bef964a52039d439e3","category":"American Restaurant","checkinsCount":4453,"usersCount":1051,"tipCount":47,"visitsCount":4681,"url":"http://madduckfresno.com","tier":2,"message":"Moderate","currency":"$","rating":7.9},{"name":"House of Pendragon Brewing Co.","twitter":"hopbeer","address":"1345 N Willow Ave #192","lat":36.853600904860016,"lng":-119.72840549297436,"city_fetched":"Fresno","state":"CA","country":"United States","canonicalUrl":"https://foursquare.com/hopbeer","category":"Brewery","checkinsCount":347,"usersCount":142,"tipCount":5,"visitsCount":377,"url":"http://hopbeer.com","tier":1,"message":"Cheap","currency":"$","rating":7.9},{"name":"Strummer's","lat":36.7588441,"lng":-119.8001805,"neighborhood":"Tower District","city_fetched":"Fresno","state":"CA","country":"United States","canonicalUrl":"https://foursquare.com/v/strummers/51c65763b589996c8f6326ea","category":"Bar","checkinsCount":243,"usersCount":132,"tipCount":2,"visitsCount":253,"tier":"","message":"","currency":"","rating":7.9},{"name":"Kocky's Bar & Grill","phone":"5592665500","twitter":"kockysbg","address":"1231 Van Ness Ave","lat":36.737031,"lng":-119.792069,"neighborhood":"Fulton Mall","city_fetched":"Fresno","state":"CA","country":"United States","canonicalUrl":"https://foursquare.com/v/kockys-bar--grill/4e403a07c65b4ec27606358d","category":"Sports Bar","checkinsCount":217,"usersCount":92,"tipCount":8,"visitsCount":217,"url":"http://www.kockys.com","tier":2,"message":"Moderate","currency":"$","rating":7.9},{"name":"Red Wave Inn","phone":"5592288446","address":"2375 E Shaw Ave","lat":36.808049,"lng":-119.745919,"city_fetched":"Fresno","state":"CA","country":"United States","canonicalUrl":"https://foursquare.com/v/red-wave-inn/4b29badaf964a520f6a224e3","category":"Karaoke Bar","checkinsCount":1876,"usersCount":579,"tipCount":22,"visitsCount":2019,"url":"http://redwaveinn.com","tier":1,"message":"Cheap","currency":"$","rating":7.9},{"name":"The Standard Restaurant and Lounge","phone":"5594343638","twitter":"standardfresno","address":"9455 N Fort Washington Rd","lat":36.87516761058891,"lng":-119.7777446708281,"neighborhood":"Woodward Park","city_fetched":"Fresno","state":"CA","country":"United States","canonicalUrl":"https://foursquare.com/standardfresno","category":"American Restaurant","checkinsCount":1086,"usersCount":494,"tipCount":9,"visitsCount":1144,"url":"http://www.standardfresno.com","tier":2,"message":"Moderate","currency":"$","rating":7.8},{"name":"Spokeasy Public House","phone":"5594927765","address":"1472 N Van Ness Ave","lat":36.762634,"lng":-119.798864,"neighborhood":"Tower District","city_fetched":"Fresno","state":"CA","country":"United States","canonicalUrl":"https://foursquare.com/v/spokeasy-public-house/4f6bf193e4b0f375f81d280b","category":"Pub","checkinsCount":1332,"usersCount":320,"tipCount":10,"visitsCount":1578,"url":"http://spokeasypub.com","tier":"","message":"","currency":"","rating":7.8},{"name":"Groggs Traditional Irish Pub","phone":"5593230433","address":"1225 N Willow Ave Ste 180","lat":36.8526444,"lng":-119.728727,"city_fetched":"Fresno","state":"CA","country":"United States","canonicalUrl":"https://foursquare.com/v/groggs-traditional-irish-pub/4b49704df964a520ce6f26e3","category":"Restaurant","checkinsCount":1087,"usersCount":464,"tipCount":8,"visitsCount":1190,"tier":"","message":"","currency":"","rating":7.7},{"name":"The Cosmopolitan","phone":"5592668662","address":"1546 Fresno St","lat":36.73754286117376,"lng":-119.78531956672667,"neighborhood":"Central Fresno","city_fetched":"Fresno","state":"CA","country":"United States","canonicalUrl":"https://foursquare.com/v/the-cosmopolitan/4bcdf678fb84c9b60bee223e","category":"Lounge","checkinsCount":215,"usersCount":115,"tipCount":2,"visitsCount":229,"url":"http://www.cosmofresno.com","tier":"","message":"","currency":"","rating":7.7},{"name":"Strummers","phone":"5594855356","address":"835 E Fern","lat":36.75888942395572,"lng":-119.8001663126663,"neighborhood":"Tower District","city_fetched":"Fresno","state":"CA","country":"United States","canonicalUrl":"https://foursquare.com/v/strummers/4b8dd162f964a520f70e33e3","category":"Bar","checkinsCount":1706,"usersCount":360,"tipCount":9,"visitsCount":1716,"url":"http://strummersclub.com","tier":"","message":"","currency":"","rating":7.7},{"name":"Mad Duck Craft Brewery","lat":36.811848,"lng":-119.734603,"city_fetched":"Fresno","state":"CA","country":"United States","canonicalUrl":"https://foursquare.com/v/mad-duck-craft-brewery/559b0122498e909452152148","category":"American Restaurant","checkinsCount":394,"usersCount":225,"tipCount":4,"visitsCount":494,"tier":"","message":"","currency":"","rating":7.6},{"name":"O'Sullivan's Sunnyside Lounge","phone":"5594541752","address":"5689 E Kings Canyon Rd","lat":36.73651110428731,"lng":-119.6949291229248,"neighborhood":"Sunnyside","city_fetched":"Fresno","state":"CA","country":"United States","canonicalUrl":"https://foursquare.com/v/osullivans-sunnyside-lounge/4dcda119b0fb25f6e32f44a2","category":"Lounge","checkinsCount":561,"usersCount":240,"tipCount":10,"visitsCount":684,"tier":"","message":"","currency":"","rating":7.6},{"name":"Sequoia Brewing Company","phone":"5594342739","twitter":"sequoiachampca","address":"1188 E Champlain Dr","lat":36.87199916380002,"lng":-119.76305501116344,"neighborhood":"Woodward Park","city_fetched":"Fresno","state":"CA","country":"United States","canonicalUrl":"https://foursquare.com/v/sequoia-brewing-company/4b74dcbff964a520ccf52de3","category":"Brewery","checkinsCount":1580,"usersCount":788,"tipCount":20,"visitsCount":1970,"url":"http://sequoiabrewingchamplain-hub.com","tier":"","message":"","currency":"","rating":7.6},{"name":"Logan's Roadhouse","phone":"5594379385","twitter":"logansroadhouse","address":"7507 N Blackstone Ave","lat":36.845853149999996,"lng":-119.79118,"city_fetched":"Fresno","state":"CA","country":"United States","canonicalUrl":"https://foursquare.com/v/logans-roadhouse/4b737c68f964a520d0b02de3","category":"Steakhouse","checkinsCount":1317,"usersCount":658,"tipCount":6,"visitsCount":1379,"url":"http://www.logansroadhouse.com","tier":2,"message":"Moderate","currency":"$","rating":7.6},{"name":"TGI Fridays","phone":"5594358443","twitter":"tgifridays","address":"1077 E Herndon Ave","lat":36.83662998,"lng":-119.7706962,"city_fetched":"Fresno","state":"CA","country":"United States","canonicalUrl":"https://foursquare.com/v/tgi-fridays/4b4761cdf964a520673026e3","category":"American Restaurant","checkinsCount":2332,"usersCount":1161,"tipCount":12,"visitsCount":2755,"url":"http://tgifridays.com","tier":2,"message":"Moderate","currency":"$","rating":7.5},{"name":"Five Restaurant","phone":"5594345553","address":"1110 E Champlain Dr","lat":36.87237165639434,"lng":-119.7639766942868,"neighborhood":"Woodward Park","city_fetched":"Fresno","state":"CA","country":"United States","canonicalUrl":"https://foursquare.com/v/five-restaurant/4bd7917a8855952172ee87a7","category":"Italian Restaurant","checkinsCount":572,"usersCount":417,"tipCount":8,"visitsCount":712,"url":"http://www.fiverestaurantfresno.com","tier":4,"message":"Very Expensive","currency":"$","rating":7.5},{"name":"Tower Sports Club","phone":"5599072962","address":"1294 N Wishon Ave","lat":36.75928582901705,"lng":-119.80082206015976,"neighborhood":"Tower District","city_fetched":"Fresno","state":"CA","country":"United States","canonicalUrl":"https://foursquare.com/v/tower-sports-club/4efa6927f7907312549b1317","category":"Bar","checkinsCount":655,"usersCount":214,"tipCount":9,"visitsCount":658,"tier":"","message":"","currency":"","rating":7.5},{"name":"Black Angus Steakhouse","phone":"5592242205","twitter":"basteakhouse","address":"1737 E. Shaw Ave.","lat":36.8079152,"lng":-119.75544985,"city_fetched":"Fresno","state":"CA","country":"United States","canonicalUrl":"https://foursquare.com/v/black-angus-steakhouse/4bc12006f8219c74ceefb210","category":"Steakhouse","checkinsCount":511,"usersCount":332,"tipCount":10,"visitsCount":527,"url":"https://t.co/KyeIRlDnJO","tier":3,"message":"Expensive","currency":"$","rating":7.5},{"name":"Veni Vidi Vici","phone":"5592665510","twitter":"fresnovvv","address":"1116 N Fulton St","lat":36.75708824185907,"lng":-119.80003064038453,"neighborhood":"Tower District","city_fetched":"Fresno","state":"CA","country":"United States","canonicalUrl":"https://foursquare.com/v/veni-vidi-vici/4b2bd06bf964a5208ebb24e3","category":"Bar","checkinsCount":1625,"usersCount":713,"tipCount":10,"visitsCount":1771,"tier":"","message":"","currency":"","rating":7.5},{"name":"Livingstone's Restaurant & Pub","phone":"5594855198","address":"831 E Fern Ave","lat":36.758941,"lng":-119.80039,"neighborhood":"Tower District","city_fetched":"Fresno","state":"CA","country":"United States","canonicalUrl":"https://foursquare.com/v/livingstones-restaurant--pub/4af91213f964a520ed1022e3","category":"Pub","checkinsCount":5314,"usersCount":998,"tipCount":31,"visitsCount":5433,"url":"http://towerdistrict.org/content/livingstones-restaurant-pub","tier":2,"message":"Moderate","currency":"$","rating":7.4},{"name":"Cuvée","twitter":"cuveewineparlor","address":"1140 N Van Ness Ave Ste 103","lat":36.75739853177589,"lng":-119.79860607342414,"neighborhood":"Tower District","city_fetched":"Fresno","state":"CA","country":"United States","canonicalUrl":"https://foursquare.com/v/cuv%C3%A9e/50e65c84e4b0f324db61f45a","category":"Wine Bar","checkinsCount":258,"usersCount":148,"tipCount":9,"visitsCount":278,"url":"http://cuveewineparlor.com","tier":"","message":"","currency":"","rating":7.4},{"name":"Yosemite Falls Cafe","phone":"5592256800","address":"5123 N Blackstone Ave","lat":36.810512,"lng":-119.790849,"city_fetched":"Fresno","state":"CA","country":"United States","canonicalUrl":"https://foursquare.com/v/yosemite-falls-cafe/4ba3add5f964a5205b5338e3","category":"American Restaurant","checkinsCount":842,"usersCount":580,"tipCount":9,"visitsCount":1040,"url":"http://yosemitefallscafe.net","tier":2,"message":"Moderate","currency":"$","rating":7.4},{"name":"Old Town Saloon","address":"450 Clovis Ave","lat":36.824244,"lng":-119.700692,"neighborhood":"Downtown Clovis","city_fetched":"Fresno","state":"CA","country":"United States","canonicalUrl":"https://foursquare.com/v/old-town-saloon/4b4ea6ecf964a5206cf326e3","category":"Nightclub","checkinsCount":978,"usersCount":440,"tipCount":4,"visitsCount":1035,"url":"http://oldtownsaloonclovis.com","tier":"","message":"","currency":"","rating":7.3},{"name":"Club Legends","phone":"5592222271","address":"3075 N Maroa Ave","lat":36.77824701529975,"lng":-119.80018892470038,"neighborhood":"Tower District","city_fetched":"Fresno","state":"CA","country":"United States","canonicalUrl":"https://foursquare.com/v/club-legends/4c7214e68ffc9521fef30264","category":"Nightclub","checkinsCount":2028,"usersCount":497,"tipCount":18,"visitsCount":2224,"url":"http://www.clublegendsfresno.com","tier":"","message":"","currency":"","rating":7.3},{"name":"Max's Bistro & Bar","address":"1784 W Bullard Ave","lat":36.823504195615115,"lng":-119.82594729099145,"city_fetched":"Fresno","state":"CA","country":"United States","canonicalUrl":"https://foursquare.com/v/maxs-bistro--bar/4ba441a2f964a5209a9038e3","category":"French Restaurant","checkinsCount":476,"usersCount":345,"tipCount":14,"visitsCount":508,"url":"http://www.maxsbistro.com","tier":3,"message":"Expensive","currency":"$","rating":7.3},{"name":"Club Habanos","phone":"5594492447","address":"6759 N Palm Ave","lat":36.83617149062652,"lng":-119.8105618069348,"city_fetched":"Fresno","state":"CA","country":"United States","canonicalUrl":"https://foursquare.com/v/club-habanos/4ba46f9ff964a520409d38e3","category":"Nightclub","checkinsCount":610,"usersCount":295,"tipCount":6,"visitsCount":712,"url":"http://habanosfresno.com","tier":"","message":"","currency":"","rating":7.2},{"name":"Bobby Salazar's Taqueria","phone":"5594979920","address":"725 E Olive Ave","lat":36.757887866666664,"lng":-119.80289340019226,"neighborhood":"Tower District","city_fetched":"Fresno","state":"CA","country":"United States","canonicalUrl":"https://foursquare.com/v/bobby-salazars-taqueria/4b9324fef964a5209d3734e3","category":"Mexican Restaurant","checkinsCount":1521,"usersCount":575,"tipCount":10,"visitsCount":1616,"url":"http://www.bobbysalazar.com","tier":2,"message":"Moderate","currency":"$","rating":7.2},{"name":"The Manhattan Steakhouse & Bar","phone":"5594491731","address":"1731 W Bullard Ave","lat":36.82211400305421,"lng":-119.8250881907087,"city_fetched":"Fresno","state":"CA","country":"United States","canonicalUrl":"https://foursquare.com/v/the-manhattan-steakhouse--bar/4c3b6cdd4565e21ecbb4566a","category":"Steakhouse","checkinsCount":140,"usersCount":91,"tipCount":3,"visitsCount":144,"url":"http://www.themanhattansteakhouse.com","tier":4,"message":"Very Expensive","currency":"$","rating":7.2},{"name":"Press Box","phone":"5592757777","address":"6022 N Figarden Dr","lat":36.8234289,"lng":-119.86963212490082,"city_fetched":"Fresno","state":"CA","country":"United States","canonicalUrl":"https://foursquare.com/v/press-box/4bad7415f964a52092523be3","category":"American Restaurant","checkinsCount":968,"usersCount":402,"tipCount":8,"visitsCount":1081,"url":"http://pressboxfresno.com","tier":2,"message":"Moderate","currency":"$","rating":7.2},{"name":"Sequoia Brewing Company","phone":"5592645521","twitter":"sequoiaoliveca","address":"777 E Olive Ave","lat":36.75787370943003,"lng":-119.80215050464251,"neighborhood":"Tower District","city_fetched":"Fresno","state":"CA","country":"United States","canonicalUrl":"https://foursquare.com/v/sequoia-brewing-company/4b5a8313f964a5200dc928e3","category":"Brewery","checkinsCount":2236,"usersCount":1158,"tipCount":30,"visitsCount":2453,"url":"http://sequoiabrewingolive-hub.com","tier":2,"message":"Moderate","currency":"$","rating":7.1},{"name":"Full Circle Brewing Co.","phone":"5592646323","twitter":"fullcirclebrews","address":"620 F St","lat":36.72699681,"lng":-119.790749,"neighborhood":"Chinatown","city_fetched":"Fresno","state":"CA","country":"United States","canonicalUrl":"https://foursquare.com/fullcirclebrews","category":"Brewery","checkinsCount":546,"usersCount":275,"tipCount":7,"visitsCount":595,"url":"http://www.fullcirclebrewing.com","tier":"","message":"","currency":"","rating":7.1},{"name":"Rocket Dog Gourmet Brats & Brew","lat":36.808816,"lng":-119.788492,"city_fetched":"Fresno","state":"CA","country":"United States","canonicalUrl":"https://foursquare.com/v/rocket-dog-gourmet-brats--brew/55f0d325498e3d6812030eee","category":"Gastropub","checkinsCount":101,"usersCount":130,"tipCount":4,"visitsCount":190,"tier":"","message":"","currency":"","rating":7.1},{"name":"Bobby Salazar's Taqueria","phone":"5592710836","address":"3316 W Shaw Ave","lat":36.80869996547699,"lng":-119.85147788333333,"city_fetched":"Fresno","state":"CA","country":"United States","canonicalUrl":"https://foursquare.com/v/bobby-salazars-taqueria/4bca12793740b71333f85f65","category":"Mexican Restaurant","checkinsCount":386,"usersCount":117,"tipCount":4,"visitsCount":408,"url":"http://www.bobbysalazar.com","tier":"","message":"","currency":"","rating":7.1},{"name":"A-1 Liquor","phone":"5592480815","address":"3147 N Maroa Ave","lat":36.77925002060777,"lng":-119.79987800890908,"neighborhood":"Tower District","city_fetched":"Fresno","state":"CA","country":"United States","canonicalUrl":"https://foursquare.com/v/a1-liquor/4c7216254bc4236aa17cca7a","category":"Liquor Store","checkinsCount":487,"usersCount":89,"tipCount":4,"visitsCount":488,"tier":"","message":"","currency":"","rating":7.1},{"name":"Ya Hala","address":"6567 N Blackstone Ave","lat":36.83318316936493,"lng":-119.790645,"city_fetched":"Fresno","state":"CA","country":"United States","canonicalUrl":"https://foursquare.com/v/ya-hala/4d08449e05216dcbd72e1ab6","category":"Hookah Bar","checkinsCount":162,"usersCount":92,"tipCount":6,"visitsCount":162,"tier":"","message":"","currency":"","rating":7.1},{"name":"AMF Sierra Lanes","phone":"5594313711","twitter":"bowlamf","address":"6450 N Blackstone Ave","lat":36.831156928380224,"lng":-119.78865630965296,"city_fetched":"Fresno","state":"CA","country":"United States","canonicalUrl":"https://foursquare.com/v/amf-sierra-lanes/4c5b64352815c9283673af67","category":"Bowling Alley","checkinsCount":1629,"usersCount":691,"tipCount":3,"visitsCount":1887,"url":"http://www.amf.com","tier":"","message":"","currency":"","rating":7},{"name":"The Rib Cage","phone":"5594357662","address":"5104 N West Ave","lat":36.80981206216589,"lng":-119.82612250157885,"city_fetched":"Fresno","state":"CA","country":"United States","canonicalUrl":"https://foursquare.com/v/the-rib-cage/50b961bae4b09ef2d85a6cde","category":"BBQ Joint","checkinsCount":69,"usersCount":52,"tipCount":6,"visitsCount":70,"tier":"","message":"","currency":"","rating":7},{"name":"North Tower Circle","phone":"5592294188","address":"2777 N Maroa Ave","lat":36.775622,"lng":-119.799986,"neighborhood":"Tower District","city_fetched":"Fresno","state":"CA","country":"United States","canonicalUrl":"https://foursquare.com/v/north-tower-circle/4bf8ce9d5ec320a1fb6d89d3","category":"Gay Bar","checkinsCount":610,"usersCount":178,"tipCount":4,"visitsCount":634,"url":"http://www.northtowercircle.com","tier":"","message":"","currency":"","rating":7},{"name":"Limón Peruvian Cuisine","phone":"5594351015","address":"9455 N Fort Washington Rd","lat":36.8751921768514,"lng":-119.77771282196045,"neighborhood":"Woodward Park","city_fetched":"Fresno","state":"CA","country":"United States","canonicalUrl":"https://foursquare.com/v/lim%C3%B3n-peruvian-cuisine/4bb4027d9af3b713a9e78b28","category":"Peruvian Restaurant","checkinsCount":323,"usersCount":257,"tipCount":9,"visitsCount":347,"tier":"","message":"","currency":"","rating":7},{"name":"Neighbor's Tap & Cook House","phone":"5592984020","twitter":"neighbors_tandc","address":"1175 N Fowler Ave #800","lat":36.851239800453186,"lng":-119.68294372,"city_fetched":"Fresno","state":"CA","country":"United States","canonicalUrl":"https://foursquare.com/v/neighbors-tap--cook-house/4bcb658e937ca593997fa992","category":"Bar","checkinsCount":1381,"usersCount":492,"tipCount":7,"visitsCount":1772,"url":"http://neighborscookhouse.com","tier":"","message":"","currency":"","rating":6.9}]