[{"name":"Tu'Kanoos","phone":"2564674469","twitter":"tu_kanoos","address":"221 S 3rd St","lat":34.010986933333335,"lng":-86.0032641,"city_fetched":"Gadsden","state":"AL","country":"United States","canonicalUrl":"https://foursquare.com/v/tukanoos/4e5f093c1838f725527ecf83","category":"Pub","checkinsCount":638,"usersCount":96,"tipCount":1,"visitsCount":646,"tier":"","message":"","currency":"","rating":7.3},{"name":"Back Forty Beer Co.","phone":"2564674912","twitter":"back40tweets","address":"200 N 6th St","lat":34.01600602127999,"lng":-86.00592094452391,"city_fetched":"Gadsden","state":"AL","country":"United States","canonicalUrl":"https://foursquare.com/v/back-forty-beer-co/4dee7a4c52b13dda25f96e23","category":"Brewery","checkinsCount":459,"usersCount":207,"tipCount":5,"visitsCount":544,"url":"http://backfortybeer.com","tier":"","message":"","currency":"","rating":7.2},{"name":"Chestnut Station","phone":"2565464229","address":"410 Chestnut St","lat":34.01205646043961,"lng":-86.00409698409256,"city_fetched":"Gadsden","state":"AL","country":"United States","canonicalUrl":"https://foursquare.com/v/chestnut-station/4c2e72b6452620a19be11b0f","category":"Bar","checkinsCount":759,"usersCount":179,"tipCount":5,"visitsCount":839,"url":"http://chestnutstation.com","tier":"","message":"","currency":"","rating":6.4}]