[{"name":"Plattduetsche Park Biergarten","phone":"5163543131","address":"1132 Hempstead Tpke","lat":40.709362917682796,"lng":-73.6820146203855,"city_fetched":"Garden City","state":"NY","country":"United States","canonicalUrl":"https://foursquare.com/v/plattduetsche-park-biergarten/4b7ed493f964a520ab0230e3","category":"Beer Garden","checkinsCount":4816,"usersCount":2233,"tipCount":24,"visitsCount":5848,"url":"http://www.parkrestaurant.com","tier":2,"message":"Moderate","currency":"$","rating":9.1},{"name":"Novita Wine Bar & Trattoria","phone":"5167397660","twitter":"novitawinebar","address":"860 Franklin Ave","lat":40.727539,"lng":-73.635246,"city_fetched":"Garden City","state":"NY","country":"United States","canonicalUrl":"https://foursquare.com/v/novita-wine-bar--trattoria/4b57c072f964a520473f28e3","category":"Wine Bar","checkinsCount":3652,"usersCount":2037,"tipCount":38,"visitsCount":3855,"url":"http://www.novitany.com","tier":2,"message":"Moderate","currency":"$","rating":8.9},{"name":"Black Sheep Ale House","phone":"5163071280","twitter":"blacksheepah","address":"78 2nd St","lat":40.74300357319426,"lng":-73.63425555053682,"city_fetched":"Garden City","state":"NY","country":"United States","canonicalUrl":"https://foursquare.com/v/black-sheep-ale-house/4b34368af964a520252625e3","category":"Bar","checkinsCount":3894,"usersCount":1191,"tipCount":33,"visitsCount":4717,"url":"http://www.blacksheepalehouse.com","tier":2,"message":"Moderate","currency":"$","rating":8.8},{"name":"Croxley's Ale House","phone":"5163269542","twitter":"croxley_fs","address":"129 New Hyde Park Rd","lat":40.710934576460055,"lng":-73.67647932545374,"city_fetched":"Garden City","state":"NY","country":"United States","canonicalUrl":"https://foursquare.com/v/croxleys-ale-house/4a9465f7f964a520772120e3","category":"Pub","checkinsCount":5975,"usersCount":2727,"tipCount":71,"visitsCount":6971,"url":"http://www.croxley.com/franklin-square.html","tier":2,"message":"Moderate","currency":"$","rating":8.5},{"name":"Anthony's Coal Fired Pizza","phone":"5168777750","twitter":"anthonyscfpizza","address":"137 Old Country Rd","lat":40.743434643396206,"lng":-73.6179213271163,"city_fetched":"Garden City","state":"NY","country":"United States","canonicalUrl":"https://foursquare.com/v/anthonys-coal-fired-pizza/4ccdd005ba79a1cdfa9843cb","category":"Pizza Place","checkinsCount":2235,"usersCount":1242,"tipCount":37,"visitsCount":2331,"url":"http://www.acfp.com","tier":2,"message":"Moderate","currency":"$","rating":8.4},{"name":"Seasons 52","phone":"5162485252","twitter":"seasons52","address":"630 Old Country Rd, Suite LI02","lat":40.74019916,"lng":-73.6152132,"city_fetched":"Garden City","state":"NY","country":"United States","canonicalUrl":"https://foursquare.com/v/seasons-52/4f5dd88de4b09f0f99f5787d","category":"New American Restaurant","checkinsCount":3900,"usersCount":2567,"tipCount":60,"visitsCount":4371,"url":"http://seasons52.com","tier":3,"message":"Expensive","currency":"$","rating":8.1},{"name":"Your Mother's House Kitchen & Bar","phone":"5164239030","address":"2349 Jericho Tpke","lat":40.74186373266288,"lng":-73.66203725337982,"city_fetched":"Garden City","state":"NY","country":"United States","canonicalUrl":"https://foursquare.com/v/your-mothers-house-kitchen--bar/4f18b855e4b0bb77e5b754c4","category":"American Restaurant","checkinsCount":3840,"usersCount":2259,"tipCount":62,"visitsCount":4943,"url":"http://www.eatatmothers.com","tier":2,"message":"Moderate","currency":"$","rating":8.1},{"name":"Kinha Sushi","phone":"5168770888","address":"988 Franklin Ave","lat":40.72924117829301,"lng":-73.63587682822637,"city_fetched":"Garden City","state":"NY","country":"United States","canonicalUrl":"https://foursquare.com/v/kinha-sushi/4d1017d49302a35d3732796e","category":"Sushi Restaurant","checkinsCount":1282,"usersCount":484,"tipCount":30,"visitsCount":1300,"url":"http://kinhasushi.com","tier":"","message":"","currency":"","rating":8},{"name":"Eleanor Rigby's","phone":"5167396622","address":"133 Mineola Blvd","lat":40.74253545769473,"lng":-73.64116601395182,"city_fetched":"Garden City","state":"NY","country":"United States","canonicalUrl":"https://foursquare.com/v/eleanor-rigbys/4a9a1036f964a5207d3120e3","category":"American Restaurant","checkinsCount":1691,"usersCount":699,"tipCount":29,"visitsCount":1917,"url":"http://www.eleanorigbys.com","tier":2,"message":"Moderate","currency":"$","rating":8},{"name":"Prost Grill & Garten","phone":"5164275215","twitter":"prostgrill","address":"652 Franklin Ave","lat":40.72459852559638,"lng":-73.63397958710256,"city_fetched":"Garden City","state":"NY","country":"United States","canonicalUrl":"https://foursquare.com/prostgrill","category":"German Restaurant","checkinsCount":1313,"usersCount":560,"tipCount":17,"visitsCount":1487,"url":"http://prostgrill.com","tier":3,"message":"Expensive","currency":"$","rating":7.6},{"name":"Revel Restaurant & Bar","phone":"5162469111","address":"835 Franklin Ave","lat":40.727641097713466,"lng":-73.63446252286927,"city_fetched":"Garden City","state":"NY","country":"United States","canonicalUrl":"https://foursquare.com/v/revel-restaurant--bar/52277e2b11d22c027e91a842","category":"American Restaurant","checkinsCount":492,"usersCount":406,"tipCount":24,"visitsCount":518,"url":"http://revelrestaurant.com","tier":4,"message":"Very Expensive","currency":"$","rating":7.5},{"name":"Uncle Bacala's","phone":"5167390505","address":"2370 Jericho Tpke","lat":40.742736,"lng":-73.65940423333333,"city_fetched":"Garden City","state":"NY","country":"United States","canonicalUrl":"https://foursquare.com/v/uncle-bacalas/4b7f30cef964a520d31d30e3","category":"Italian Restaurant","checkinsCount":1231,"usersCount":866,"tipCount":16,"visitsCount":1350,"url":"http://www.unclebacala.com","tier":2,"message":"Moderate","currency":"$","rating":7.5},{"name":"Rein Restaurant @ The Garden City Hotel","phone":"5168779385","twitter":"reinrestaurant","address":"45 7th St","lat":40.724521,"lng":-73.64066740048769,"city_fetched":"Garden City","state":"NY","country":"United States","canonicalUrl":"https://foursquare.com/v/rein-restaurant--the-garden-city-hotel/4bb0d3a7f964a52099603ce3","category":"Bar","checkinsCount":566,"usersCount":278,"tipCount":12,"visitsCount":566,"url":"https://www.gardencityhotel.com/dine-at-rein/","tier":"","message":"","currency":"","rating":7.3},{"name":"Cellar 25","phone":"5168335789","address":"2135 Jericho Tpke","lat":40.73848871903646,"lng":-73.66879978876781,"city_fetched":"Garden City","state":"NY","country":"United States","canonicalUrl":"https://foursquare.com/v/cellar-25/4d47322fbf61a1cd109024ac","category":"Bar","checkinsCount":217,"usersCount":106,"tipCount":7,"visitsCount":242,"tier":"","message":"","currency":"","rating":7.2},{"name":"O'Carroll's Fine Food & Spirits","phone":"5162482540","address":"214 Station Plz N","lat":40.74071848209796,"lng":-73.64071758827639,"city_fetched":"Garden City","state":"NY","country":"United States","canonicalUrl":"https://foursquare.com/v/ocarrolls-fine-food--spirits/4ba43e3bf964a5205d8f38e3","category":"Bar","checkinsCount":3846,"usersCount":840,"tipCount":19,"visitsCount":3935,"tier":"","message":"","currency":"","rating":7.1},{"name":"Public House 55","phone":"5163288326","address":"53-55 New Hyde Park Road","lat":40.71333741442005,"lng":-73.68292278524413,"city_fetched":"Garden City","state":"NY","country":"United States","canonicalUrl":"https://foursquare.com/v/public-house-55/4c95a48ef244b1f754072e1d","category":"Bar","checkinsCount":1016,"usersCount":231,"tipCount":1,"visitsCount":1077,"tier":"","message":"","currency":"","rating":7}]