[{"name":"Common Roots Brewing Company","phone":"5184098248","twitter":"commonrootsbeer","address":"58 Saratoga Ave","lat":43.295243,"lng":-73.636494,"city_fetched":"Glens Falls","state":"NY","country":"United States","canonicalUrl":"https://foursquare.com/v/common-roots-brewing-company/53aaf954498ef88304241223","category":"Brewery","checkinsCount":145,"usersCount":191,"tipCount":4,"visitsCount":395,"tier":"","message":"","currency":"","rating":8.7},{"name":"Cooper's Cave Ale Co","phone":"5187920007","address":"2 Sagamore St","lat":43.31767749,"lng":-73.63999973,"city_fetched":"Glens Falls","state":"NY","country":"United States","canonicalUrl":"https://foursquare.com/v/coopers-cave-ale-co/4b7ad30ff964a520fa3e2fe3","category":"Brewery","checkinsCount":1253,"usersCount":751,"tipCount":17,"visitsCount":1749,"url":"http://cooperscaveale.com","tier":"","message":"","currency":"","rating":8.5},{"name":"Davidson Brothers Brewing Company","phone":"5187430354","address":"184 Glen St","lat":43.309721,"lng":-73.644953,"city_fetched":"Glens Falls","state":"NY","country":"United States","canonicalUrl":"https://foursquare.com/v/davidson-brothers-brewing-company/4b453fe4f964a5200d0926e3","category":"Brewery","checkinsCount":2482,"usersCount":1427,"tipCount":44,"visitsCount":2671,"url":"http://www.davidsonbrothers.com","tier":2,"message":"Moderate","currency":"$","rating":8.1},{"name":"Bullpen Tavern","phone":"5186362222","twitter":"bullpentavernny","address":"216 Glen St","lat":43.309963,"lng":-73.645234,"city_fetched":"Glens Falls","state":"NY","country":"United States","canonicalUrl":"https://foursquare.com/v/bullpen-tavern/4b6ce8f4f964a520355d2ce3","category":"Brewery","checkinsCount":808,"usersCount":262,"tipCount":2,"visitsCount":831,"tier":"","message":"","currency":"","rating":7.4},{"name":"JP Bruno's Bar & Grill","phone":"5187451180","address":"30 South St","lat":43.30998740600552,"lng":-73.64682912826538,"city_fetched":"Glens Falls","state":"NY","country":"United States","canonicalUrl":"https://foursquare.com/v/jp-brunos-bar--grill/4bc7dfc215a7ef3bdb537ada","category":"Bar","checkinsCount":1396,"usersCount":311,"tipCount":4,"visitsCount":1426,"tier":"","message":"","currency":"","rating":7.4},{"name":"Sandy's Clam Bar","phone":"5187929753","address":"41 South St","lat":43.30972610110946,"lng":-73.64693796972922,"city_fetched":"Glens Falls","state":"NY","country":"United States","canonicalUrl":"https://foursquare.com/v/sandys-clam-bar/4b6ceb1cf964a520c45d2ce3","category":"Bar","checkinsCount":1299,"usersCount":265,"tipCount":4,"visitsCount":1446,"tier":"","message":"","currency":"","rating":7.1},{"name":"Rare Earth Wine Bar","phone":"5184098055","twitter":"rareearthgf","address":"164 Glen St","lat":43.3096751303279,"lng":-73.64440441131592,"city_fetched":"Glens Falls","state":"NY","country":"United States","canonicalUrl":"https://foursquare.com/v/rare-earth-wine-bar/52cf1cab11d2624ea10561f6","category":"Wine Bar","checkinsCount":116,"usersCount":48,"tipCount":2,"visitsCount":120,"url":"http://www.rareearthwinebar.com","tier":2,"message":"Moderate","currency":"$","rating":6},{"name":"Hot Shots","phone":"5187924445","address":"45 South St","lat":43.309495,"lng":-73.647323,"city_fetched":"Glens Falls","state":"NY","country":"United States","canonicalUrl":"https://foursquare.com/v/hot-shots/4b6cea8ef964a520a35d2ce3","category":"Bar","checkinsCount":423,"usersCount":162,"tipCount":4,"visitsCount":424,"tier":"","message":"","currency":"","rating":5.5}]