[{"name":"Bin 707 Foodbar","phone":"9702434543","address":"225 N 5th St #105","lat":39.068864399330856,"lng":-108.5646397971079,"neighborhood":"Downtown Grand Junction","city_fetched":"Grand Junction","state":"CO","country":"United States","canonicalUrl":"https://foursquare.com/v/bin-707-foodbar/4dd0012cd4c065592fa53009","category":"New American Restaurant","checkinsCount":1055,"usersCount":708,"tipCount":28,"visitsCount":1478,"url":"http://bin707.com","tier":2,"message":"Moderate","currency":"$","rating":8.9},{"name":"Old Chicago","phone":"9702448383","address":"120 North Ave","lat":39.077524075228055,"lng":-108.57019988164315,"city_fetched":"Grand Junction","state":"CO","country":"United States","canonicalUrl":"https://foursquare.com/v/old-chicago/4b5a5421f964a5209dbd28e3","category":"Pub","checkinsCount":3765,"usersCount":803,"tipCount":20,"visitsCount":4469,"url":"http://oldchicago.com","tier":2,"message":"Moderate","currency":"$","rating":8.6},{"name":"Ale House","phone":"9702427253","address":"2532 N. 12th Street","lat":39.090921029179924,"lng":-108.55260372161865,"city_fetched":"Grand Junction","state":"CO","country":"United States","canonicalUrl":"https://foursquare.com/v/ale-house/4b89eff5f964a520685732e3","category":"American Restaurant","checkinsCount":2266,"usersCount":1255,"tipCount":32,"visitsCount":2905,"url":"http://alehousegj.com","tier":3,"message":"Expensive","currency":"$","rating":8.6},{"name":"Edgewater Brewery","address":"905 Struthers Ave","lat":39.055247564690546,"lng":-108.55720715974245,"city_fetched":"Grand Junction","state":"CO","country":"United States","canonicalUrl":"https://foursquare.com/v/edgewater-brewery/518c42b7498ebb3f6d37d68d","category":"Beer Garden","checkinsCount":350,"usersCount":214,"tipCount":4,"visitsCount":469,"tier":2,"message":"Moderate","currency":"$","rating":8.2},{"name":"Kannah Creek Brewing Company","phone":"9702630111","twitter":"kannahcreekbrew","address":"1960 N 12th St","lat":39.085316636747926,"lng":-108.55200827121735,"city_fetched":"Grand Junction","state":"CO","country":"United States","canonicalUrl":"https://foursquare.com/v/kannah-creek-brewing-company/4b085165f964a520e70823e3","category":"Brewery","checkinsCount":1457,"usersCount":970,"tipCount":21,"visitsCount":1729,"url":"http://kannahcreekbrewingco.com","tier":2,"message":"Moderate","currency":"$","rating":8.1},{"name":"Cruisers Bar","phone":"9703142554","twitter":"cruisers_bar","address":"715 Horizon Dr Ste 100","lat":39.10840743286647,"lng":-108.54390764666769,"city_fetched":"Grand Junction","state":"CO","country":"United States","canonicalUrl":"https://foursquare.com/v/cruisers-bar/4e683b9ca8095c0200088ba3","category":"Lounge","checkinsCount":624,"usersCount":193,"tipCount":6,"visitsCount":825,"url":"http://cruisersgj.com","tier":1,"message":"Cheap","currency":"$","rating":8},{"name":"Rockslide Brew Pub","phone":"9702452111","address":"401 Main St","lat":39.067033466666665,"lng":-108.565978,"neighborhood":"Downtown Grand Junction","city_fetched":"Grand Junction","state":"CO","country":"United States","canonicalUrl":"https://foursquare.com/v/rockslide-brew-pub/4b5bdaeff964a520ff1929e3","category":"Brewery","checkinsCount":1920,"usersCount":1396,"tipCount":30,"visitsCount":2226,"url":"http://www.rockslidebrewpub.com","tier":2,"message":"Moderate","currency":"$","rating":7.8},{"name":"Charlie Dwellington's","phone":"9702414010","address":"103 N 1st St","lat":39.06753227417621,"lng":-108.5713768448834,"neighborhood":"Downtown Grand Junction","city_fetched":"Grand Junction","state":"CO","country":"United States","canonicalUrl":"https://foursquare.com/v/charlie-dwellingtons/50d691aae4b0fb6ffe6a70f1","category":"Bar","checkinsCount":140,"usersCount":73,"tipCount":8,"visitsCount":154,"url":"http://charliedwellingtons.com","tier":"","message":"","currency":"","rating":7.7},{"name":"Mesa Theatre  Club & Lounge","phone":"9702411717","twitter":"mesatheaterclub","address":"538 Main St","lat":39.06746718594882,"lng":-108.56352663099325,"neighborhood":"Downtown Grand Junction","city_fetched":"Grand Junction","state":"CO","country":"United States","canonicalUrl":"https://foursquare.com/mesatheaterclub","category":"Nightclub","checkinsCount":502,"usersCount":197,"tipCount":7,"visitsCount":542,"url":"http://www.mesatheater.com","tier":2,"message":"Moderate","currency":"$","rating":7.5},{"name":"Andy's Liquor","lat":39.07616375504915,"lng":-108.57048977370906,"city_fetched":"Grand Junction","state":"CO","country":"United States","canonicalUrl":"https://foursquare.com/v/andys-liquor/4e338be7b61cd25ad4aac889","category":"Nightlife Spot","checkinsCount":223,"usersCount":100,"tipCount":1,"visitsCount":275,"tier":"","message":"","currency":"","rating":7.5},{"name":"Blue Moon Bar & Grill","address":"120 N 7th St","lat":39.06775456,"lng":-108.5608971118927,"neighborhood":"Downtown Grand Junction","city_fetched":"Grand Junction","state":"CO","country":"United States","canonicalUrl":"https://foursquare.com/v/blue-moon-bar--grill/4b7af975f964a5207e492fe3","category":"American Restaurant","checkinsCount":477,"usersCount":228,"tipCount":10,"visitsCount":564,"url":"http://www.bluemoongj.com","tier":2,"message":"Moderate","currency":"$","rating":7.2},{"name":"Wrigley Field Bar","phone":"9702459010","address":"1810 North Ave","lat":39.07772777,"lng":-108.54353,"city_fetched":"Grand Junction","state":"CO","country":"United States","canonicalUrl":"https://foursquare.com/v/wrigley-field-bar/4b89ffcaf964a520e45a32e3","category":"Sports Bar","checkinsCount":1269,"usersCount":173,"tipCount":7,"visitsCount":1509,"tier":"","message":"","currency":"","rating":7.1},{"name":"Quincy Bar","phone":"9702431044","address":"609 Main St","lat":39.0671639114986,"lng":-108.56240187290878,"neighborhood":"Downtown Grand Junction","city_fetched":"Grand Junction","state":"CO","country":"United States","canonicalUrl":"https://foursquare.com/v/quincy-bar/4beb5d616295c9b66ab68708","category":"Dive Bar","checkinsCount":603,"usersCount":263,"tipCount":10,"visitsCount":697,"url":"http://quincybar.com","tier":"","message":"","currency":"","rating":7},{"name":"Boston's Restaurant & Sports Bar","phone":"9702567654","twitter":"bostonscorp","address":"2404 F Rd.","lat":39.09502865920704,"lng":-108.60727896715886,"city_fetched":"Grand Junction","state":"CO","country":"United States","canonicalUrl":"https://foursquare.com/v/bostons-restaurant--sports-bar/4b8c1fe4f964a52067bf32e3","category":"American Restaurant","checkinsCount":1071,"usersCount":542,"tipCount":22,"visitsCount":1304,"url":"http://www.bostons.com","tier":2,"message":"Moderate","currency":"$","rating":6.3},{"name":"Freeway Bowl","phone":"9702453035","address":"1900 I 70 Business Loop","lat":39.06734613969248,"lng":-108.54285881529893,"city_fetched":"Grand Junction","state":"CO","country":"United States","canonicalUrl":"https://foursquare.com/v/freeway-bowl/4ba2a23ff964a520280b38e3","category":"Bowling Alley","checkinsCount":197,"usersCount":163,"tipCount":0,"visitsCount":288,"url":"http://www.freewaybowl.com","tier":"","message":"","currency":"","rating":6.2},{"name":"¡Sabrosa!","lat":39.06680269315714,"lng":-108.56432671878888,"neighborhood":"Downtown Grand Junction","city_fetched":"Grand Junction","state":"CO","country":"United States","canonicalUrl":"https://foursquare.com/v/sabrosa/4dfc3ce3b61c84188eec4349","category":"Dive Bar","checkinsCount":677,"usersCount":131,"tipCount":5,"visitsCount":704,"tier":"","message":"","currency":"","rating":5.7}]