[{"name":"Hugo's Taproom","phone":"7248364846","address":"106 W Pittsburgh St","lat":40.301975199015224,"lng":-79.54570974633832,"city_fetched":"Greensburg","state":"PA","country":"United States","canonicalUrl":"https://foursquare.com/v/hugos-taproom/55dbb64a498e2ef1c69d2607","category":"Bar","checkinsCount":305,"usersCount":55,"tipCount":3,"visitsCount":387,"tier":"","message":"","currency":"","rating":8.7},{"name":"Parkwood Inn","phone":"7248342332","address":"1002 Cribbs St","lat":40.287298564232074,"lng":-79.5476856289529,"city_fetched":"Greensburg","state":"PA","country":"United States","canonicalUrl":"https://foursquare.com/v/parkwood-inn/4bc8d9c33740b71331865d65","category":"Bar","checkinsCount":919,"usersCount":469,"tipCount":16,"visitsCount":1202,"url":"http://parkwoodinnrestaurant.com","tier":"","message":"","currency":"","rating":8.6},{"name":"The Headkeeper","phone":"7248387439","twitter":"theheadkeeper","address":"618 S Main St","lat":40.296263694763184,"lng":-79.543377,"city_fetched":"Greensburg","state":"PA","country":"United States","canonicalUrl":"https://foursquare.com/v/the-headkeeper/4ada8b6cf964a520622321e3","category":"Tapas Restaurant","checkinsCount":2507,"usersCount":1115,"tipCount":27,"visitsCount":2955,"url":"http://theheadkeeper.com","tier":2,"message":"Moderate","currency":"$","rating":8.3},{"name":"Oliver's Pourhouse","phone":"7248367687","address":"8 N Pennsylvania Ave","lat":40.3025,"lng":-79.54540883,"city_fetched":"Greensburg","state":"PA","country":"United States","canonicalUrl":"https://foursquare.com/v/olivers-pourhouse/4de1b376fa7651589eee3762","category":"Bar","checkinsCount":1232,"usersCount":529,"tipCount":18,"visitsCount":1461,"url":"http://oliverspourhouse.com","tier":"","message":"","currency":"","rating":8.1},{"name":"The ASH Club","phone":"7248378430","address":"119 Harrison Ave","lat":40.303618081236856,"lng":-79.54638004302979,"city_fetched":"Greensburg","state":"PA","country":"United States","canonicalUrl":"https://foursquare.com/v/the-ash-club/4b7f84d4f964a5209b3230e3","category":"Bar","checkinsCount":746,"usersCount":158,"tipCount":4,"visitsCount":779,"tier":"","message":"","currency":"","rating":8},{"name":"Burky's Tavern","phone":"7248381850","address":"625 W Otterman St","lat":40.30334248352073,"lng":-79.5571967079576,"city_fetched":"Greensburg","state":"PA","country":"United States","canonicalUrl":"https://foursquare.com/v/burkys-tavern/4cba0897035d236ad1dbd74e","category":"Bar","checkinsCount":542,"usersCount":58,"tipCount":1,"visitsCount":612,"tier":1,"message":"Cheap","currency":"$","rating":7.8},{"name":"All Saints Brewing Company","phone":"7243964968","twitter":"allsaintscraft","address":"Route 119 and Roseytown Road","lat":40.31182404821661,"lng":-79.52625599154865,"city_fetched":"Greensburg","state":"PA","country":"United States","canonicalUrl":"https://foursquare.com/v/all-saints-brewing-company/4f242f52e4b0b2f98f2a78b4","category":"Brewery","checkinsCount":364,"usersCount":234,"tipCount":7,"visitsCount":480,"url":"http://www.allsaintscraftbrewing.com","tier":"","message":"","currency":"","rating":7.8},{"name":"Greensburg, PA","address":"100-198 U.S. 119","lat":40.30243781665558,"lng":-79.54426924934108,"city_fetched":"Greensburg","state":"PA","country":"United States","canonicalUrl":"https://foursquare.com/v/greensburg-pa/4cbdd3fd4495721e75b0617a","category":"General Travel","checkinsCount":6747,"usersCount":874,"tipCount":9,"visitsCount":6896,"tier":"","message":"","currency":"","rating":7.5},{"name":"Callahan's","phone":"5347624678","address":"534 S Main St","lat":40.297256818929974,"lng":-79.54303125921393,"city_fetched":"Greensburg","state":"PA","country":"United States","canonicalUrl":"https://foursquare.com/v/callahans/4aecb901f964a5209fca21e3","category":"Dive Bar","checkinsCount":614,"usersCount":194,"tipCount":8,"visitsCount":616,"tier":"","message":"","currency":"","rating":7.1},{"name":"The Supper Club","phone":"7246910536","address":"101 Ehalt St","lat":40.304524210581825,"lng":-79.54697760928025,"city_fetched":"Greensburg","state":"PA","country":"United States","canonicalUrl":"https://foursquare.com/v/the-supper-club/4c0a874effb8c9b612b16b61","category":"Gastropub","checkinsCount":286,"usersCount":177,"tipCount":3,"visitsCount":288,"url":"http://www.supperclubgreensburg.com","tier":3,"message":"Expensive","currency":"$","rating":6.5},{"name":"Scooby's Pub","phone":"7248349827","address":"414 New Alexandria Rd","lat":40.3073490181992,"lng":-79.53856945037842,"city_fetched":"Greensburg","state":"PA","country":"United States","canonicalUrl":"https://foursquare.com/v/scoobys-pub/50e8e1f329a67936830f6f35","category":"Karaoke Bar","checkinsCount":297,"usersCount":69,"tipCount":1,"visitsCount":311,"tier":"","message":"","currency":"","rating":6.4},{"name":"Mr. Toads","phone":"7248348623","address":"10 E Otterman St, Greensburg, PA 15601","lat":40.30348593662083,"lng":-79.54431562557797,"city_fetched":"Greensburg","state":"PA","country":"United States","canonicalUrl":"https://foursquare.com/v/mr-toads/4eb5dea8823131626f76a0df","category":"Bar","checkinsCount":937,"usersCount":214,"tipCount":4,"visitsCount":962,"tier":"","message":"","currency":"","rating":6.2}]