[{"name":"Bulldog Brewing Company","phone":"2196555284","address":"1409 119th St","lat":41.67948140167709,"lng":-87.49519157309712,"city_fetched":"Hammond","state":"IN","country":"United States","canonicalUrl":"https://foursquare.com/v/bulldog-brewing-company/4e9087f829c2117fa3dcf017","category":"Brewery","checkinsCount":828,"usersCount":532,"tipCount":11,"visitsCount":1151,"url":"http://www.bulldogbrewingco.com","tier":"","message":"","currency":"","rating":8.2},{"name":"18th Street Brewery","phone":"2199398802","address":"5417 Oakley Ave","lat":41.615323635608696,"lng":-87.51739265442983,"city_fetched":"Hammond","state":"IN","country":"United States","canonicalUrl":"https://foursquare.com/v/18th-street-brewery/56b64e60498e5b273dc140e2","category":"Brewery","checkinsCount":291,"usersCount":322,"tipCount":3,"visitsCount":515,"url":"http://www.18thstreetbrewery.com","tier":"","message":"","currency":"","rating":8},{"name":"Jason's Bar And Grill","phone":"2199331976","address":"3949 Hohman Ave","lat":41.6413112285914,"lng":-87.51700613581885,"city_fetched":"Hammond","state":"IN","country":"United States","canonicalUrl":"https://foursquare.com/v/jasons-bar-and-grill/4cfb1c0f0df3236acf2df8a9","category":"Bar","checkinsCount":284,"usersCount":153,"tipCount":4,"visitsCount":500,"url":"http://jasonsbar.com","tier":"","message":"","currency":"","rating":7.4},{"name":"Center Lounge","phone":"2196594080","address":"1312 119th St","lat":41.679243,"lng":-87.497138,"city_fetched":"Hammond","state":"IN","country":"United States","canonicalUrl":"https://foursquare.com/v/center-lounge/4bef6dadf2712d7f45ccfbd8","category":"Bar","checkinsCount":285,"usersCount":81,"tipCount":5,"visitsCount":287,"tier":"","message":"","currency":"","rating":7.2},{"name":"Flat Rock Tap","phone":"2198525262","address":"6732 Calumet Ave","lat":41.59088360513264,"lng":-87.50919293357293,"city_fetched":"Hammond","state":"IN","country":"United States","canonicalUrl":"https://foursquare.com/v/flat-rock-tap/4b8ab21bf964a5206c7a32e3","category":"Bar","checkinsCount":1183,"usersCount":430,"tipCount":15,"visitsCount":1471,"tier":"","message":"","currency":"","rating":7.2},{"name":"The Pines Lounge","phone":"2199311583","address":"7349 Calumet Ave","lat":41.579112635574376,"lng":-87.50893592834473,"city_fetched":"Hammond","state":"IN","country":"United States","canonicalUrl":"https://foursquare.com/v/the-pines-lounge/4b6e10e3f964a520efa72ce3","category":"Lounge","checkinsCount":460,"usersCount":141,"tipCount":3,"visitsCount":477,"tier":"","message":"","currency":"","rating":7.1},{"name":"Pioneer Tap","address":"6826 Kennedy Ave","lat":41.5896373569486,"lng":-87.46185057730882,"city_fetched":"Hammond","state":"IN","country":"United States","canonicalUrl":"https://foursquare.com/v/pioneer-tap/4b8d3b3ef964a520c7ee32e3","category":"Bar","checkinsCount":220,"usersCount":96,"tipCount":4,"visitsCount":227,"tier":"","message":"","currency":"","rating":7.1},{"name":"Push @ Horseshoe Casino","address":"777 Casino Center Dr","lat":41.694424,"lng":-87.506533,"city_fetched":"Hammond","state":"IN","country":"United States","canonicalUrl":"https://foursquare.com/v/push--horseshoe-casino/4ce8a4aee1eeb60cfad4a4ae","category":"Bar","checkinsCount":262,"usersCount":142,"tipCount":1,"visitsCount":262,"tier":"","message":"","currency":"","rating":7},{"name":"Dick's R U Crazee?","phone":"2198520222","address":"1221 150th St","lat":41.62308605926265,"lng":-87.49896660736012,"city_fetched":"Hammond","state":"IN","country":"United States","canonicalUrl":"https://foursquare.com/v/dicks-r-u-crazee/4c4a54baf7cc1b8df8ef393e","category":"Bar","checkinsCount":341,"usersCount":152,"tipCount":3,"visitsCount":402,"tier":"","message":"","currency":"","rating":6.8},{"name":"Ameristar Casino & Hotel","phone":"2193783000","twitter":"ameristar","address":"777 Ameristar Blvd","lat":41.65214437271812,"lng":-87.4356472492218,"city_fetched":"Hammond","state":"IN","country":"United States","canonicalUrl":"https://foursquare.com/v/ameristar-casino--hotel/4b79b56bf964a520a40c2fe3","category":"Casino","checkinsCount":4962,"usersCount":2367,"tipCount":25,"visitsCount":7495,"tier":"","message":"","currency":"","rating":6.8},{"name":"Coaches Corner","phone":"2198441111","address":"6208 Kennedy Ave","lat":41.60080104622062,"lng":-87.4617054588048,"city_fetched":"Hammond","state":"IN","country":"United States","canonicalUrl":"https://foursquare.com/v/coaches-corner/4c83245d47cc224be9338d9f","category":"Sports Bar","checkinsCount":726,"usersCount":226,"tipCount":6,"visitsCount":896,"tier":"","message":"","currency":"","rating":6.7},{"name":"Johnels Restaurant","phone":"2199317000","address":"4145 Calumet Ave.","lat":41.637697089677964,"lng":-87.50835210192551,"city_fetched":"Hammond","state":"IN","country":"United States","canonicalUrl":"https://foursquare.com/v/johnels-restaurant/4c436063dd1f2d7fff677ef9","category":"American Restaurant","checkinsCount":740,"usersCount":454,"tipCount":13,"visitsCount":1016,"url":"http://www.johnels.com","tier":2,"message":"Moderate","currency":"$","rating":6.7},{"name":"Johnny's Tap","phone":"2198369218","address":"8050 Calumet Ave","lat":41.566747349373586,"lng":-87.50917843660544,"city_fetched":"Hammond","state":"IN","country":"United States","canonicalUrl":"https://foursquare.com/v/johnnys-tap/4b7e4af6f964a52097e82fe3","category":"Bar","checkinsCount":836,"usersCount":228,"tipCount":3,"visitsCount":846,"tier":"","message":"","currency":"","rating":6.6},{"name":"Game time 2","address":"2062 Indianapolis Blvd","lat":41.676095482637116,"lng":-87.49603747829038,"city_fetched":"Hammond","state":"IN","country":"United States","canonicalUrl":"https://foursquare.com/v/game-time-2/4dbb9b836e810768bf49c714","category":"Sports Bar","checkinsCount":486,"usersCount":174,"tipCount":8,"visitsCount":634,"tier":"","message":"","currency":"","rating":6.5},{"name":"Kenwood Tap","address":"Kennedy","lat":41.59958002926466,"lng":-87.46125558855088,"city_fetched":"Hammond","state":"IN","country":"United States","canonicalUrl":"https://foursquare.com/v/kenwood-tap/4c3a6e2e1e06d13af3627b3e","category":"Bar","checkinsCount":351,"usersCount":121,"tipCount":4,"visitsCount":383,"tier":"","message":"","currency":"","rating":6.3},{"name":"Aquavor Nightclub","address":"5260 Hohman Ave","lat":41.617278213849566,"lng":-87.52222386356124,"city_fetched":"Hammond","state":"IN","country":"United States","canonicalUrl":"https://foursquare.com/v/aquavor-nightclub/4ef431eb30f87cc5179d8540","category":"Nightclub","checkinsCount":387,"usersCount":162,"tipCount":7,"visitsCount":388,"url":"http://aquavornightclub.com","tier":"","message":"","currency":"","rating":6.1},{"name":"Byway Brewing Company","address":"2825 Carlson Dr","lat":41.5711690122334,"lng":-87.46074282787585,"city_fetched":"Hammond","state":"IN","country":"United States","canonicalUrl":"https://foursquare.com/v/byway-brewing-company/56b7894c498e16a730df98a2","category":"Brewery","checkinsCount":214,"usersCount":156,"tipCount":0,"visitsCount":309,"tier":"","message":"","currency":"","rating":5.8}]