[{"name":"Jack Brown's Beer & Burger Joint","phone":"5404335225","twitter":"jackbrownsjoint","address":"80 S Main St","lat":38.44870766666667,"lng":-78.86865964226872,"city_fetched":"Harrisonburg","state":"VA","country":"United States","canonicalUrl":"https://foursquare.com/jackbrownsjoint","category":"Burger Joint","checkinsCount":6654,"usersCount":1746,"tipCount":48,"visitsCount":6866,"url":"http://www.jackbrownsjoint.com","tier":2,"message":"Moderate","currency":"$","rating":9.3},{"name":"Billy Jack's Shack","phone":"5404331793","address":"92 S Main St","lat":38.448431,"lng":-78.86873756,"city_fetched":"Harrisonburg","state":"VA","country":"United States","canonicalUrl":"https://foursquare.com/v/billy-jacks-shack/4e15f056b61c42e7c54fe9f3","category":"Bar","checkinsCount":5125,"usersCount":1471,"tipCount":42,"visitsCount":5501,"url":"http://billyjacksshack.com","tier":2,"message":"Moderate","currency":"$","rating":8.9},{"name":"Pale Fire Brewing Co.","phone":"5402175452","twitter":"palefirebrewing","address":"217 S Liberty St #105","lat":38.44707325118437,"lng":-78.87199367647173,"city_fetched":"Harrisonburg","state":"VA","country":"United States","canonicalUrl":"https://foursquare.com/v/pale-fire-brewing-co/551d652d498ebf31865585c3","category":"Brewery","checkinsCount":380,"usersCount":252,"tipCount":4,"visitsCount":547,"url":"http://palefirebrewing.com","tier":"","message":"","currency":"","rating":8.8},{"name":"Brothers Craft Brewing","twitter":"broscraftbrew","address":"800 N Main St","lat":38.457292407086044,"lng":-78.8610255267118,"city_fetched":"Harrisonburg","state":"VA","country":"United States","canonicalUrl":"https://foursquare.com/v/brothers-craft-brewing/50df0c168302512645ae49c3","category":"Brewery","checkinsCount":1179,"usersCount":555,"tipCount":8,"visitsCount":1591,"url":"https://brotherscraftbrewing.com","tier":"","message":"","currency":"","rating":8.6},{"name":"The Artful Dodger","phone":"5404321179","twitter":"artfuldodgerva","address":"47 Court Sq","lat":38.449644533953126,"lng":-78.86968847698414,"city_fetched":"Harrisonburg","state":"VA","country":"United States","canonicalUrl":"https://foursquare.com/artfuldodgerva","category":"Café","checkinsCount":4537,"usersCount":1084,"tipCount":37,"visitsCount":4653,"url":"http://www.artfuldodgerlounge.com","tier":1,"message":"Cheap","currency":"$","rating":8.5},{"name":"Boston Beanery","phone":"5404331870","address":"1625 E Market St","lat":38.43404670308246,"lng":-78.84789972312441,"city_fetched":"Harrisonburg","state":"VA","country":"United States","canonicalUrl":"https://foursquare.com/v/boston-beanery/4b7b7b17f964a5200f652fe3","category":"Pub","checkinsCount":1494,"usersCount":525,"tipCount":7,"visitsCount":1636,"url":"http://bostonbeanery.com","tier":2,"message":"Moderate","currency":"$","rating":8.5},{"name":"The Golden pony","address":"181 N Main St","lat":38.45122471473099,"lng":-78.86825115481707,"city_fetched":"Harrisonburg","state":"VA","country":"United States","canonicalUrl":"https://foursquare.com/v/the-golden-pony/551c7ddf498e26378b63f09e","category":"Bar","checkinsCount":117,"usersCount":118,"tipCount":1,"visitsCount":231,"tier":"","message":"","currency":"","rating":8.5},{"name":"Food.Bar.Food","phone":"5404333663","address":"126 W Bruce St Ste 101","lat":38.44797,"lng":-78.871511,"city_fetched":"Harrisonburg","state":"VA","country":"United States","canonicalUrl":"https://foursquare.com/v/foodbarfood/53c1c916498e4815fa6d71e1","category":"Bar","checkinsCount":140,"usersCount":116,"tipCount":6,"visitsCount":179,"url":"http://www.foodbarfood.com","tier":"","message":"","currency":"","rating":8.5},{"name":"Corgans' Publick House","phone":"5405642674","address":"865 Port Republic Rd","lat":38.423622209467965,"lng":-78.87333696907797,"city_fetched":"Harrisonburg","state":"VA","country":"United States","canonicalUrl":"https://foursquare.com/v/corgans-publick-house/4f0f80fbe4b0804e88664578","category":"Pub","checkinsCount":853,"usersCount":514,"tipCount":10,"visitsCount":1051,"url":"http://corganspublickhouse.com","tier":2,"message":"Moderate","currency":"$","rating":8.3},{"name":"Vibe","address":"S Main St, Harrisonburg, VA","lat":38.429616115732806,"lng":-78.88458010111853,"city_fetched":"Harrisonburg","state":"VA","country":"United States","canonicalUrl":"https://foursquare.com/v/vibe/4f2219dfe4b0502588d238b8","category":"Hookah Bar","checkinsCount":286,"usersCount":111,"tipCount":6,"visitsCount":310,"tier":"","message":"","currency":"","rating":8.3},{"name":"Clementine Cafe","phone":"5408018881","address":"153 S Main St","lat":38.44782138717491,"lng":-78.86922411367237,"city_fetched":"Harrisonburg","state":"VA","country":"United States","canonicalUrl":"https://foursquare.com/v/clementine-cafe/4b62022ff964a52047302ae3","category":"Bar","checkinsCount":3170,"usersCount":1510,"tipCount":39,"visitsCount":3300,"url":"http://www.clementinecafe.com","tier":2,"message":"Moderate","currency":"$","rating":8.1},{"name":"Joshua Wilton House","phone":"5404344464","address":"412 S Main Street","lat":38.445493704179405,"lng":-78.86922411367237,"city_fetched":"Harrisonburg","state":"VA","country":"United States","canonicalUrl":"https://foursquare.com/v/joshua-wilton-house/4bac1fd9f964a520c0e53ae3","category":"New American Restaurant","checkinsCount":304,"usersCount":216,"tipCount":8,"visitsCount":318,"url":"http://www.joshuawilton.com","tier":3,"message":"Expensive","currency":"$","rating":7.6},{"name":"Three Notch'd Brewing Company","phone":"4349610959","twitter":"threenotchdbeer","address":"241 E Market St","lat":38.44883239193572,"lng":-78.86534327687737,"city_fetched":"Harrisonburg","state":"VA","country":"United States","canonicalUrl":"https://foursquare.com/v/three-notchd-brewing-company/5376cabe498ec49179da6bfb","category":"Brewery","checkinsCount":252,"usersCount":213,"tipCount":2,"visitsCount":427,"url":"http://threenotchdbrewing.com","tier":"","message":"","currency":"","rating":7.5},{"name":"Union Station Restaurant & Bar","phone":"5404370042","twitter":"unionstationres","address":"128 W Market St Ste 202","lat":38.450013,"lng":-78.870907,"city_fetched":"Harrisonburg","state":"VA","country":"United States","canonicalUrl":"https://foursquare.com/v/union-station-restaurant--bar/4bdef69ec3392d7f26b29bd5","category":"American Restaurant","checkinsCount":1886,"usersCount":1074,"tipCount":20,"visitsCount":2090,"url":"http://www.unionstationdowntown.com","tier":2,"message":"Moderate","currency":"$","rating":7.4},{"name":"The Corner","address":"95 S Main St","lat":38.448513793789935,"lng":-78.86904716491699,"city_fetched":"Harrisonburg","state":"VA","country":"United States","canonicalUrl":"https://foursquare.com/v/the-corner/4eded8537beb7e3a38be1945","category":"Sandwich Place","checkinsCount":510,"usersCount":202,"tipCount":9,"visitsCount":510,"tier":"","message":"","currency":"","rating":6.7},{"name":"O'Charley's","phone":"5404326662","twitter":"ocharleys","address":"101 Burgess Rd","lat":38.43404228506381,"lng":-78.84969674628726,"city_fetched":"Harrisonburg","state":"VA","country":"United States","canonicalUrl":"https://foursquare.com/v/ocharleys/4bbfba9babf495218230be93","category":"American Restaurant","checkinsCount":852,"usersCount":528,"tipCount":7,"visitsCount":912,"url":"http://www.ocharleys.com","tier":1,"message":"Cheap","currency":"$","rating":6.7},{"name":"Ruby's Lady Luck","phone":"5408018881","address":"153 S Main St","lat":38.448,"lng":-78.869226,"city_fetched":"Harrisonburg","state":"VA","country":"United States","canonicalUrl":"https://foursquare.com/v/rubys-lady-luck/4e41d6bdc65b782238e96af9","category":"Bar","checkinsCount":719,"usersCount":275,"tipCount":8,"visitsCount":745,"url":"http://clementinecafe.com/rubys.html","tier":"","message":"","currency":"","rating":6.6},{"name":"Tilted Kilt Harrisonburg","phone":"5404388458","twitter":"tiltedkiltpub","address":"1925 E Market St Ste 208","lat":38.42914414101918,"lng":-78.8438853307738,"city_fetched":"Harrisonburg","state":"VA","country":"United States","canonicalUrl":"https://foursquare.com/v/tilted-kilt-harrisonburg/5173f9ec498ebf7fcf531f56","category":"Pub","checkinsCount":302,"usersCount":188,"tipCount":3,"visitsCount":309,"url":"http://www.tiltedkilt.com","tier":"","message":"","currency":"","rating":6.4},{"name":"Finnigan's Cove Seafood Bar & Grill","phone":"5404339874","address":"30 W Water St","lat":38.4486436135076,"lng":-78.86973270194639,"city_fetched":"Harrisonburg","state":"VA","country":"United States","canonicalUrl":"https://foursquare.com/v/finnigans-cove-seafood-bar--grill/4b745d92f964a520ecd72de3","category":"Seafood Restaurant","checkinsCount":1372,"usersCount":386,"tipCount":11,"visitsCount":1399,"tier":1,"message":"Cheap","currency":"$","rating":6}]