[{"name":"Rio's Bar & Grill","lat":33.26838668723426,"lng":-86.83240032308595,"city_fetched":"Helena","state":"AL","country":"United States","canonicalUrl":"https://foursquare.com/v/rios-bar--grill/4fef7956e4b0ff692bf85d66","category":"Bar","checkinsCount":148,"usersCount":56,"tipCount":1,"visitsCount":160,"tier":"","message":"","currency":"","rating":7.6},{"name":"Papa Saia's","phone":"2056216161","address":"4300 Helena Rd","lat":33.29758396417987,"lng":-86.84264427850131,"city_fetched":"Helena","state":"AL","country":"United States","canonicalUrl":"https://foursquare.com/v/papa-saias/4f55519ce4b07120a6806076","category":"Sports Bar","checkinsCount":908,"usersCount":423,"tipCount":16,"visitsCount":1146,"url":"http://papasaias.com","tier":1,"message":"Cheap","currency":"$","rating":7.3}]