[{"name":"Ixtapa Mexican","phone":"5415640320","address":"115 E Oregon Ave","lat":45.854483355055685,"lng":-119.28914363863274,"city_fetched":"Hermiston","state":"OR","country":"United States","canonicalUrl":"https://foursquare.com/v/ixtapa-mexican/4dbb730c815439392f902f1f","category":"Mexican Restaurant","checkinsCount":153,"usersCount":69,"tipCount":4,"visitsCount":197,"tier":"","message":"","currency":"","rating":7.8},{"name":"Nookie's","phone":"5412897414","address":"125 N. 1st","lat":45.84095,"lng":-119.290455,"city_fetched":"Hermiston","state":"OR","country":"United States","canonicalUrl":"https://foursquare.com/v/nookies/4c256bd9905a0f4710996160","category":"Bar","checkinsCount":251,"usersCount":175,"tipCount":4,"visitsCount":307,"tier":"","message":"","currency":"","rating":6.8}]