[{"name":"Gata's Sports Bar & Grille","lat":31.830604309831088,"lng":-81.61621547236422,"city_fetched":"Hinesville","state":"GA","country":"United States","canonicalUrl":"https://foursquare.com/v/gatas-sports-bar--grille/50df87b3e4b01580a01423d1","category":"Sports Bar","checkinsCount":277,"usersCount":137,"tipCount":3,"visitsCount":326,"tier":"","message":"","currency":"","rating":6.5},{"name":"Doodles","address":"231-241 W General Screven Way","lat":31.84116268,"lng":-81.598809,"neighborhood":"Downtown Hinesville","city_fetched":"Hinesville","state":"GA","country":"United States","canonicalUrl":"https://foursquare.com/v/doodles/4e0280461495525ce2c4f6ca","category":"Bar","checkinsCount":142,"usersCount":85,"tipCount":4,"visitsCount":144,"tier":"","message":"","currency":"","rating":6.1}]