[{"name":"Full Sail Brewing Co.","phone":"5413862247","twitter":"fullsailbrewing","address":"506 Columbia St","lat":45.710669807495044,"lng":-121.51613089607415,"city_fetched":"Hood River","state":"OR","country":"United States","canonicalUrl":"https://foursquare.com/v/full-sail-brewing-co/4adb6517f964a520ef2621e3","category":"Brewery","checkinsCount":5529,"usersCount":4696,"tipCount":70,"visitsCount":6337,"url":"http://www.fullsailbrewing.com","tier":2,"message":"Moderate","currency":"$","rating":9.1},{"name":"Double Mountain Brewery & Taproom","phone":"5413870042","twitter":"doublemountain","address":"8 4th St","lat":45.71003491282609,"lng":-121.5144881359362,"city_fetched":"Hood River","state":"OR","country":"United States","canonicalUrl":"https://foursquare.com/v/double-mountain-brewery--taproom/4a906b6af964a520bb1720e3","category":"Brewery","checkinsCount":6261,"usersCount":4057,"tipCount":86,"visitsCount":7183,"url":"http://www.doublemountainbrewery.com","tier":2,"message":"Moderate","currency":"$","rating":9.1},{"name":"Pfriem Family Brewers","phone":"5413210490","twitter":"pfriembeer","address":"707 Portway Ave Ste 101","lat":45.714715691599665,"lng":-121.51787007343799,"city_fetched":"Hood River","state":"OR","country":"United States","canonicalUrl":"https://foursquare.com/v/pfriem-family-brewers/4fef614be4b00e3bf8aa22e8","category":"Brewery","checkinsCount":2692,"usersCount":1940,"tipCount":35,"visitsCount":3263,"url":"http://pfriembeer.com","tier":2,"message":"Moderate","currency":"$","rating":9},{"name":"Naked Winery","phone":"5413863700","twitter":"nakedwinery","address":"102 2nd St","lat":45.70941903154365,"lng":-121.51241747034851,"city_fetched":"Hood River","state":"OR","country":"United States","canonicalUrl":"https://foursquare.com/v/naked-winery/4b787d95f964a520f0d12ee3","category":"Winery","checkinsCount":1311,"usersCount":1026,"tipCount":19,"visitsCount":1437,"url":"http://nakedwinery.com","tier":"","message":"","currency":"","rating":8.7},{"name":"Volcanic Bottle Shoppe","phone":"5414361226","twitter":"volcanicbottle","address":"1410 12th St","lat":45.699839,"lng":-121.523798,"city_fetched":"Hood River","state":"OR","country":"United States","canonicalUrl":"https://foursquare.com/v/volcanic-bottle-shoppe/4c647321d646be9a9d0a0afd","category":"Beer Bar","checkinsCount":584,"usersCount":175,"tipCount":5,"visitsCount":691,"url":"http://www.volcanicbottleshoppe.com","tier":"","message":"","currency":"","rating":8.2},{"name":"10-Speed Coffee Bar","phone":"5413863165","address":"1412 13th St","lat":45.699802927661075,"lng":-121.52484476566315,"city_fetched":"Hood River","state":"OR","country":"United States","canonicalUrl":"https://foursquare.com/v/10speed-coffee-bar/4b79d4f9f964a520f0142fe3","category":"Coffee Shop","checkinsCount":602,"usersCount":135,"tipCount":6,"visitsCount":640,"url":"http://10speedcoffee.com","tier":"","message":"","currency":"","rating":7.6},{"name":"Red Carpet Tavern","phone":"5413866664","address":"3631 Cascade Ave.","lat":45.71056524956218,"lng":-121.5485237269653,"city_fetched":"Hood River","state":"OR","country":"United States","canonicalUrl":"https://foursquare.com/v/red-carpet-tavern/4bc422bcdce4eee1f8f6719d","category":"Bar","checkinsCount":511,"usersCount":131,"tipCount":6,"visitsCount":594,"tier":"","message":"","currency":"","rating":7.5},{"name":"Logsdon Barrel House & Taproom","phone":"5414360040","address":"101 4th St","lat":45.70943649173697,"lng":-121.51415339671075,"city_fetched":"Hood River","state":"OR","country":"United States","canonicalUrl":"https://foursquare.com/v/logsdon-barrel-house--taproom/54dfa97c498e6ac81974f0a7","category":"Brewery","checkinsCount":204,"usersCount":176,"tipCount":2,"visitsCount":217,"url":"http://www.logsdonbarrelhouse.com","tier":"","message":"","currency":"","rating":7.4},{"name":"Camp 1805","lat":45.714683994447164,"lng":-121.51579360475708,"city_fetched":"Hood River","state":"OR","country":"United States","canonicalUrl":"https://foursquare.com/v/camp-1805/53d31407498eb6c951280b30","category":"Whisky Bar","checkinsCount":154,"usersCount":75,"tipCount":2,"visitsCount":159,"tier":"","message":"","currency":"","rating":7.4},{"name":"Big Horse Brew Pub","phone":"5413864411","address":"115 State St","lat":45.707973675536536,"lng":-121.51202917098999,"city_fetched":"Hood River","state":"OR","country":"United States","canonicalUrl":"https://foursquare.com/v/big-horse-brew-pub/4b32e457f964a520a31525e3","category":"Brewery","checkinsCount":1416,"usersCount":1216,"tipCount":33,"visitsCount":1506,"url":"http://bighorsebrewpub.com","tier":"","message":"","currency":"","rating":7.2},{"name":"River City Saloon","phone":"5413872583","address":"207 Cascade Ave","lat":45.7095121771536,"lng":-121.51268144622955,"city_fetched":"Hood River","state":"OR","country":"United States","canonicalUrl":"https://foursquare.com/v/river-city-saloon/4f32c44619836c91c7f842a4","category":"Nightlife Spot","checkinsCount":317,"usersCount":127,"tipCount":1,"visitsCount":342,"tier":"","message":"","currency":"","rating":6.6},{"name":"Cebu Bamboo Lounge","phone":"5413862200","address":"1108 E Marina Way","lat":45.71193686356019,"lng":-121.49885416030884,"city_fetched":"Hood River","state":"OR","country":"United States","canonicalUrl":"https://foursquare.com/v/cebu-bamboo-lounge/4b510a2ff964a5200a3f27e3","category":"Hotel Bar","checkinsCount":414,"usersCount":188,"tipCount":2,"visitsCount":420,"url":"http://hoodriverinn.com/cebu.htm","tier":"","message":"","currency":"","rating":6.6},{"name":"Riverside","phone":"5413864410","address":"1108 E Marina Way","lat":45.71202676248636,"lng":-121.49877369403839,"city_fetched":"Hood River","state":"OR","country":"United States","canonicalUrl":"https://foursquare.com/v/riverside/4bc60b9c51b376b0b4e21a6f","category":"American Restaurant","checkinsCount":515,"usersCount":350,"tipCount":10,"visitsCount":525,"url":"http://riversidehoodriver.com","tier":3,"message":"Expensive","currency":"$","rating":6.5},{"name":"Brian's Pourhouse","phone":"5413874344","address":"606 Oak St","lat":45.709004036848114,"lng":-121.5167334109934,"city_fetched":"Hood River","state":"OR","country":"United States","canonicalUrl":"https://foursquare.com/v/brians-pourhouse/4b29cabdf964a5205da324e3","category":"American Restaurant","checkinsCount":658,"usersCount":389,"tipCount":7,"visitsCount":720,"url":"http://www.brianspourhouse.com","tier":4,"message":"Very Expensive","currency":"$","rating":6.4},{"name":"Pint Shack","lat":45.70923,"lng":-121.514173,"city_fetched":"Hood River","state":"OR","country":"United States","canonicalUrl":"https://foursquare.com/v/pint-shack/4e5034308877402b06cf7dcf","category":"Beer Garden","checkinsCount":342,"usersCount":110,"tipCount":3,"visitsCount":347,"tier":2,"message":"Moderate","currency":"$","rating":6.2},{"name":"Rivertap","phone":"5413869900","address":"112 Oak St","lat":45.7091766742651,"lng":-121.51185368071101,"city_fetched":"Hood River","state":"OR","country":"United States","canonicalUrl":"https://foursquare.com/v/rivertap/4fb16f44e4b06952e0702b90","category":"Speakeasy","checkinsCount":251,"usersCount":102,"tipCount":12,"visitsCount":251,"tier":"","message":"","currency":"","rating":6.1},{"name":"The Horse & Hound British Pub","phone":"5413862099","address":"403 Oak St","lat":45.70868647928542,"lng":-121.5147128422049,"city_fetched":"Hood River","state":"OR","country":"United States","canonicalUrl":"https://foursquare.com/v/the-horse--hound-british-pub/4bb4160e643cd13a786d395c","category":"Bar","checkinsCount":883,"usersCount":422,"tipCount":17,"visitsCount":897,"tier":"","message":"","currency":"","rating":5.9}]