[{"name":"Long Branch Saloon","phone":"9893664131","address":"5309 W Houghton Lake Dr","lat":44.30083933,"lng":-84.74540770053864,"city_fetched":"Houghton","state":"MI","country":"United States","canonicalUrl":"https://foursquare.com/v/long-branch-saloon/4c30087a09a99c742df80a2a","category":"Bar","checkinsCount":587,"usersCount":194,"tipCount":5,"visitsCount":626,"tier":2,"message":"Moderate","currency":"$","rating":8},{"name":"L.J.'s Kilkare Inn","phone":"9893665254","address":"3942 W Houghton Lake Dr","lat":44.29862762,"lng":-84.7174745,"city_fetched":"Houghton","state":"MI","country":"United States","canonicalUrl":"https://foursquare.com/v/ljs-kilkare-inn/4c36177293db0f47b27a1d92","category":"Pub","checkinsCount":245,"usersCount":99,"tipCount":1,"visitsCount":304,"url":"http://kilkareinn.specteccomputers.com","tier":2,"message":"Moderate","currency":"$","rating":7.1},{"name":"The Limberlost","phone":"9893667242","address":"4168 W Houghton Lake Dr","lat":44.29897440681809,"lng":-84.72230315208435,"city_fetched":"Houghton","state":"MI","country":"United States","canonicalUrl":"https://foursquare.com/v/the-limberlost/4b495b32f964a520346e26e3","category":"Bar","checkinsCount":1060,"usersCount":659,"tipCount":13,"visitsCount":1209,"tier":"","message":"","currency":"","rating":6.3}]