[{"name":"The Polo Sports Lounge","address":"25 E 30th Ave","lat":38.086225390434265,"lng":-97.93012,"city_fetched":"Hutchinson","state":"KS","country":"United States","canonicalUrl":"https://foursquare.com/v/the-polo-sports-lounge/4bb809f5cf2fc9b66a349f02","category":"Bar","checkinsCount":205,"usersCount":141,"tipCount":4,"visitsCount":257,"tier":"","message":"","currency":"","rating":7.5},{"name":"Carl's Bar And Delicatessen","phone":"6206629875","address":"103 N Main St","lat":38.053739,"lng":-97.93208413333333,"city_fetched":"Hutchinson","state":"KS","country":"United States","canonicalUrl":"https://foursquare.com/v/carls-bar-and-delicatessen/4bd5fdf36f649521711770ec","category":"American Restaurant","checkinsCount":702,"usersCount":296,"tipCount":13,"visitsCount":825,"tier":"","message":"","currency":"","rating":7}]