[{"name":"Olivera's Restaurant","phone":"6165223000","address":"390 S Dexter St","lat":42.97739781330806,"lng":-85.06972229492763,"city_fetched":"Ionia","state":"MI","country":"United States","canonicalUrl":"https://foursquare.com/v/oliveras-restaurant/4c37db3dae2da59335c2ffc5","category":"Italian Restaurant","checkinsCount":1395,"usersCount":658,"tipCount":23,"visitsCount":2338,"url":"http://www.oliverasrestaurant.com","tier":2,"message":"Moderate","currency":"$","rating":9.1},{"name":"The Alibi Bar & Grill","phone":"6165271810","address":"1394 E. Riverside dr","lat":42.9723730574641,"lng":-85.04651233495524,"city_fetched":"Ionia","state":"MI","country":"United States","canonicalUrl":"https://foursquare.com/v/the-alibi-bar--grill/54a9445e498e6c1a0a87767a","category":"Restaurant","checkinsCount":243,"usersCount":75,"tipCount":5,"visitsCount":244,"url":"http://www.alibionia.com","tier":2,"message":"Moderate","currency":"$","rating":7.9},{"name":"Lamplight Grill","phone":"6165232233","twitter":"lamplightgrill","address":"314 W Main St","lat":42.98255552483198,"lng":-85.06634994375318,"city_fetched":"Ionia","state":"MI","country":"United States","canonicalUrl":"https://foursquare.com/v/lamplight-grill/4d5efb555c39b1f70d2cf249","category":"Restaurant","checkinsCount":345,"usersCount":128,"tipCount":9,"visitsCount":380,"url":"http://lamplightionia.com","tier":2,"message":"Moderate","currency":"$","rating":7.9}]