[{"name":"Viva Taqueria","phone":"6072771752","address":"101 N Aurora St","lat":42.43972172406659,"lng":-76.49575002552979,"city_fetched":"Ithaca","state":"NY","country":"United States","canonicalUrl":"https://foursquare.com/v/viva-taqueria/4b58ea4ef964a520a57228e3","category":"Mexican Restaurant","checkinsCount":6976,"usersCount":2746,"tipCount":61,"visitsCount":7353,"url":"http://www.vivataqueria.com","tier":2,"message":"Moderate","currency":"$","rating":8.7},{"name":"Just a Taste Wine & Tapas Bar","phone":"6072779463","address":"116 N Aurora St","lat":42.44018849056738,"lng":-76.49568226229148,"city_fetched":"Ithaca","state":"NY","country":"United States","canonicalUrl":"https://foursquare.com/v/just-a-taste-wine--tapas-bar/4b08733bf964a520210c23e3","category":"Tapas Restaurant","checkinsCount":1585,"usersCount":1068,"tipCount":43,"visitsCount":1621,"url":"http://www.just-a-taste.com","tier":2,"message":"Moderate","currency":"$","rating":8.4},{"name":"Madeline's Restaurant","phone":"6072772253","twitter":"madithaca","address":"215 E State St","lat":42.43959895943266,"lng":-76.49574816226959,"city_fetched":"Ithaca","state":"NY","country":"United States","canonicalUrl":"https://foursquare.com/v/madelines-restaurant/4b774d48f964a5204b902ee3","category":"Asian Restaurant","checkinsCount":1708,"usersCount":769,"tipCount":25,"visitsCount":1718,"url":"http://www.madelines-restaurant.com","tier":3,"message":"Expensive","currency":"$","rating":8.3},{"name":"Bandwagon Brewpub","phone":"6073190699","twitter":"bandwagonbeer","address":"114 N Cayuga St","lat":42.4398844936374,"lng":-76.49904214687076,"city_fetched":"Ithaca","state":"NY","country":"United States","canonicalUrl":"https://foursquare.com/v/bandwagon-brewpub/4b36b4c1f964a520073b25e3","category":"Brewery","checkinsCount":4202,"usersCount":1740,"tipCount":54,"visitsCount":4655,"url":"http://bandwagonbeer.com","tier":2,"message":"Moderate","currency":"$","rating":8.1},{"name":"Regent Lounge","phone":"8005412501","address":"130 Statler Drive","lat":42.44647516048912,"lng":-76.48219227790833,"city_fetched":"Ithaca","state":"NY","country":"United States","canonicalUrl":"https://foursquare.com/v/regent-lounge/4b621cc8f964a5203f362ae3","category":"Hotel Bar","checkinsCount":1336,"usersCount":518,"tipCount":3,"visitsCount":1360,"url":"http://www.statlerhotel.cornell.edu","tier":2,"message":"Moderate","currency":"$","rating":7.9},{"name":"The Haunt","phone":"6072753447","address":"703 Willow Ave","lat":42.45142302474444,"lng":-76.50505542755127,"city_fetched":"Ithaca","state":"NY","country":"United States","canonicalUrl":"https://foursquare.com/v/the-haunt/4b4aa239f964a520f88b26e3","category":"Nightclub","checkinsCount":1316,"usersCount":853,"tipCount":15,"visitsCount":1513,"url":"http://thehaunt.com","tier":2,"message":"Moderate","currency":"$","rating":7.8},{"name":"Lot 10","phone":"6072727224","address":"106 S Cayuga St","lat":42.4392056987176,"lng":-76.49900826611635,"city_fetched":"Ithaca","state":"NY","country":"United States","canonicalUrl":"https://foursquare.com/v/lot-10/4f14f3431e17b6b5c8140ba8","category":"Cocktail Bar","checkinsCount":1559,"usersCount":651,"tipCount":11,"visitsCount":1718,"url":"http://lot-10.com","tier":2,"message":"Moderate","currency":"$","rating":7.7},{"name":"Corks & More","phone":"6073194172","address":"708 W Buffalo St","lat":42.44177921,"lng":-76.51151923333333,"city_fetched":"Ithaca","state":"NY","country":"United States","canonicalUrl":"https://foursquare.com/v/corks--more/4b85b36ff964a520cc6d31e3","category":"Wine Bar","checkinsCount":1312,"usersCount":700,"tipCount":8,"visitsCount":1420,"url":"http://corksandmore.com","tier":"","message":"","currency":"","rating":7.5},{"name":"Big Red Barn","phone":"6072555368","twitter":"cornelldining","address":"Cornell University","lat":42.44846226973572,"lng":-76.48106575012207,"city_fetched":"Ithaca","state":"NY","country":"United States","canonicalUrl":"https://foursquare.com/v/big-red-barn/4b61e9bff964a520eb2a2ae3","category":"Pub","checkinsCount":1478,"usersCount":634,"tipCount":12,"visitsCount":1894,"url":"http://dining.cornell.edu","tier":1,"message":"Cheap","currency":"$","rating":7.5},{"name":"Moonshadow Tavern","phone":"6073190342","twitter":"mooniesithaca","address":"114 E State St","lat":42.4394841517435,"lng":-76.49844646453857,"city_fetched":"Ithaca","state":"NY","country":"United States","canonicalUrl":"https://foursquare.com/mooniesithaca","category":"Bar","checkinsCount":2752,"usersCount":897,"tipCount":13,"visitsCount":2873,"tier":"","message":"","currency":"","rating":7.4},{"name":"Mahogany Grill","phone":"6072721438","address":"112 N Aurora St","lat":42.440054,"lng":-76.495659,"city_fetched":"Ithaca","state":"NY","country":"United States","canonicalUrl":"https://foursquare.com/v/mahogany-grill/4b6786dff964a520d0532be3","category":"American Restaurant","checkinsCount":2163,"usersCount":1275,"tipCount":34,"visitsCount":2183,"url":"http://www.mahoganygrill.com","tier":3,"message":"Expensive","currency":"$","rating":7.3},{"name":"The Rhine House","address":"632 W Seneca St","lat":42.44010426053223,"lng":-76.51023925087667,"city_fetched":"Ithaca","state":"NY","country":"United States","canonicalUrl":"https://foursquare.com/v/the-rhine-house/4df817e3aeb70af3f275e609","category":"Bar","checkinsCount":1420,"usersCount":185,"tipCount":10,"visitsCount":1445,"tier":"","message":"","currency":"","rating":6.9},{"name":"Bar Argos","twitter":"barargos","address":"Argos Inn","lat":42.439528331596826,"lng":-76.49344040852861,"city_fetched":"Ithaca","state":"NY","country":"United States","canonicalUrl":"https://foursquare.com/v/bar-argos/506d0b43c640d1ab149416ad","category":"Hotel Bar","checkinsCount":191,"usersCount":110,"tipCount":3,"visitsCount":195,"url":"http://argosinn.com/barargos/","tier":"","message":"","currency":"","rating":6.9},{"name":"Da Westy","address":"516 W State St","lat":42.43953246295811,"lng":-76.50697564628912,"city_fetched":"Ithaca","state":"NY","country":"United States","canonicalUrl":"https://foursquare.com/v/da-westy/4c432793520fa5934c2eccac","category":"Pub","checkinsCount":1757,"usersCount":499,"tipCount":10,"visitsCount":1871,"url":"http://thewestyisabar.com","tier":"","message":"","currency":"","rating":6.9},{"name":"Uncle Joe's Grill & Sports Bar","phone":"6072732662","twitter":"uj_sportsbar","address":"302 W Green St","lat":42.438781143732974,"lng":-76.50198072883609,"city_fetched":"Ithaca","state":"NY","country":"United States","canonicalUrl":"https://foursquare.com/v/uncle-joes-grill--sports-bar/4c057c8c5753c9286c8b39f1","category":"Sports Bar","checkinsCount":1072,"usersCount":468,"tipCount":13,"visitsCount":1249,"url":"http://unclejoessportsbar.com","tier":"","message":"","currency":"","rating":6.9},{"name":"Silky Jones Lounge","address":"214 E State St","lat":42.43964,"lng":-76.4961,"city_fetched":"Ithaca","state":"NY","country":"United States","canonicalUrl":"https://foursquare.com/v/silky-jones-lounge/4cdccd15a1bba35d6cc69ce5","category":"Bar","checkinsCount":2496,"usersCount":805,"tipCount":11,"visitsCount":2536,"url":"http://silkyjoneslounge.com","tier":2,"message":"Moderate","currency":"$","rating":6.9},{"name":"Miyake","phone":"6072776767","address":"416 Eddy St","lat":42.441951,"lng":-76.487497,"city_fetched":"Ithaca","state":"NY","country":"United States","canonicalUrl":"https://foursquare.com/v/miyake/4b749cacf964a520b6e72de3","category":"Sushi Restaurant","checkinsCount":934,"usersCount":430,"tipCount":10,"visitsCount":947,"url":"http://miyakeonline.com","tier":"","message":"","currency":"","rating":6.6},{"name":"Kilpatrick's Publick House","phone":"6072164343","address":"130 E Seneca St","lat":42.44052928984462,"lng":-76.496901512146,"city_fetched":"Ithaca","state":"NY","country":"United States","canonicalUrl":"https://foursquare.com/v/kilpatricks-publick-house/4b47f474f964a520094526e3","category":"Pub","checkinsCount":2582,"usersCount":1120,"tipCount":28,"visitsCount":2607,"url":"http://www.kilpatrickspub.com","tier":2,"message":"Moderate","currency":"$","rating":6.5},{"name":"Jack's Grill","phone":"6072565225","twitter":"jacksgrill120","address":"120 Dryden Rd","lat":42.44171692561716,"lng":-76.48595809936523,"city_fetched":"Ithaca","state":"NY","country":"United States","canonicalUrl":"https://foursquare.com/v/jacks-grill/4b5b7450f964a5203bff28e3","category":"Burger Joint","checkinsCount":1717,"usersCount":602,"tipCount":20,"visitsCount":1735,"url":"http://jacksithaca.com","tier":1,"message":"Cheap","currency":"$","rating":6.4},{"name":"Chanticleer","address":"101 W State St","lat":42.43948248663903,"lng":-76.49901955970215,"city_fetched":"Ithaca","state":"NY","country":"United States","canonicalUrl":"https://foursquare.com/v/chanticleer/4b455934f964a5200e0b26e3","category":"Dive Bar","checkinsCount":739,"usersCount":466,"tipCount":7,"visitsCount":745,"tier":"","message":"","currency":"","rating":6.2},{"name":"2nd Floor Bar","address":"119 E State St","lat":42.439451925311864,"lng":-76.49825159362685,"city_fetched":"Ithaca","state":"NY","country":"United States","canonicalUrl":"https://foursquare.com/v/2nd-floor-bar/4b6cf63ff964a5206a602ce3","category":"Bar","checkinsCount":1062,"usersCount":403,"tipCount":4,"visitsCount":1064,"tier":"","message":"","currency":"","rating":5.9},{"name":"Loco Margarita Bar","phone":"6072562053","address":"308 Stewart Ave","lat":42.441851522917815,"lng":-76.49000287055969,"city_fetched":"Ithaca","state":"NY","country":"United States","canonicalUrl":"https://foursquare.com/v/loco-margarita-bar/4d9bc263ad3bf04db8e224a2","category":"Bar","checkinsCount":1157,"usersCount":447,"tipCount":14,"visitsCount":1169,"tier":"","message":"","currency":"","rating":5.8},{"name":"LEVEL  B","phone":"6072723888","twitter":"levelbbar","address":"410 Eddy St","lat":42.441934,"lng":-76.487416,"city_fetched":"Ithaca","state":"NY","country":"United States","canonicalUrl":"https://foursquare.com/v/level--b/4b17422cf964a52050c423e3","category":"Bar","checkinsCount":2001,"usersCount":672,"tipCount":11,"visitsCount":2020,"url":"http://www.levelbbar.com","tier":2,"message":"Moderate","currency":"$","rating":5.8},{"name":"The Dock","address":"415 Taughannock Blvd","lat":42.44041957051837,"lng":-76.5081331625218,"city_fetched":"Ithaca","state":"NY","country":"United States","canonicalUrl":"https://foursquare.com/v/the-dock/530bd5a9498e2ca4a2b12132","category":"Bar","checkinsCount":612,"usersCount":240,"tipCount":2,"visitsCount":869,"tier":"","message":"","currency":"","rating":5.6},{"name":"Red's Place","address":"107 N Aurora St","lat":42.439975546302854,"lng":-76.4958008479353,"city_fetched":"Ithaca","state":"NY","country":"United States","canonicalUrl":"https://foursquare.com/v/reds-place/5376969f498eba9ab1eb25f1","category":"Gastropub","checkinsCount":387,"usersCount":236,"tipCount":15,"visitsCount":394,"tier":"","message":"","currency":"","rating":5.6}]