[{"name":"Alewife Craft Beer Bottle Shop & Tasting Room","phone":"9045754951","twitter":"alewifebeer","address":"1035 Park St","lat":30.314524356104315,"lng":-81.68075323104858,"neighborhood":"Riverside","city_fetched":"Jacksonville","state":"FL","country":"United States","canonicalUrl":"https://foursquare.com/v/alewife-craft-beer-bottle-shop--tasting-room/5513299d498eed39d3520c16","category":"Bar","checkinsCount":662,"usersCount":165,"tipCount":6,"visitsCount":707,"tier":"","message":"","currency":"","rating":9.3},{"name":"TPC Sawgrass","phone":"9042733235","address":"110 Championship Way","lat":30.198288807039617,"lng":-81.39202511993562,"city_fetched":"Jacksonville","state":"FL","country":"United States","canonicalUrl":"https://foursquare.com/v/tpc-sawgrass/4b55e6a0f964a52065f527e3","category":"Golf Course","checkinsCount":10472,"usersCount":4993,"tipCount":47,"visitsCount":12781,"url":"http://tpc.com","tier":"","message":"","currency":"","rating":9.3},{"name":"Total Wine & More","phone":"9049981740","twitter":"totalwine","address":"4413 Town Center Parkway","lat":30.262777,"lng":-81.526908,"neighborhood":"Southeast Jacksonville","city_fetched":"Jacksonville","state":"FL","country":"United States","canonicalUrl":"https://foursquare.com/v/total-wine--more/4bce2095937ca59311fbad92","category":"Wine Shop","checkinsCount":8808,"usersCount":3427,"tipCount":31,"visitsCount":10141,"url":"http://www.totalwine.com","tier":"","message":"","currency":"","rating":9.3},{"name":"European Street Cafe","phone":"9043849999","twitter":"estreetcafe","address":"2753 Park St","lat":30.309907075118772,"lng":-81.69521651979275,"neighborhood":"Riverside","city_fetched":"Jacksonville","state":"FL","country":"United States","canonicalUrl":"https://foursquare.com/v/european-street-cafe/4b44bb5ef964a5209bfa25e3","category":"Sandwich Place","checkinsCount":7296,"usersCount":2149,"tipCount":44,"visitsCount":8140,"url":"http://europeanstcafe.com","tier":2,"message":"Moderate","currency":"$","rating":9.3},{"name":"Mellow Mushroom Pizza Bakers","phone":"9049971955","twitter":"mellowjax","address":"9734 Deer Lake Ct #1","lat":30.26513713960159,"lng":-81.55514615942681,"neighborhood":"Southeast Jacksonville","city_fetched":"Jacksonville","state":"FL","country":"United States","canonicalUrl":"https://foursquare.com/v/mellow-mushroom-pizza-bakers/4b3fec13f964a52027b225e3","category":"Pizza Place","checkinsCount":14873,"usersCount":5818,"tipCount":85,"visitsCount":16814,"url":"http://mellowmushroom.com","tier":2,"message":"Moderate","currency":"$","rating":9.2},{"name":"Bistro Aix","phone":"9043981949","twitter":"bistroaix","address":"1440 San Marco Blvd","lat":30.311190030918958,"lng":-81.66073322296143,"city_fetched":"Jacksonville","state":"FL","country":"United States","canonicalUrl":"https://foursquare.com/bistroaix","category":"Restaurant","checkinsCount":3287,"usersCount":2078,"tipCount":48,"visitsCount":3838,"url":"http://www.bistrox.com","tier":3,"message":"Expensive","currency":"$","rating":9.2},{"name":"Mellow Mushroom Pizza Bakers","phone":"9042415600","twitter":"mellowjax","address":"1018 3rd St N","lat":30.29804479991148,"lng":-81.39408636395842,"neighborhood":"Beaches","city_fetched":"Jacksonville","state":"FL","country":"United States","canonicalUrl":"https://foursquare.com/v/mellow-mushroom-pizza-bakers/4b47e3f6f964a520f84226e3","category":"Pizza Place","checkinsCount":10924,"usersCount":4477,"tipCount":53,"visitsCount":12047,"url":"http://mellowmushroom.com","tier":2,"message":"Moderate","currency":"$","rating":9.1},{"name":"Culhane's Irish Pub","phone":"9042499595","twitter":"culhanes","address":"967 Atlantic Blvd","lat":30.325643762484926,"lng":-81.41051527406827,"neighborhood":"Beaches","city_fetched":"Jacksonville","state":"FL","country":"United States","canonicalUrl":"https://foursquare.com/v/culhanes-irish-pub/4b528f80f964a5204e8227e3","category":"Pub","checkinsCount":2852,"usersCount":1643,"tipCount":61,"visitsCount":3333,"url":"http://www.culhanesirishpub.com","tier":2,"message":"Moderate","currency":"$","rating":9.1},{"name":"Riverside Liquors & Village Wine Shop","phone":"9043544617","address":"1251 King St","lat":30.31167041287044,"lng":-81.69402429237897,"neighborhood":"Riverside","city_fetched":"Jacksonville","state":"FL","country":"United States","canonicalUrl":"https://foursquare.com/v/riverside-liquors--village-wine-shop/4cb8f89790c9a143932b84d6","category":"Bar","checkinsCount":1223,"usersCount":391,"tipCount":16,"visitsCount":1277,"url":"http://riversideliquors.biz","tier":2,"message":"Moderate","currency":"$","rating":9.1},{"name":"Green Room Brewing","phone":"9042019283","address":"228 3rd St N","lat":30.29073047053679,"lng":-81.39260485045698,"neighborhood":"Beaches","city_fetched":"Jacksonville","state":"FL","country":"United States","canonicalUrl":"https://foursquare.com/v/green-room-brewing/4dfabcfb149557de37ab34f2","category":"Brewery","checkinsCount":5728,"usersCount":1968,"tipCount":38,"visitsCount":6564,"url":"http://www.greenroombrewing.com/taproom.html","tier":1,"message":"Cheap","currency":"$","rating":9.1},{"name":"Intuition Ale Works","phone":"9046837720","address":"720 King St","lat":30.317868,"lng":-81.697047,"neighborhood":"Riverside","city_fetched":"Jacksonville","state":"FL","country":"United States","canonicalUrl":"https://foursquare.com/v/intuition-ale-works/4ccc6a88ba79a1cd9a283bcb","category":"Brewery","checkinsCount":6430,"usersCount":1937,"tipCount":26,"visitsCount":7110,"url":"http://www.intuitionaleworks.com","tier":1,"message":"Cheap","currency":"$","rating":9.1},{"name":"MOJO no.4 Urban BBQ & Whiskey Bar","phone":"9043816670","twitter":"mojo_bbq","address":"3572 Saint Johns Ave","lat":30.296779673640593,"lng":-81.70358295700119,"neighborhood":"Avondale","city_fetched":"Jacksonville","state":"FL","country":"United States","canonicalUrl":"https://foursquare.com/v/mojo-no4-urban-bbq--whiskey-bar/4d87c36bd85f37040dccc3db","category":"BBQ Joint","checkinsCount":6474,"usersCount":2222,"tipCount":58,"visitsCount":6711,"url":"http://mojobbq.com","tier":2,"message":"Moderate","currency":"$","rating":9.1},{"name":"European Street Cafe","phone":"9043989500","twitter":"estreetcafe","address":"1704 San Marco Blvd","lat":30.306944139143134,"lng":-81.6602864700375,"city_fetched":"Jacksonville","state":"FL","country":"United States","canonicalUrl":"https://foursquare.com/v/european-street-cafe/4b4bcbdff964a52003a826e3","category":"Sandwich Place","checkinsCount":3724,"usersCount":1851,"tipCount":35,"visitsCount":4369,"url":"http://www.europeanstcafe.com","tier":2,"message":"Moderate","currency":"$","rating":9.1},{"name":"Orsay","phone":"9043810909","twitter":"orsayjax","address":"3630 Park St","lat":30.30036606666667,"lng":-81.709936,"neighborhood":"Avondale","city_fetched":"Jacksonville","state":"FL","country":"United States","canonicalUrl":"https://foursquare.com/v/orsay/4b4917bcf964a5208d6526e3","category":"French Restaurant","checkinsCount":3256,"usersCount":1717,"tipCount":54,"visitsCount":3991,"url":"http://www.restaurantorsay.com","tier":3,"message":"Expensive","currency":"$","rating":9.1},{"name":"Engine 15 Brewing Co.","phone":"9042492337","address":"1500 Beach Blvd #217","lat":30.28760884920145,"lng":-81.40852424263697,"neighborhood":"Beaches","city_fetched":"Jacksonville","state":"FL","country":"United States","canonicalUrl":"https://foursquare.com/v/engine-15-brewing-co/4c675904e1da1b8dbdfe9dc3","category":"Brewery","checkinsCount":5775,"usersCount":1913,"tipCount":37,"visitsCount":6622,"url":"http://engine15.com/brewery","tier":2,"message":"Moderate","currency":"$","rating":9.1},{"name":"Five Points","address":"Park St","lat":30.314384790358588,"lng":-81.68097803969842,"neighborhood":"Riverside","city_fetched":"Jacksonville","state":"FL","country":"United States","canonicalUrl":"https://foursquare.com/v/five-points/4c3eb40e1ef0d13ab5b69280","category":"Miscellaneous Shop","checkinsCount":9175,"usersCount":1520,"tipCount":11,"visitsCount":9216,"url":"http://5pointsjax.com","tier":"","message":"","currency":"","rating":9},{"name":"EverBank Touchdown Club","lat":30.32376834253885,"lng":-81.63665712913394,"city_fetched":"Jacksonville","state":"FL","country":"United States","canonicalUrl":"https://foursquare.com/v/everbank-touchdown-club/4c7054e0d274b60c3f6ed90d","category":"Lounge","checkinsCount":658,"usersCount":463,"tipCount":8,"visitsCount":660,"tier":"","message":"","currency":"","rating":9},{"name":"Aardwolf Brewing Company","phone":"9043010755","twitter":"aardwolfbar","address":"1461 Hendricks Ave","lat":30.310727279682965,"lng":-81.65454165200933,"neighborhood":"San Marco","city_fetched":"Jacksonville","state":"FL","country":"United States","canonicalUrl":"https://foursquare.com/v/aardwolf-brewing-company/50d51189e4b0dbf3fe0eef11","category":"Brewery","checkinsCount":2705,"usersCount":1453,"tipCount":38,"visitsCount":3605,"url":"http://aardwolfbrewing.com","tier":1,"message":"Cheap","currency":"$","rating":9},{"name":"Poe's Tavern","phone":"9042417637","twitter":"poestavernab","address":"363 Atlantic Blvd","lat":30.324807,"lng":-81.39777001929411,"neighborhood":"Beaches","city_fetched":"Jacksonville","state":"FL","country":"United States","canonicalUrl":"https://foursquare.com/v/poes-tavern/4e52cc68fa7687935fc0654f","category":"Burger Joint","checkinsCount":6051,"usersCount":3434,"tipCount":82,"visitsCount":7153,"url":"http://poestavern.com/atlantic-beach/","tier":2,"message":"Moderate","currency":"$","rating":8.9},{"name":"Black Sheep Rooftop","address":"1534 Oak St","lat":30.31266975402832,"lng":-81.68087768554688,"neighborhood":"Riverside","city_fetched":"Jacksonville","state":"FL","country":"United States","canonicalUrl":"https://foursquare.com/v/black-sheep-rooftop/50a6e4e2e4b0c708dc8f407c","category":"Cocktail Bar","checkinsCount":1907,"usersCount":1086,"tipCount":18,"visitsCount":1938,"url":"http://blacksheep5points.com","tier":3,"message":"Expensive","currency":"$","rating":8.9},{"name":"Bold City Brewing Co.","phone":"9043796551","address":"2670 Rosselle St","lat":30.31917,"lng":-81.69550459,"neighborhood":"Riverside","city_fetched":"Jacksonville","state":"FL","country":"United States","canonicalUrl":"https://foursquare.com/v/bold-city-brewing-co/4b620d3bf964a520a2322ae3","category":"Brewery","checkinsCount":4612,"usersCount":1740,"tipCount":39,"visitsCount":5140,"url":"http://www.boldcitybrewery.com","tier":2,"message":"Moderate","currency":"$","rating":8.9},{"name":"Brewers Pizza","phone":"9042765159","address":"14 Blanding Blvd Ste B","lat":30.18900853776593,"lng":-81.74015963448822,"city_fetched":"Jacksonville","state":"FL","country":"United States","canonicalUrl":"https://foursquare.com/v/brewers-pizza/4ba108ecf964a5202d9137e3","category":"Pizza Place","checkinsCount":2861,"usersCount":1260,"tipCount":54,"visitsCount":3597,"url":"http://www.brewerspizza.com","tier":1,"message":"Cheap","currency":"$","rating":8.8},{"name":"Dos Gatos","phone":"9043540666","address":"119 E. Forsyth St","lat":30.32677235046111,"lng":-81.65580405231965,"neighborhood":"Downtown Jacksonville","city_fetched":"Jacksonville","state":"FL","country":"United States","canonicalUrl":"https://foursquare.com/v/dos-gatos/4b4a7c57f964a520068926e3","category":"Bar","checkinsCount":8340,"usersCount":2395,"tipCount":73,"visitsCount":8773,"url":"http://www.dosgatosjax.com","tier":2,"message":"Moderate","currency":"$","rating":8.8},{"name":"The Lemon Bar","phone":"9042462175","address":"120 Atlantic Blvd","lat":30.32402656043975,"lng":-81.39495849609375,"neighborhood":"Beaches","city_fetched":"Jacksonville","state":"FL","country":"United States","canonicalUrl":"https://foursquare.com/v/the-lemon-bar/4b5a2b18f964a5209cb128e3","category":"Hotel Bar","checkinsCount":7061,"usersCount":3481,"tipCount":46,"visitsCount":7899,"url":"http://lemonbarjax.com","tier":1,"message":"Cheap","currency":"$","rating":8.7},{"name":"The Volstead","address":"115 W Adams St","lat":30.328216756940524,"lng":-81.65944135706648,"neighborhood":"Downtown Jacksonville","city_fetched":"Jacksonville","state":"FL","country":"United States","canonicalUrl":"https://foursquare.com/v/the-volstead/52bfa24f498e5e4c2186584e","category":"Speakeasy","checkinsCount":872,"usersCount":438,"tipCount":15,"visitsCount":1013,"url":"http://thevolsteadjax.com","tier":2,"message":"Moderate","currency":"$","rating":8.7},{"name":"Ovinte","phone":"9049007730","twitter":"ovintejax","address":"10208 Buckhead Branch Dr","lat":30.253784841444787,"lng":-81.52870805073948,"neighborhood":"Southeast Jacksonville","city_fetched":"Jacksonville","state":"FL","country":"United States","canonicalUrl":"https://foursquare.com/v/ovinte/50d10641e4b005b89763d607","category":"Wine Bar","checkinsCount":1276,"usersCount":932,"tipCount":33,"visitsCount":1765,"url":"http://www.ovinte.com","tier":2,"message":"Moderate","currency":"$","rating":8.7},{"name":"Aloft Jacksonville Tapestry Park","phone":"9049984448","twitter":"spg","address":"4812 Deer Lake Dr W","lat":30.25985274261645,"lng":-81.5548033539647,"neighborhood":"Southeast Jacksonville","city_fetched":"Jacksonville","state":"FL","country":"United States","canonicalUrl":"https://foursquare.com/v/aloft-jacksonville-tapestry-park/4cdc3c37adcc2c0fe74aaf79","category":"Hotel","checkinsCount":5236,"usersCount":1784,"tipCount":38,"visitsCount":5653,"url":"http://www.spg.com/foursquare/","tier":"","message":"","currency":"","rating":8.7},{"name":"European Street Cafe","phone":"9043981717","twitter":"estreetcafe","address":"5500 Beach Blvd","lat":30.294117,"lng":-81.608311,"neighborhood":"Englewood","city_fetched":"Jacksonville","state":"FL","country":"United States","canonicalUrl":"https://foursquare.com/v/european-street-cafe/4b43fcdcf964a520b1ef25e3","category":"Sandwich Place","checkinsCount":2319,"usersCount":1301,"tipCount":29,"visitsCount":2883,"url":"http://www.europeanstreet.com","tier":1,"message":"Cheap","currency":"$","rating":8.7},{"name":"MOJO Kitchen BBQ Pit & Blues Bar","phone":"9042476636","twitter":"mojo_bbq","address":"1500 Beach Blvd","lat":30.287630783462006,"lng":-81.40743478827436,"neighborhood":"Beaches","city_fetched":"Jacksonville","state":"FL","country":"United States","canonicalUrl":"https://foursquare.com/v/mojo-kitchen-bbq-pit--blues-bar/4b931118f964a520b63234e3","category":"BBQ Joint","checkinsCount":3443,"usersCount":1730,"tipCount":45,"visitsCount":3911,"url":"http://mojobbq.com","tier":2,"message":"Moderate","currency":"$","rating":8.7},{"name":"World Of Beer","phone":"9045515929","address":"9700 Deer Lake Ct","lat":30.26455741,"lng":-81.55615314,"neighborhood":"Southeast Jacksonville","city_fetched":"Jacksonville","state":"FL","country":"United States","canonicalUrl":"https://foursquare.com/v/world-of-beer/55a99c14498ed4819a0726a2","category":"Bar","checkinsCount":393,"usersCount":214,"tipCount":2,"visitsCount":473,"url":"http://worldofbeer.com/Locations/Southside","tier":"","message":"","currency":"","rating":8.7},{"name":"Royal Palm Village Wine & Tapas","phone":"9043720052","address":"296 Royal Palms Dr","lat":30.32611298566404,"lng":-81.41046697473153,"neighborhood":"Beaches","city_fetched":"Jacksonville","state":"FL","country":"United States","canonicalUrl":"https://foursquare.com/v/royal-palm-village-wine--tapas/4e9f0f164690454517100b54","category":"Wine Bar","checkinsCount":703,"usersCount":402,"tipCount":13,"visitsCount":811,"url":"http://www.royalpalmwines.com","tier":"","message":"","currency":"","rating":8.6},{"name":"Sidecar","address":"1406 Hendricks Ave","lat":30.312022642448113,"lng":-81.65500703088945,"neighborhood":"San Marco","city_fetched":"Jacksonville","state":"FL","country":"United States","canonicalUrl":"https://foursquare.com/v/sidecar/537d4db5498ec171ba22eafc","category":"Cocktail Bar","checkinsCount":663,"usersCount":450,"tipCount":4,"visitsCount":862,"url":"http://drinksidecar.com","tier":"","message":"","currency":"","rating":8.6},{"name":"The Roadhouse/Foremost Liquors","phone":"9042640611","address":"231 Blanding Blvd","lat":30.17522563,"lng":-81.74429568333333,"city_fetched":"Jacksonville","state":"FL","country":"United States","canonicalUrl":"https://foursquare.com/v/the-roadhouseforemost-liquors/4ba14fd8f964a52082ab37e3","category":"Bar","checkinsCount":1940,"usersCount":350,"tipCount":8,"visitsCount":2153,"url":"http://roadhouseonline.net","tier":"","message":"","currency":"","rating":8.6},{"name":"The Penthouse Lounge At Casa Marina Hotel","phone":"9042700025","address":"691 1st St N","lat":30.294907202492457,"lng":-81.39029663792613,"neighborhood":"Beaches","city_fetched":"Jacksonville","state":"FL","country":"United States","canonicalUrl":"https://foursquare.com/v/the-penthouse-lounge-at-casa-marina-hotel/4ca29961d7c33704a4029a62","category":"Lounge","checkinsCount":998,"usersCount":562,"tipCount":7,"visitsCount":1001,"url":"http://casamarinahotel.com/dining/penthouse-lounge","tier":2,"message":"Moderate","currency":"$","rating":8.5},{"name":"Ocean 60","phone":"9042470060","address":"60 Ocean Blvd","lat":30.325093,"lng":-81.396259,"neighborhood":"Beaches","city_fetched":"Jacksonville","state":"FL","country":"United States","canonicalUrl":"https://foursquare.com/v/ocean-60/4b0c6cb1f964a520f13c23e3","category":"Seafood Restaurant","checkinsCount":1136,"usersCount":666,"tipCount":16,"visitsCount":1153,"url":"http://www.ocean60.com","tier":3,"message":"Expensive","currency":"$","rating":8.5},{"name":"Rain Dogs","phone":"9045551234","address":"1045 Park St","lat":30.314318379263586,"lng":-81.68076949488794,"neighborhood":"Riverside","city_fetched":"Jacksonville","state":"FL","country":"United States","canonicalUrl":"https://foursquare.com/v/rain-dogs/51ce3933498e55d00bb40f40","category":"Bar","checkinsCount":1207,"usersCount":427,"tipCount":20,"visitsCount":1246,"tier":2,"message":"Moderate","currency":"$","rating":8.5},{"name":"Casa Marina","phone":"9042700025","address":"691 1st St N","lat":30.29486872526103,"lng":-81.39028072357178,"neighborhood":"Beaches","city_fetched":"Jacksonville","state":"FL","country":"United States","canonicalUrl":"https://foursquare.com/v/casa-marina/4b534fccf964a520ba9627e3","category":"Hotel","checkinsCount":2959,"usersCount":1975,"tipCount":19,"visitsCount":3497,"tier":"","message":"","currency":"","rating":8.5},{"name":"Wicked Barley","lat":30.218390189556324,"lng":-81.61121122883186,"neighborhood":"Southeast Jacksonville","city_fetched":"Jacksonville","state":"FL","country":"United States","canonicalUrl":"https://foursquare.com/v/wicked-barley/577e8df8498e345959f78f5c","category":"Brewery","checkinsCount":103,"usersCount":125,"tipCount":1,"visitsCount":173,"tier":"","message":"","currency":"","rating":8.5},{"name":"Kickbacks Gastropub","phone":"9043889551","address":"910 King St","lat":30.313936958055052,"lng":-81.69626500746526,"neighborhood":"Riverside","city_fetched":"Jacksonville","state":"FL","country":"United States","canonicalUrl":"https://foursquare.com/v/kickbacks-gastropub/4b25848ff964a520367324e3","category":"Gastropub","checkinsCount":19964,"usersCount":5336,"tipCount":175,"visitsCount":20796,"url":"http://www.kickbacksjacksonville.com","tier":2,"message":"Moderate","currency":"$","rating":8.4},{"name":"Seasons 52","phone":"9046455252","twitter":"seasons52","address":"5096 Big Island Dr","lat":30.25187567,"lng":-81.52610779,"neighborhood":"Southeast Jacksonville","city_fetched":"Jacksonville","state":"FL","country":"United States","canonicalUrl":"https://foursquare.com/v/seasons-52/4e3e9959e4cdab9b93522b7a","category":"New American Restaurant","checkinsCount":3709,"usersCount":2651,"tipCount":48,"visitsCount":4840,"url":"http://seasons52.com","tier":3,"message":"Expensive","currency":"$","rating":8.4},{"name":"Vino Volo Wine Bar, Retail and Food","phone":"9047414877","address":"Jacksonville International Airport Concourse C - Gate C1","lat":30.491354490913892,"lng":-81.68531991639256,"neighborhood":"Northside","city_fetched":"Jacksonville","state":"FL","country":"United States","canonicalUrl":"https://foursquare.com/v/vino-volo-wine-bar-retail-and-food/535ebc8b498e8862df1537b9","category":"Wine Bar","checkinsCount":168,"usersCount":129,"tipCount":10,"visitsCount":170,"url":"http://www.vinovolo.com","tier":"","message":"","currency":"","rating":8.4},{"name":"Bud Light Party Zone","phone":"9046336000","address":"1 Everbank Field Dr","lat":30.323236786976132,"lng":-81.63763626147454,"city_fetched":"Jacksonville","state":"FL","country":"United States","canonicalUrl":"https://foursquare.com/v/bud-light-party-zone/4e32b8d56284e2699949c572","category":"Sports Bar","checkinsCount":694,"usersCount":497,"tipCount":3,"visitsCount":701,"url":"http://www.jaguars.com","tier":"","message":"","currency":"","rating":8.4},{"name":"LongHorn Steakhouse","phone":"9043630672","address":"9051 Southside Blvd","lat":30.194010379269933,"lng":-81.55084490868802,"neighborhood":"Southeast Jacksonville","city_fetched":"Jacksonville","state":"FL","country":"United States","canonicalUrl":"https://foursquare.com/v/longhorn-steakhouse/4b59eee0f964a520fda128e3","category":"Steakhouse","checkinsCount":3427,"usersCount":1393,"tipCount":31,"visitsCount":3465,"url":"http://www.longhornsteakhouse.com/locator_g/default.aspx?q=32256&restaurantid=5049&cmpid=lh_ll_%20foursquare","tier":2,"message":"Moderate","currency":"$","rating":8.4},{"name":"Three Layers Coffeehouse","phone":"9043559791","twitter":"threelayers","address":"1602 Walnut St","lat":30.342724,"lng":-81.648256,"neighborhood":"Springfield","city_fetched":"Jacksonville","state":"FL","country":"United States","canonicalUrl":"https://foursquare.com/v/three-layers-coffeehouse/4b5a35eef964a5207ab428e3","category":"Coffee Shop","checkinsCount":2479,"usersCount":1031,"tipCount":49,"visitsCount":2967,"url":"http://www.threelayerscafe.com","tier":"","message":"","currency":"","rating":8.4},{"name":"Clark's Fish Camp","phone":"9042683474","address":"12903 Hood Landing Rd","lat":30.134687734361627,"lng":-81.59608941768217,"neighborhood":"Southeast Jacksonville","city_fetched":"Jacksonville","state":"FL","country":"United States","canonicalUrl":"https://foursquare.com/v/clarks-fish-camp/4b9d00a9f964a520d08736e3","category":"Seafood Restaurant","checkinsCount":3477,"usersCount":2946,"tipCount":65,"visitsCount":4072,"url":"http://www.clarksfishcamp.com","tier":2,"message":"Moderate","currency":"$","rating":8.4},{"name":"Lynch's Irish Pub","phone":"9042495181","twitter":"lynchsirishpub","address":"514 1st St N","lat":30.293534741364677,"lng":-81.39068841934204,"neighborhood":"Beaches","city_fetched":"Jacksonville","state":"FL","country":"United States","canonicalUrl":"https://foursquare.com/v/lynchs-irish-pub/4b6e65fff964a520bcbb2ce3","category":"Pub","checkinsCount":10675,"usersCount":4366,"tipCount":59,"visitsCount":12168,"url":"http://www.lynchsirishpub.com","tier":2,"message":"Moderate","currency":"$","rating":8.3},{"name":"Sahara's Cafe & Bar","phone":"9043389049","address":"10771 Beach Blvd #110","lat":30.28711721293527,"lng":-81.53756464813186,"neighborhood":"Greater Arlington","city_fetched":"Jacksonville","state":"FL","country":"United States","canonicalUrl":"https://foursquare.com/v/saharas-cafe--bar/4b84a96bf964a5201e4031e3","category":"Middle Eastern Restaurant","checkinsCount":10128,"usersCount":1844,"tipCount":63,"visitsCount":10564,"url":"http://www.saharacafejax.com","tier":2,"message":"Moderate","currency":"$","rating":8.3},{"name":"BlackFinn American Grille","phone":"9043453466","twitter":"blackfinngrille","address":"4840 Big Island Dr Ste 5","lat":30.25396669388496,"lng":-81.53036713600159,"neighborhood":"Southeast Jacksonville","city_fetched":"Jacksonville","state":"FL","country":"United States","canonicalUrl":"https://foursquare.com/v/blackfinn-american-grille/4c77a70c6c8a95219821ff54","category":"American Restaurant","checkinsCount":10677,"usersCount":4566,"tipCount":60,"visitsCount":11827,"url":"http://www.blackfinnamericangrille.com","tier":2,"message":"Moderate","currency":"$","rating":8.3},{"name":"BJ's Restaurant and Brewhouse","phone":"9049980460","twitter":"bjsrestaurants","address":"4907 Gate Pkwy","lat":30.25218584,"lng":-81.53541623,"neighborhood":"Southeast Jacksonville","city_fetched":"Jacksonville","state":"FL","country":"United States","canonicalUrl":"https://foursquare.com/v/bjs-restaurant-and-brewhouse/4e1dded66284d5831b3ed485","category":"American Restaurant","checkinsCount":8936,"usersCount":5194,"tipCount":88,"visitsCount":11036,"url":"http://t.co/bl46gcjDLN","tier":2,"message":"Moderate","currency":"$","rating":8.3},{"name":"Istanbul Grille","phone":"9044032234","address":"9041 Southside Blvd #181","lat":30.19204207512258,"lng":-81.55116630580883,"neighborhood":"Southeast Jacksonville","city_fetched":"Jacksonville","state":"FL","country":"United States","canonicalUrl":"https://foursquare.com/v/istanbul-grille/4ebf2e697ee54e4cd26e5ce9","category":"Mediterranean Restaurant","checkinsCount":1062,"usersCount":655,"tipCount":30,"visitsCount":1340,"url":"http://istanbulgrillehookah.com","tier":1,"message":"Cheap","currency":"$","rating":8.3},{"name":"BREW Five Points","phone":"9043745789","twitter":"brewfivepoints","address":"1024 Park St","lat":30.314762,"lng":-81.680806,"neighborhood":"Riverside","city_fetched":"Jacksonville","state":"FL","country":"United States","canonicalUrl":"https://foursquare.com/v/brew-five-points/53924645498e0e408d2df6dd","category":"Coffee Shop","checkinsCount":714,"usersCount":272,"tipCount":9,"visitsCount":770,"url":"http://brewfivepoints.com","tier":2,"message":"Moderate","currency":"$","rating":8.2},{"name":"Metro Entertainment Complex","phone":"9043887192","twitter":"metrojax","address":"859 Willow Branch Ave","lat":30.315081312699313,"lng":-81.70307511715724,"neighborhood":"Riverside","city_fetched":"Jacksonville","state":"FL","country":"United States","canonicalUrl":"https://foursquare.com/metrojax","category":"Gay Bar","checkinsCount":6235,"usersCount":1330,"tipCount":29,"visitsCount":7158,"url":"http://www.metrojax.com","tier":1,"message":"Cheap","currency":"$","rating":8.2},{"name":"The Hourglass Pub","phone":"9044691719","twitter":"hourglasspub","address":"345 E Bay St","lat":30.32517640300781,"lng":-81.65296897079111,"neighborhood":"Downtown Jacksonville","city_fetched":"Jacksonville","state":"FL","country":"United States","canonicalUrl":"https://foursquare.com/v/the-hourglass-pub/539b9aca498ee67090bb96f9","category":"Pub","checkinsCount":287,"usersCount":207,"tipCount":5,"visitsCount":536,"url":"http://hourglasspub.com","tier":"","message":"","currency":"","rating":8.2},{"name":"Jerrys Bar and Grill","phone":"9042206766","address":"13170 Atlantic Blvd","lat":30.31884702917831,"lng":-81.46216723542958,"neighborhood":"Greater Arlington","city_fetched":"Jacksonville","state":"FL","country":"United States","canonicalUrl":"https://foursquare.com/v/jerrys-bar-and-grill/4bda1e1f3904a5930839459e","category":"Bar","checkinsCount":1447,"usersCount":610,"tipCount":17,"visitsCount":1656,"url":"http://jerryssportsgrille.com","tier":2,"message":"Moderate","currency":"$","rating":8.2},{"name":"BJ's Brewhouse & Restaurant","phone":"9047514935","twitter":"bjsrestaurant","address":"15022 Max Leggett Pkwy","lat":30.481897663668835,"lng":-81.63892034994765,"neighborhood":"Northside","city_fetched":"Jacksonville","state":"FL","country":"United States","canonicalUrl":"https://foursquare.com/v/bjs-brewhouse--restaurant/51db4834498e28287d9e3467","category":"Sports Bar","checkinsCount":1296,"usersCount":1296,"tipCount":32,"visitsCount":2079,"url":"http://www.bjsbrewhouse.com","tier":3,"message":"Expensive","currency":"$","rating":8.2},{"name":"Amelia Island Plantation - The Falcon's Nest","twitter":"omnihotels","address":"6800 First Coast Hwy","lat":30.5564556761955,"lng":-81.4469510524759,"city_fetched":"Jacksonville","state":"FL","country":"United States","canonicalUrl":"https://foursquare.com/v/amelia-island-plantation--the-falcons-nest/4ba6b2e9f964a520d26939e3","category":"Bar","checkinsCount":1105,"usersCount":799,"tipCount":12,"visitsCount":1323,"url":"http://omnihotels.com","tier":"","message":"","currency":"","rating":8.2},{"name":"Jacoby Symphony Hall","phone":"9043545547","address":"300 Water St","lat":30.325394305343888,"lng":-81.66290198028868,"neighborhood":"Downtown Jacksonville","city_fetched":"Jacksonville","state":"FL","country":"United States","canonicalUrl":"https://foursquare.com/v/jacoby-symphony-hall/4ca7c77cf47ea143fb616e21","category":"Concert Hall","checkinsCount":648,"usersCount":284,"tipCount":5,"visitsCount":676,"tier":"","message":"","currency":"","rating":8.2},{"name":"Veterans United Craft Brewery","phone":"9042533326","twitter":"vubrew","address":"8999 Western Way #104","lat":30.200945341755027,"lng":-81.55696392059326,"neighborhood":"Southeast Jacksonville","city_fetched":"Jacksonville","state":"FL","country":"United States","canonicalUrl":"https://foursquare.com/v/veterans-united-craft-brewery/52dd986b11d258b544882b47","category":"Brewery","checkinsCount":338,"usersCount":292,"tipCount":8,"visitsCount":496,"url":"http://www.vubrew.com","tier":1,"message":"Cheap","currency":"$","rating":8.1},{"name":"Casbah Cafe","phone":"9049819966","address":"3628 Saint Johns Ave","lat":30.29584456357814,"lng":-81.70463069977481,"neighborhood":"Avondale","city_fetched":"Jacksonville","state":"FL","country":"United States","canonicalUrl":"https://foursquare.com/v/casbah-cafe/4b63bd45f964a5202b8f2ae3","category":"Hookah Bar","checkinsCount":6611,"usersCount":2052,"tipCount":59,"visitsCount":6839,"url":"http://thecasbahcafe.com","tier":2,"message":"Moderate","currency":"$","rating":8.1},{"name":"Time Out Sports Grill","phone":"9042236999","address":"13799 Beach Blvd","lat":30.288370014553394,"lng":-81.45417228341103,"neighborhood":"Greater Arlington","city_fetched":"Jacksonville","state":"FL","country":"United States","canonicalUrl":"https://foursquare.com/v/time-out-sports-grill/4beaebea415e20a1a4a3e5bb","category":"Bar","checkinsCount":4817,"usersCount":1504,"tipCount":46,"visitsCount":5326,"url":"http://timeoutsportsgrill.com","tier":1,"message":"Cheap","currency":"$","rating":8.1},{"name":"The Pier Cantina & Sandbar","phone":"9042466454","twitter":"thepier","address":"412 1st St N","lat":30.292673200455003,"lng":-81.38974159955978,"neighborhood":"Beaches","city_fetched":"Jacksonville","state":"FL","country":"United States","canonicalUrl":"https://foursquare.com/v/the-pier-cantina--sandbar/4db5ac5c0437fa536a45f821","category":"Restaurant","checkinsCount":5865,"usersCount":3001,"tipCount":50,"visitsCount":6679,"url":"http://www.thepierjax.com","tier":2,"message":"Moderate","currency":"$","rating":8.1},{"name":"Cliff's Bar And Grill","phone":"9046455162","twitter":"cliffsbar","address":"3033 Monument Rd","lat":30.363847633693684,"lng":-81.50173535354965,"neighborhood":"Cobblestone","city_fetched":"Jacksonville","state":"FL","country":"United States","canonicalUrl":"https://foursquare.com/v/cliffs-bar-and-grill/4bbd542a4e069c749fb79ee3","category":"Music Venue","checkinsCount":1394,"usersCount":554,"tipCount":12,"visitsCount":1525,"tier":"","message":"","currency":"","rating":8.1},{"name":"Hooters","phone":"9046369800","twitter":"hooters","address":"8938 San Jose Blvd","lat":30.216772352262854,"lng":-81.61776423454285,"neighborhood":"Southeast Jacksonville","city_fetched":"Jacksonville","state":"FL","country":"United States","canonicalUrl":"https://foursquare.com/v/hooters/4c2627a2f1272d7f24fa85c5","category":"Wings Joint","checkinsCount":3015,"usersCount":1344,"tipCount":22,"visitsCount":3822,"url":"http://hooters.com","tier":2,"message":"Moderate","currency":"$","rating":8.1},{"name":"Birdies","phone":"9043564444","address":"1044 Park St","lat":30.314426,"lng":-81.68100816,"neighborhood":"Riverside","city_fetched":"Jacksonville","state":"FL","country":"United States","canonicalUrl":"https://foursquare.com/v/birdies/4b80cc53f964a520a78c30e3","category":"Bar","checkinsCount":14878,"usersCount":1656,"tipCount":38,"visitsCount":15177,"tier":1,"message":"Cheap","currency":"$","rating":8.1},{"name":"Aromas Cigar Bar And Lounge","phone":"9049280515","address":"4372 Southside Blvd","lat":30.2670853,"lng":-81.55903,"neighborhood":"Southeast Jacksonville","city_fetched":"Jacksonville","state":"FL","country":"United States","canonicalUrl":"https://foursquare.com/v/aromas-cigar-bar-and-lounge/4b65a1b0f964a52028f72ae3","category":"Lounge","checkinsCount":1632,"usersCount":807,"tipCount":16,"visitsCount":1813,"url":"http://www.aromascigars.com","tier":2,"message":"Moderate","currency":"$","rating":8.1},{"name":"Fionn MacCool's","phone":"9043741547","address":"2 Independent Dr Ste 176","lat":30.32428441231131,"lng":-81.65921135630308,"neighborhood":"Downtown Jacksonville","city_fetched":"Jacksonville","state":"FL","country":"United States","canonicalUrl":"https://foursquare.com/v/fionn-maccools/4e98afb86c252a15c11bd6ac","category":"Pub","checkinsCount":4572,"usersCount":2856,"tipCount":56,"visitsCount":5160,"url":"http://www.macoolsjax.net","tier":2,"message":"Moderate","currency":"$","rating":8},{"name":"Eclipse Nightclub","phone":"9043873582","address":"4219 Saint Johns Ave","lat":30.288801783333334,"lng":-81.713933,"city_fetched":"Jacksonville","state":"FL","country":"United States","canonicalUrl":"https://foursquare.com/v/eclipse-nightclub/4bde46870ee3a593f39b30b0","category":"Nightclub","checkinsCount":3902,"usersCount":751,"tipCount":18,"visitsCount":4231,"url":"http://eclipsejax.com","tier":2,"message":"Moderate","currency":"$","rating":8},{"name":"Sticky Fingers Smokehouse - Get Sticky. Have Fun!","phone":"9044937427","twitter":"stickyfingers","address":"8129 Point Meadows Way","lat":30.218155372292568,"lng":-81.51585260965959,"neighborhood":"Deerwood","city_fetched":"Jacksonville","state":"FL","country":"United States","canonicalUrl":"https://foursquare.com/v/sticky-fingers-smokehouse--get-sticky-have-fun/4b591765f964a5201f7c28e3","category":"BBQ Joint","checkinsCount":1604,"usersCount":968,"tipCount":12,"visitsCount":1732,"tier":2,"message":"Moderate","currency":"$","rating":8},{"name":"Pusser's Bar & Grille","phone":"9042807766","twitter":"pussers","address":"816 A1a N Ste 100","lat":30.20132743936729,"lng":-81.38110066899843,"city_fetched":"Jacksonville","state":"FL","country":"United States","canonicalUrl":"https://foursquare.com/v/pussers-bar--grille/4bbfb7d2461576b0e1117932","category":"Caribbean Restaurant","checkinsCount":3155,"usersCount":1818,"tipCount":27,"visitsCount":3564,"url":"http://pussersusa.com","tier":2,"message":"Moderate","currency":"$","rating":8},{"name":"Gold Club Jacksonville","phone":"9046455500","twitter":"goldclubjax","address":"320 General Doolittle Dr","lat":30.32790170748543,"lng":-81.51599194676096,"neighborhood":"East Arlington","city_fetched":"Jacksonville","state":"FL","country":"United States","canonicalUrl":"https://foursquare.com/v/gold-club-jacksonville/4be32f8acbdbef3b128c60d8","category":"Strip Club","checkinsCount":903,"usersCount":612,"tipCount":5,"visitsCount":1237,"url":"http://jacksonvillegoldclub-hub.com","tier":"","message":"","currency":"","rating":8},{"name":"Bayard Rooster","address":"12699 Phillips Hwy","lat":30.141330885034943,"lng":-81.51557929382716,"neighborhood":"Bayard","city_fetched":"Jacksonville","state":"FL","country":"United States","canonicalUrl":"https://foursquare.com/v/bayard-rooster/4becaa1e2cf820a13118b91c","category":"Dive Bar","checkinsCount":469,"usersCount":232,"tipCount":9,"visitsCount":587,"url":"http://thebayardrooster.com","tier":"","message":"","currency":"","rating":8},{"name":"River City Brewing Company","phone":"9043982299","twitter":"rivercitybrewco","address":"835 Museum Cir","lat":30.31991045762662,"lng":-81.66115296829442,"city_fetched":"Jacksonville","state":"FL","country":"United States","canonicalUrl":"https://foursquare.com/v/river-city-brewing-company/4b536a49f964a520c69b27e3","category":"Restaurant","checkinsCount":4472,"usersCount":2988,"tipCount":40,"visitsCount":5279,"url":"http://www.rivercitybrew.com","tier":2,"message":"Moderate","currency":"$","rating":8},{"name":"Miller's Jacksonville Ale House","phone":"9045652882","twitter":"millersalehouse","address":"9711 Deer Lake Ct","lat":30.265570171152355,"lng":-81.5564301609993,"neighborhood":"Southeast Jacksonville","city_fetched":"Jacksonville","state":"FL","country":"United States","canonicalUrl":"https://foursquare.com/v/millers-jacksonville-ale-house/4b40112cf964a5202eb525e3","category":"Brewery","checkinsCount":9961,"usersCount":4481,"tipCount":62,"visitsCount":11871,"url":"http://www.millersalehouse.com","tier":2,"message":"Moderate","currency":"$","rating":8},{"name":"Kamiya 86","phone":"9048536602","address":"1286 3rd St S","lat":30.276089537415505,"lng":-81.38993161186352,"neighborhood":"Beaches","city_fetched":"Jacksonville","state":"FL","country":"United States","canonicalUrl":"https://foursquare.com/v/kamiya-86/51d4b724498e794757397951","category":"Sushi Restaurant","checkinsCount":315,"usersCount":194,"tipCount":12,"visitsCount":362,"url":"http://www.kamiya86.net","tier":"","message":"","currency":"","rating":8},{"name":"Island Girl Cigar Bar","phone":"9048546060","twitter":"islandgirlcigar","address":"7860 Gate Pkwy Ste 115","lat":30.235851,"lng":-81.51793235,"neighborhood":"Deerwood","city_fetched":"Jacksonville","state":"FL","country":"United States","canonicalUrl":"https://foursquare.com/v/island-girl-cigar-bar/4b591edff964a520967d28e3","category":"Bar","checkinsCount":1323,"usersCount":535,"tipCount":18,"visitsCount":1448,"url":"http://www.islandgirlcigarbar.com","tier":2,"message":"Moderate","currency":"$","rating":8},{"name":"The Shim Sham Room","phone":"9043720781","address":"333 1st St N #150","lat":30.292045604413037,"lng":-81.39020538157449,"neighborhood":"Beaches","city_fetched":"Jacksonville","state":"FL","country":"United States","canonicalUrl":"https://foursquare.com/v/the-shim-sham-room/506776eaf2e76b3c5907078b","category":"Speakeasy","checkinsCount":2783,"usersCount":1196,"tipCount":17,"visitsCount":2951,"url":"http://www.shimshamroom.com","tier":2,"message":"Moderate","currency":"$","rating":7.9},{"name":"The Bearded Pig","lat":30.313045143331305,"lng":-81.65398533320375,"neighborhood":"San Marco","city_fetched":"Jacksonville","state":"FL","country":"United States","canonicalUrl":"https://foursquare.com/v/the-bearded-pig/570eb587498ea2905671ebd4","category":"Beer Garden","checkinsCount":258,"usersCount":231,"tipCount":9,"visitsCount":380,"tier":"","message":"","currency":"","rating":7.9},{"name":"EverBank Fantasy Football Lounge","twitter":"everbankfield","address":"East & West Upper Touchdown Club","lat":30.324058787542512,"lng":-81.63843881936535,"city_fetched":"Jacksonville","state":"FL","country":"United States","canonicalUrl":"https://foursquare.com/v/everbank-fantasy-football-lounge/50b7a66ce4b01e2f2189de16","category":"Lounge","checkinsCount":116,"usersCount":34,"tipCount":3,"visitsCount":116,"tier":"","message":"","currency":"","rating":7.9},{"name":"Seven Bridges Grille & Brewery","phone":"9049971999","twitter":"seven_bridges","address":"9735 Gate Pkwy N","lat":30.261524,"lng":-81.553796,"neighborhood":"Southeast Jacksonville","city_fetched":"Jacksonville","state":"FL","country":"United States","canonicalUrl":"https://foursquare.com/v/seven-bridges-grille--brewery/4b8702e0f964a5204fab31e3","category":"Brewery","checkinsCount":7667,"usersCount":3646,"tipCount":60,"visitsCount":8998,"url":"http://www.7bridgesgrille.com","tier":2,"message":"Moderate","currency":"$","rating":7.9},{"name":"Shantytown Pub","phone":"9047988222","address":"22 W 6th St","lat":30.343007,"lng":-81.65484845638275,"neighborhood":"Springfield","city_fetched":"Jacksonville","state":"FL","country":"United States","canonicalUrl":"https://foursquare.com/v/shantytown-pub/4c7d2bd1d461a143134a7cf5","category":"Pub","checkinsCount":1445,"usersCount":429,"tipCount":9,"visitsCount":1581,"tier":1,"message":"Cheap","currency":"$","rating":7.9},{"name":"Big Dawgs Sports Restaurant","phone":"9042724204","address":"1330 Blanding Blvd Ste 135","lat":30.123656319677387,"lng":-81.79850365763686,"city_fetched":"Jacksonville","state":"FL","country":"United States","canonicalUrl":"https://foursquare.com/v/big-dawgs-sports-restaurant/4dbcab160437955ec03a6310","category":"Sports Bar","checkinsCount":1325,"usersCount":490,"tipCount":18,"visitsCount":1823,"url":"http://bigdawgsrestaurant.com","tier":1,"message":"Cheap","currency":"$","rating":7.9},{"name":"Pete's Bar","phone":"9042499158","address":"117 1st St","lat":30.32394340891463,"lng":-81.39599189147313,"neighborhood":"Beaches","city_fetched":"Jacksonville","state":"FL","country":"United States","canonicalUrl":"https://foursquare.com/v/petes-bar/4ba2e670f964a520482138e3","category":"Dive Bar","checkinsCount":2672,"usersCount":1591,"tipCount":23,"visitsCount":2883,"tier":1,"message":"Cheap","currency":"$","rating":7.9},{"name":"The Garage","phone":"9048947465","address":"2692 Post St","lat":30.313095,"lng":-81.695213,"neighborhood":"Riverside","city_fetched":"Jacksonville","state":"FL","country":"United States","canonicalUrl":"https://foursquare.com/v/the-garage/4f9ca329e4b0e5be3fef10db","category":"Bar","checkinsCount":5319,"usersCount":1573,"tipCount":37,"visitsCount":5645,"url":"http://garagejax.com","tier":2,"message":"Moderate","currency":"$","rating":7.9},{"name":"Taproom","address":"9550 Baymeadows Ed","lat":30.219779065613597,"lng":-81.56002561107195,"neighborhood":"Southeast Jacksonville","city_fetched":"Jacksonville","state":"FL","country":"United States","canonicalUrl":"https://foursquare.com/v/taproom/4fd411dee4b00127ba2410cd","category":"Beer Garden","checkinsCount":342,"usersCount":122,"tipCount":4,"visitsCount":352,"tier":"","message":"","currency":"","rating":7.8},{"name":"The Skyline Dining & Conference Center","phone":"9047919533","address":"50 N Laura St","lat":30.326926721629306,"lng":-81.6598478683028,"neighborhood":"Downtown Jacksonville","city_fetched":"Jacksonville","state":"FL","country":"United States","canonicalUrl":"https://foursquare.com/v/the-skyline-dining--conference-center/4b743d01f964a52018cf2de3","category":"Lounge","checkinsCount":735,"usersCount":185,"tipCount":5,"visitsCount":748,"url":"http://www.aramarkcafe.com/layouts/canary_2010/locationhome.aspx?locationid=3466","tier":"","message":"","currency":"","rating":7.8},{"name":"West Inn  Cantina","phone":"5006524865","address":"3644 Saint Johns Ave","lat":30.295683788350573,"lng":-81.70505834562418,"neighborhood":"Avondale","city_fetched":"Jacksonville","state":"FL","country":"United States","canonicalUrl":"https://foursquare.com/v/west-inn--cantina/4c94444103413704f6db70ef","category":"Cocktail Bar","checkinsCount":1574,"usersCount":466,"tipCount":3,"visitsCount":1621,"tier":1,"message":"Cheap","currency":"$","rating":7.8},{"name":"Ginger's Place","phone":"9042498711","address":"304 3rd St S","lat":30.285266989491205,"lng":-81.39128434673542,"neighborhood":"Beaches","city_fetched":"Jacksonville","state":"FL","country":"United States","canonicalUrl":"https://foursquare.com/v/gingers-place/4d54b9d8e7f1a1cda394f2a4","category":"Bar","checkinsCount":933,"usersCount":398,"tipCount":16,"visitsCount":1073,"tier":"","message":"","currency":"","rating":7.8},{"name":"Wall Street Deli","phone":"9043556969","address":"1050 Park St","lat":30.314293812713235,"lng":-81.6812721403577,"neighborhood":"Riverside","city_fetched":"Jacksonville","state":"FL","country":"United States","canonicalUrl":"https://foursquare.com/v/wall-street-deli/4bf8a4e75317a593433f007f","category":"Bar","checkinsCount":2693,"usersCount":473,"tipCount":12,"visitsCount":2734,"url":"http://wallstreetdeli.com","tier":"","message":"","currency":"","rating":7.8},{"name":"Island Girl Cigar Bar","phone":"9043720943","twitter":"islandgirlcigar","address":"108 1st St","lat":30.324164,"lng":-81.396344,"neighborhood":"Beaches","city_fetched":"Jacksonville","state":"FL","country":"United States","canonicalUrl":"https://foursquare.com/v/island-girl-cigar-bar/4b539433f964a5202ba327e3","category":"Speakeasy","checkinsCount":1078,"usersCount":492,"tipCount":9,"visitsCount":1091,"url":"http://www.islandgirljax.com","tier":"","message":"","currency":"","rating":7.8},{"name":"BJ's Restaurant and Brewhouse","phone":"9047514935","twitter":"bjsrestaurants","address":"15022 Max Leggett Pkwy","lat":30.25217531,"lng":-81.53544838,"neighborhood":"Southeast Jacksonville","city_fetched":"Jacksonville","state":"FL","country":"United States","canonicalUrl":"https://foursquare.com/v/bjs-restaurant-and-brewhouse/536cf8ff498ec6a3d320df89","category":"American Restaurant","checkinsCount":17,"usersCount":13,"tipCount":0,"visitsCount":17,"url":"http://t.co/bl46gcjDLN","tier":"","message":"","currency":"","rating":7.8},{"name":"Milano's Italian Resturant Pizza & Bar","phone":"9046469119","twitter":"milanosatkernan","address":"12620 Beach Blvd #21","lat":30.286206260892303,"lng":-81.48792103723775,"neighborhood":"Southeast Jacksonville","city_fetched":"Jacksonville","state":"FL","country":"United States","canonicalUrl":"https://foursquare.com/v/milanos-italian-resturant-pizza--bar/4bdb7beec79cc9283d1983e9","category":"Pizza Place","checkinsCount":985,"usersCount":435,"tipCount":18,"visitsCount":1049,"url":"http://mymilanospizza.com","tier":"","message":"","currency":"","rating":7.8},{"name":"Miller's Orange Park Ale House","phone":"9042784600","address":"1756 Wells Rd","lat":30.185475,"lng":-81.72819602102614,"city_fetched":"Jacksonville","state":"FL","country":"United States","canonicalUrl":"https://foursquare.com/v/millers-orange-park-ale-house/4b5946bbf964a520b68328e3","category":"Sports Bar","checkinsCount":3820,"usersCount":1988,"tipCount":26,"visitsCount":4559,"url":"http://www.millersalehouse.com","tier":2,"message":"Moderate","currency":"$","rating":7.7},{"name":"Anheuser-Busch Brewery Experiences","phone":"9046968373","twitter":"homeofbud","address":"111 Busch Dr","lat":30.431067694384517,"lng":-81.64792974777664,"neighborhood":"Northside","city_fetched":"Jacksonville","state":"FL","country":"United States","canonicalUrl":"https://foursquare.com/v/anheuserbusch-brewery-experiences/4c66c3987abde21e22506468","category":"Brewery","checkinsCount":2381,"usersCount":1529,"tipCount":25,"visitsCount":3000,"url":"http://www.budweisertours.com","tier":1,"message":"Cheap","currency":"$","rating":7.7},{"name":"Gator's Dockside","phone":"9044480500","twitter":"gatorsdkside","address":"8650 Baymeadows Rd","lat":30.22010100101402,"lng":-81.5783086783799,"neighborhood":"Baymeadows Center","city_fetched":"Jacksonville","state":"FL","country":"United States","canonicalUrl":"https://foursquare.com/v/gators-dockside/4b784e17f964a520cfc32ee3","category":"Sports Bar","checkinsCount":2291,"usersCount":1275,"tipCount":28,"visitsCount":2718,"url":"http://www.gatorsdockside.com","tier":2,"message":"Moderate","currency":"$","rating":7.7},{"name":"Zodiac Bar & Grill","phone":"9043548283","twitter":"zodiacgrill","address":"120 W Adams St","lat":30.328156167778083,"lng":-81.6596285664647,"neighborhood":"Downtown Jacksonville","city_fetched":"Jacksonville","state":"FL","country":"United States","canonicalUrl":"https://foursquare.com/v/zodiac-bar--grill/4b549c35f964a52096c227e3","category":"Bar","checkinsCount":757,"usersCount":345,"tipCount":14,"visitsCount":770,"url":"http://www.thezodiacbarandgrill.com","tier":"","message":"","currency":"","rating":7.7},{"name":"Sherwoods Liquors Inc","phone":"9043981142","address":"1105 San Marco Blvd","lat":30.314275187245762,"lng":-81.6604843748507,"city_fetched":"Jacksonville","state":"FL","country":"United States","canonicalUrl":"https://foursquare.com/v/sherwoods-liquors-inc/4be33cc9d27a20a1539e915b","category":"Dive Bar","checkinsCount":1440,"usersCount":472,"tipCount":12,"visitsCount":1515,"tier":"","message":"","currency":"","rating":7.6},{"name":"Burro Bar","phone":"9043534686","twitter":"burrobarjax","address":"100 E Adams St","lat":30.32730488492387,"lng":-81.65607690811157,"neighborhood":"Downtown Jacksonville","city_fetched":"Jacksonville","state":"FL","country":"United States","canonicalUrl":"https://foursquare.com/v/burro-bar/4d9e15ad7509b1f7717150a0","category":"Bar","checkinsCount":3873,"usersCount":1110,"tipCount":25,"visitsCount":3921,"url":"http://burrobarjax.com","tier":1,"message":"Cheap","currency":"$","rating":7.6},{"name":"Fly's Tie Irish Pub","phone":"9042464293","address":"177 Sailfish Dr E","lat":30.32571568397729,"lng":-81.40687663812051,"neighborhood":"Beaches","city_fetched":"Jacksonville","state":"FL","country":"United States","canonicalUrl":"https://foursquare.com/v/flys-tie-irish-pub/4af4e991f964a52062f721e3","category":"Pub","checkinsCount":2416,"usersCount":979,"tipCount":24,"visitsCount":2631,"tier":2,"message":"Moderate","currency":"$","rating":7.6},{"name":"Hoptinger","phone":"9042220796","address":"333 1st St N","lat":30.291818,"lng":-81.390107,"neighborhood":"Beaches","city_fetched":"Jacksonville","state":"FL","country":"United States","canonicalUrl":"https://foursquare.com/v/hoptinger/54fbb41f498e3399ffd68ff9","category":"Beer Garden","checkinsCount":485,"usersCount":453,"tipCount":4,"visitsCount":742,"url":"http://hoptinger.com","tier":"","message":"","currency":"","rating":7.6},{"name":"Park Place Lounge","phone":"9043896616","address":"931 King St","lat":30.313520979548006,"lng":-81.69547848647383,"neighborhood":"Riverside","city_fetched":"Jacksonville","state":"FL","country":"United States","canonicalUrl":"https://foursquare.com/v/park-place-lounge/4b4e931df964a520dbf126e3","category":"Gay Bar","checkinsCount":5682,"usersCount":1051,"tipCount":36,"visitsCount":5957,"tier":1,"message":"Cheap","currency":"$","rating":7.6},{"name":"Yamas Hookah","twitter":"yamashookah","address":"9753 Deer Lake Ct","lat":30.266127328810555,"lng":-81.55530684894796,"neighborhood":"Southeast Jacksonville","city_fetched":"Jacksonville","state":"FL","country":"United States","canonicalUrl":"https://foursquare.com/v/yamas-hookah/5089b4a0e4b07f1e61f92218","category":"Hookah Bar","checkinsCount":286,"usersCount":144,"tipCount":8,"visitsCount":286,"tier":"","message":"","currency":"","rating":7.6},{"name":"The Parlour","address":"2000 San Marco Blvd","lat":30.303763220632938,"lng":-81.65410836560578,"neighborhood":"San Marco","city_fetched":"Jacksonville","state":"FL","country":"United States","canonicalUrl":"https://foursquare.com/v/the-parlour/5168bd1de4b02d0280827844","category":"Speakeasy","checkinsCount":260,"usersCount":177,"tipCount":2,"visitsCount":265,"tier":"","message":"","currency":"","rating":7.6},{"name":"Flask and Cannon","address":"524 1st St N","lat":30.293971,"lng":-81.390789,"neighborhood":"Beaches","city_fetched":"Jacksonville","state":"FL","country":"United States","canonicalUrl":"https://foursquare.com/v/flask-and-cannon/54f90a03498eccdf65df935e","category":"Cocktail Bar","checkinsCount":164,"usersCount":110,"tipCount":2,"visitsCount":171,"tier":"","message":"","currency":"","rating":7.6},{"name":"The Rogue","phone":"9044874220","address":"927 King St","lat":30.313623636387412,"lng":-81.69573605060577,"neighborhood":"Riverside","city_fetched":"Jacksonville","state":"FL","country":"United States","canonicalUrl":"https://foursquare.com/v/the-rogue/4c26560fdb51952140612c3a","category":"Whisky Bar","checkinsCount":4813,"usersCount":929,"tipCount":20,"visitsCount":4835,"url":"http://roguejax.com","tier":2,"message":"Moderate","currency":"$","rating":7.6},{"name":"Reni's Redneck Yacht Club","phone":"9042250272","address":"850019 US-17","lat":30.575967763602414,"lng":-81.60841726990886,"city_fetched":"Jacksonville","state":"FL","country":"United States","canonicalUrl":"https://foursquare.com/v/renis-redneck-yacht-club/4dcd6f36ae603b786d1611eb","category":"Bar","checkinsCount":227,"usersCount":131,"tipCount":4,"visitsCount":303,"tier":"","message":"","currency":"","rating":7.6},{"name":"Taverna Yamas","phone":"9048540426","twitter":"tavernayamas","address":"9753 Deer Lake Ct","lat":30.2658990473482,"lng":-81.5556335832462,"neighborhood":"Southeast Jacksonville","city_fetched":"Jacksonville","state":"FL","country":"United States","canonicalUrl":"https://foursquare.com/v/taverna-yamas/4cf9778620fe3704a59746f8","category":"Greek Restaurant","checkinsCount":2041,"usersCount":1255,"tipCount":29,"visitsCount":2287,"url":"http://www.tavernayamas.com","tier":2,"message":"Moderate","currency":"$","rating":7.5},{"name":"Downtown Cigar Lounge","address":"11 N Ocean St","lat":30.326385323339796,"lng":-81.6565047822229,"neighborhood":"Downtown Jacksonville","city_fetched":"Jacksonville","state":"FL","country":"United States","canonicalUrl":"https://foursquare.com/v/downtown-cigar-lounge/52d0d010498e36194cbb57aa","category":"Lounge","checkinsCount":254,"usersCount":90,"tipCount":2,"visitsCount":293,"tier":1,"message":"Cheap","currency":"$","rating":7.5},{"name":"MVP Sports Grill","phone":"9042211090","address":"12777 alantic","lat":30.320264223758585,"lng":-81.47213101387024,"neighborhood":"Girvin","city_fetched":"Jacksonville","state":"FL","country":"United States","canonicalUrl":"https://foursquare.com/v/mvp-sports-grill/4b53e23bf964a520eead27e3","category":"Bar","checkinsCount":1588,"usersCount":550,"tipCount":19,"visitsCount":1847,"tier":"","message":"","currency":"","rating":7.5},{"name":"Sandollar Bar & Grill","phone":"9042512449","address":"9716 Heckscher Dr","lat":30.397362552281407,"lng":-81.43518148891063,"neighborhood":"Northside","city_fetched":"Jacksonville","state":"FL","country":"United States","canonicalUrl":"https://foursquare.com/v/sandollar-bar--grill/4b68b19af964a52088872be3","category":"Seafood Restaurant","checkinsCount":745,"usersCount":892,"tipCount":30,"visitsCount":1266,"url":"http://sandollarrestaurantjax.com","tier":2,"message":"Moderate","currency":"$","rating":7.5},{"name":"1904","phone":"9043560213","twitter":"1904jax","address":"19 N Ocean St","lat":30.326400401631798,"lng":-81.65639780098552,"neighborhood":"Downtown Jacksonville","city_fetched":"Jacksonville","state":"FL","country":"United States","canonicalUrl":"https://foursquare.com/v/1904/4f29d1b5e4b07412d34b1552","category":"Lounge","checkinsCount":848,"usersCount":509,"tipCount":4,"visitsCount":902,"url":"http://www.1904musichall.com","tier":"","message":"","currency":"","rating":7.5},{"name":"Dahlia's Pour House","twitter":"dahliasph","address":"2695 Post St","lat":30.313431450903117,"lng":-81.69530153274535,"neighborhood":"Riverside","city_fetched":"Jacksonville","state":"FL","country":"United States","canonicalUrl":"https://foursquare.com/dahliasph","category":"Sports Bar","checkinsCount":3856,"usersCount":1000,"tipCount":17,"visitsCount":3976,"url":"http://www.dahliaspourhouse.com","tier":1,"message":"Cheap","currency":"$","rating":7.5},{"name":"Gator's Dockside","phone":"9044256466","twitter":"gatorsdkside","address":"9680 Argyle Forest Blvd","lat":30.195198286579227,"lng":-81.82996903789713,"neighborhood":"Chimney Lakes","city_fetched":"Jacksonville","state":"FL","country":"United States","canonicalUrl":"https://foursquare.com/v/gators-dockside/4b5bc98af964a5203e1629e3","category":"Wings Joint","checkinsCount":2689,"usersCount":1253,"tipCount":36,"visitsCount":3280,"url":"http://gatorsdockside.com","tier":2,"message":"Moderate","currency":"$","rating":7.5},{"name":"Mavericks","phone":"9043561110","twitter":"mavericksjax","address":"2 Independent Dr","lat":30.324910977993742,"lng":-81.66018605232239,"neighborhood":"Downtown Jacksonville","city_fetched":"Jacksonville","state":"FL","country":"United States","canonicalUrl":"https://foursquare.com/v/mavericks/4be57e7f477d9c74dca9e62d","category":"Bar","checkinsCount":3572,"usersCount":1715,"tipCount":23,"visitsCount":3637,"url":"http://www.mavericksatthelanding.com","tier":2,"message":"Moderate","currency":"$","rating":7.5},{"name":"Zeta Brewing Co.","phone":"9043720727","twitter":"zetabrewing","address":"131 1st Ave N","lat":30.290331949316464,"lng":-81.39078512594918,"neighborhood":"Beaches","city_fetched":"Jacksonville","state":"FL","country":"United States","canonicalUrl":"https://foursquare.com/v/zeta-brewing-co/513e319ce4b0622caee781b5","category":"Brewery","checkinsCount":1485,"usersCount":1138,"tipCount":25,"visitsCount":2107,"url":"http://zetajax.com","tier":2,"message":"Moderate","currency":"$","rating":7.5},{"name":"Mezze Bar and Grill","address":"Hendricks Ave","lat":30.304667571522245,"lng":-81.65300641596858,"neighborhood":"San Marco","city_fetched":"Jacksonville","state":"FL","country":"United States","canonicalUrl":"https://foursquare.com/v/mezze-bar-and-grill/5171e1fc498ee3a4394e6fc5","category":"Hookah Bar","checkinsCount":296,"usersCount":152,"tipCount":11,"visitsCount":301,"url":"http://mezzejax.com","tier":"","message":"","currency":"","rating":7.5},{"name":"The Harbour","phone":"9042462555","address":"160 Mayport Rd","lat":30.325853714633297,"lng":-81.41971842082843,"neighborhood":"Beaches","city_fetched":"Jacksonville","state":"FL","country":"United States","canonicalUrl":"https://foursquare.com/v/the-harbour/4ba6d674f964a520a47239e3","category":"Bar","checkinsCount":235,"usersCount":96,"tipCount":1,"visitsCount":265,"tier":"","message":"","currency":"","rating":7.5},{"name":"LIT Downtown","phone":"9043590051","twitter":"litdowntown","address":"11 N Ocean St","lat":30.32628893852234,"lng":-81.65651679039001,"neighborhood":"Downtown Jacksonville","city_fetched":"Jacksonville","state":"FL","country":"United States","canonicalUrl":"https://foursquare.com/v/lit-downtown/4b626a39f964a520a7462ae3","category":"Nightclub","checkinsCount":1223,"usersCount":541,"tipCount":10,"visitsCount":1224,"url":"http://www.litdowntown.com","tier":"","message":"","currency":"","rating":7.5},{"name":"Dairy Queen","phone":"9043750210","twitter":"dairyqueen","address":"348 Blanding Blvd","lat":30.167723316746052,"lng":-81.7480134542646,"city_fetched":"Jacksonville","state":"FL","country":"United States","canonicalUrl":"https://foursquare.com/v/dairy-queen/4d260dcad2668cfa754ac4db","category":"Fast Food Restaurant","checkinsCount":675,"usersCount":446,"tipCount":3,"visitsCount":836,"url":"http://www.dairyqueen.com","tier":1,"message":"Cheap","currency":"$","rating":7.5},{"name":"Marks Downtown Lounge and Bar","phone":"9043555099","twitter":"marksjax","address":"315 E Bay St Ste 101","lat":30.325347960481167,"lng":-81.65386764984609,"neighborhood":"Downtown Jacksonville","city_fetched":"Jacksonville","state":"FL","country":"United States","canonicalUrl":"https://foursquare.com/v/marks-downtown-lounge-and-bar/4bb3d760715eef3b51eb86bb","category":"Bar","checkinsCount":2466,"usersCount":923,"tipCount":17,"visitsCount":2586,"url":"http://www.marksjax.com","tier":"","message":"","currency":"","rating":7.4},{"name":"3 Lions Sports Pub & Grill","phone":"2467329373","address":"2467 Faye Rd","lat":30.43749,"lng":-81.580161,"neighborhood":"Oceanway","city_fetched":"Jacksonville","state":"FL","country":"United States","canonicalUrl":"https://foursquare.com/v/3-lions-sports-pub--grill/4b734221f964a520c1a42de3","category":"Sports Bar","checkinsCount":489,"usersCount":239,"tipCount":13,"visitsCount":491,"tier":"","message":"","currency":"","rating":7.4},{"name":"Island Girl Cigar Bar","phone":"9048342492","twitter":"islandgirlcigar","address":"820 A1a N Ste E18","lat":30.200351802911175,"lng":-81.38114898697167,"city_fetched":"Jacksonville","state":"FL","country":"United States","canonicalUrl":"https://foursquare.com/v/island-girl-cigar-bar/4f98267fe4b0b95b78fd5a9d","category":"Whisky Bar","checkinsCount":430,"usersCount":197,"tipCount":3,"visitsCount":467,"url":"http://islandgirlcigarbar.com","tier":"","message":"","currency":"","rating":7.4},{"name":"The Ritz","phone":"9042462255","twitter":"ritzlounge","address":"185 3rd Ave N","lat":30.292280252528702,"lng":-81.39122529928619,"neighborhood":"Beaches","city_fetched":"Jacksonville","state":"FL","country":"United States","canonicalUrl":"https://foursquare.com/v/the-ritz/4bb56f5d1344b713575d9c04","category":"Cocktail Bar","checkinsCount":11457,"usersCount":2988,"tipCount":26,"visitsCount":12204,"url":"http://theritzlounge.com","tier":2,"message":"Moderate","currency":"$","rating":7.4},{"name":"Dive bar","phone":"9043599090","lat":30.325431449036113,"lng":-81.65348250300964,"neighborhood":"Downtown Jacksonville","city_fetched":"Jacksonville","state":"FL","country":"United States","canonicalUrl":"https://foursquare.com/v/dive-bar/4b77913bf964a520e7a12ee3","category":"Dive Bar","checkinsCount":1627,"usersCount":752,"tipCount":11,"visitsCount":1704,"tier":"","message":"","currency":"","rating":7.4},{"name":"Golden Ox Liquors","phone":"9045651190","twitter":"goldenoxliquors","address":"1531 Monument Rd Ste 21","lat":30.34948262043312,"lng":-81.52461962634295,"neighborhood":"Greater Arlington","city_fetched":"Jacksonville","state":"FL","country":"United States","canonicalUrl":"https://foursquare.com/v/golden-ox-liquors/4bf47c38ff90c9b689555528","category":"Liquor Store","checkinsCount":662,"usersCount":146,"tipCount":8,"visitsCount":662,"url":"http://goldenoxliquors.com","tier":"","message":"","currency":"","rating":7.3},{"name":"O'Brothers Irish Pub","phone":"9048549300","address":"1521 Margaret St","lat":30.31331667783647,"lng":-81.68107429095166,"neighborhood":"Riverside","city_fetched":"Jacksonville","state":"FL","country":"United States","canonicalUrl":"https://foursquare.com/v/obrothers-irish-pub/4b4f335df964a52011fd26e3","category":"Pub","checkinsCount":6672,"usersCount":2275,"tipCount":54,"visitsCount":6884,"url":"http://obrothersirishpub.com","tier":2,"message":"Moderate","currency":"$","rating":7.3},{"name":"Tilted Kilt Pub & Eatery","phone":"9043798612","twitter":"tiltedkiltpub","address":"9720 Deer Lake Ct","lat":30.264808000182313,"lng":-81.55559062957764,"neighborhood":"Southeast Jacksonville","city_fetched":"Jacksonville","state":"FL","country":"United States","canonicalUrl":"https://foursquare.com/v/tilted-kilt-pub--eatery/4d00df4f0457b1f795913378","category":"Sports Bar","checkinsCount":5719,"usersCount":2590,"tipCount":36,"visitsCount":5808,"url":"http://www.tiltedkilt.com","tier":2,"message":"Moderate","currency":"$","rating":7.3},{"name":"The Tent Hookah Lounge","lat":30.287485230436133,"lng":-81.49981104284758,"neighborhood":"Greater Arlington","city_fetched":"Jacksonville","state":"FL","country":"United States","canonicalUrl":"https://foursquare.com/v/the-tent-hookah-lounge/527b03c211d287dffbe2c4f1","category":"Hookah Bar","checkinsCount":95,"usersCount":97,"tipCount":5,"visitsCount":157,"tier":"","message":"","currency":"","rating":7.3},{"name":"Austin Karaoke","phone":"9043991757","address":"5161 Beach Blvd","lat":30.29611771938291,"lng":-81.61275803084597,"neighborhood":"Greater Arlington","city_fetched":"Jacksonville","state":"FL","country":"United States","canonicalUrl":"https://foursquare.com/v/austin-karaoke/4b4a7f34f964a5204e8926e3","category":"Karaoke Bar","checkinsCount":788,"usersCount":479,"tipCount":11,"visitsCount":849,"url":"http://austinroomkaraoke.com","tier":"","message":"","currency":"","rating":7.2},{"name":"The Rogue Bathtub","lat":30.313554,"lng":-81.695692,"neighborhood":"Riverside","city_fetched":"Jacksonville","state":"FL","country":"United States","canonicalUrl":"https://foursquare.com/v/the-rogue-bathtub/4e7c173318388dda689c32d1","category":"Lounge","checkinsCount":785,"usersCount":320,"tipCount":2,"visitsCount":785,"tier":"","message":"","currency":"","rating":7.2},{"name":"Club TSI Discotheque","phone":"9044243531","twitter":"clubtsi","address":"333 E Bay St","lat":30.325438902347216,"lng":-81.65322038804956,"neighborhood":"Downtown Jacksonville","city_fetched":"Jacksonville","state":"FL","country":"United States","canonicalUrl":"https://foursquare.com/v/club-tsi-discotheque/4b52243ff964a520086b27e3","category":"Nightclub","checkinsCount":4101,"usersCount":1049,"tipCount":19,"visitsCount":4198,"url":"http://www.clubtsi.com","tier":2,"message":"Moderate","currency":"$","rating":7.2},{"name":"Cask","address":"1049 Park St","lat":30.314415811915918,"lng":-81.68080692605095,"neighborhood":"Riverside","city_fetched":"Jacksonville","state":"FL","country":"United States","canonicalUrl":"https://foursquare.com/v/cask/55b54008498ecdbad84b248b","category":"Bar","checkinsCount":122,"usersCount":43,"tipCount":2,"visitsCount":122,"tier":"","message":"","currency":"","rating":7.2},{"name":"Skyline Sports Bar & Lounge","phone":"9045176973","address":"923 University Blvd N","lat":30.37374919163767,"lng":-81.66501999473591,"neighborhood":"Brentwood","city_fetched":"Jacksonville","state":"FL","country":"United States","canonicalUrl":"https://foursquare.com/v/skyline-sports-bar--lounge/4d9bc0574fdab60c6be952f2","category":"Sports Bar","checkinsCount":2377,"usersCount":412,"tipCount":12,"visitsCount":2688,"tier":"","message":"","currency":"","rating":7.2},{"name":"Scoreboard Bar and Grill","phone":"9047446199","address":"6051 Merrill Rd","lat":30.354362584633286,"lng":-81.60236868651373,"neighborhood":"Arlington Manor","city_fetched":"Jacksonville","state":"FL","country":"United States","canonicalUrl":"https://foursquare.com/v/scoreboard-bar-and-grill/4cdb4d80a1bba35d061d94e5","category":"Bar","checkinsCount":734,"usersCount":88,"tipCount":6,"visitsCount":734,"tier":"","message":"","currency":"","rating":7.2},{"name":"Oceanside at Omni Amelia Island Plantation and Resort.","address":"39 Beach Lagoon Rd","lat":30.555528416856756,"lng":-81.4431532343988,"city_fetched":"Jacksonville","state":"FL","country":"United States","canonicalUrl":"https://foursquare.com/v/oceanside-at-omni-amelia-island-plantation-and-resort/514661d7e4b0a3e604525ef1","category":"Cocktail Bar","checkinsCount":224,"usersCount":167,"tipCount":5,"visitsCount":231,"url":"http://www.villasofameliaisland.com/dine-here/oceanside","tier":"","message":"","currency":"","rating":7.2},{"name":"Silver Cow","phone":"9045865885","twitter":"silvercowjax","address":"1506 King St","lat":30.31037495639661,"lng":-81.69352054595947,"neighborhood":"Riverside","city_fetched":"Jacksonville","state":"FL","country":"United States","canonicalUrl":"https://foursquare.com/v/silver-cow/526d0201498e4c0e337ca4d5","category":"Lounge","checkinsCount":686,"usersCount":226,"tipCount":10,"visitsCount":731,"url":"http://silvercowjax.com","tier":2,"message":"Moderate","currency":"$","rating":7.1},{"name":"Rackem up billiards II","phone":"9042624030","address":"4268 Oldfield Crossing Dr","lat":30.16566930078253,"lng":-81.60304315459166,"neighborhood":"Loretto","city_fetched":"Jacksonville","state":"FL","country":"United States","canonicalUrl":"https://foursquare.com/v/rackem-up-billiards-ii/4bcd14f9b6c49c74e5ff9491","category":"Pool Hall","checkinsCount":4585,"usersCount":532,"tipCount":22,"visitsCount":4686,"tier":"","message":"","currency":"","rating":7.1},{"name":"TGI Fridays","phone":"9049978700","twitter":"tgifridays","address":"4409 Southside Blvd","lat":30.26634625,"lng":-81.55758325,"neighborhood":"Southeast Jacksonville","city_fetched":"Jacksonville","state":"FL","country":"United States","canonicalUrl":"https://foursquare.com/v/tgi-fridays/4d6862690a25b60c13111790","category":"American Restaurant","checkinsCount":2614,"usersCount":1610,"tipCount":21,"visitsCount":2950,"url":"http://tgifridays.com","tier":2,"message":"Moderate","currency":"$","rating":7.1},{"name":"The Pub","phone":"9049921349","address":"13799 Beach Blvd Unit 101","lat":30.28823737922366,"lng":-81.45240605973021,"neighborhood":"Greater Arlington","city_fetched":"Jacksonville","state":"FL","country":"United States","canonicalUrl":"https://foursquare.com/v/the-pub/4c1da9edb9f876b07f147e46","category":"Bar","checkinsCount":3106,"usersCount":475,"tipCount":6,"visitsCount":3364,"tier":"","message":"","currency":"","rating":7.1},{"name":"St Nick's Lounge","lat":30.305280791054994,"lng":-81.63364474508826,"neighborhood":"St. Nicholas","city_fetched":"Jacksonville","state":"FL","country":"United States","canonicalUrl":"https://foursquare.com/v/st-nicks-lounge/4b5a770cf964a520c8c628e3","category":"Lounge","checkinsCount":316,"usersCount":129,"tipCount":4,"visitsCount":337,"tier":"","message":"","currency":"","rating":7.1},{"name":"Bankshots Billiards","phone":"9049982100","address":"11000 Beach Blvd","lat":30.285562425937663,"lng":-81.53278553704513,"neighborhood":"Southeast Jacksonville","city_fetched":"Jacksonville","state":"FL","country":"United States","canonicalUrl":"https://foursquare.com/v/bankshots-billiards/4bc3b75a4cdfc9b6f3cd9721","category":"Pool Hall","checkinsCount":1724,"usersCount":465,"tipCount":7,"visitsCount":1887,"url":"http://www.playatbankshots.com","tier":"","message":"","currency":"","rating":7},{"name":"Whiskey Jax","phone":"9046347208","twitter":"whiskeyjaxfl","address":"10915 Baymeadows Rd","lat":30.217284494797774,"lng":-81.51704768488072,"neighborhood":"Deerwood","city_fetched":"Jacksonville","state":"FL","country":"United States","canonicalUrl":"https://foursquare.com/v/whiskey-jax/541f16bc498e2b7ff8ba6a4b","category":"Gastropub","checkinsCount":407,"usersCount":421,"tipCount":6,"visitsCount":855,"url":"http://whiskeyjax.com","tier":"","message":"","currency":"","rating":7},{"name":"The Norm","phone":"9043849929","twitter":"normjax","address":"2952 Old Roosevelt Blvd","lat":30.313678299174796,"lng":-81.70341189554816,"neighborhood":"Riverside","city_fetched":"Jacksonville","state":"FL","country":"United States","canonicalUrl":"https://foursquare.com/v/the-norm/4cda25dc6ad1a093a4afe456","category":"Gay Bar","checkinsCount":4034,"usersCount":441,"tipCount":13,"visitsCount":4119,"url":"http://www.thenewnormjax.com","tier":1,"message":"Cheap","currency":"$","rating":7},{"name":"Kala","twitter":"kalabarjax","address":"331 E Bay St","lat":30.325412436567927,"lng":-81.65348785228493,"neighborhood":"Downtown Jacksonville","city_fetched":"Jacksonville","state":"FL","country":"United States","canonicalUrl":"https://foursquare.com/kalabarjax","category":"Bar","checkinsCount":254,"usersCount":143,"tipCount":3,"visitsCount":254,"tier":"","message":"","currency":"","rating":7},{"name":"The Brix Taphouse","phone":"9042414668","twitter":"brixtaphouse","address":"300 2nd St N","lat":30.291274338342443,"lng":-81.39135360717773,"neighborhood":"Beaches","city_fetched":"Jacksonville","state":"FL","country":"United States","canonicalUrl":"https://foursquare.com/v/the-brix-taphouse/4b5a5c24f964a520f8bf28e3","category":"Bar","checkinsCount":7915,"usersCount":2928,"tipCount":29,"visitsCount":8535,"url":"http://jacksonvillebeachbar.com","tier":2,"message":"Moderate","currency":"$","rating":7},{"name":"Incahoots Night Club","phone":"9043536316","address":"711 Edison Ave","lat":30.32132232320159,"lng":-81.67575359344482,"city_fetched":"Jacksonville","state":"FL","country":"United States","canonicalUrl":"https://foursquare.com/v/incahoots-night-club/4b6d06bff964a520a3632ce3","category":"Gay Bar","checkinsCount":5080,"usersCount":1156,"tipCount":18,"visitsCount":5631,"url":"http://www.incahootsjax.com","tier":"","message":"","currency":"","rating":7},{"name":"Murray's Tavern","phone":"9047788675","address":"4535 120th St","lat":30.232433080673218,"lng":-81.699937,"city_fetched":"Jacksonville","state":"FL","country":"United States","canonicalUrl":"https://foursquare.com/v/murrays-tavern/4d29fb39467d6ea8e93bd495","category":"Dive Bar","checkinsCount":722,"usersCount":102,"tipCount":10,"visitsCount":722,"tier":"","message":"","currency":"","rating":7},{"name":"My Place Bar & Grill","phone":"9047375299","address":"9550 Baymeadows Rd","lat":30.219764639804456,"lng":-81.56003096704643,"neighborhood":"Southeast Jacksonville","city_fetched":"Jacksonville","state":"FL","country":"United States","canonicalUrl":"https://foursquare.com/v/my-place-bar--grill/4b5c6934f964a5208d2e29e3","category":"Bar","checkinsCount":1019,"usersCount":453,"tipCount":7,"visitsCount":1072,"tier":"","message":"","currency":"","rating":7},{"name":"Sticky Fingers Smokehouse","phone":"9043097427","twitter":"stickyfingers","address":"13150 City Station Dr","lat":30.476772486980206,"lng":-81.64308278448519,"neighborhood":"Northside","city_fetched":"Jacksonville","state":"FL","country":"United States","canonicalUrl":"https://foursquare.com/v/sticky-fingers-smokehouse/4ba3f48af964a520357138e3","category":"BBQ Joint","checkinsCount":1367,"usersCount":1071,"tipCount":30,"visitsCount":1424,"url":"http://stickyfingers.com","tier":3,"message":"Expensive","currency":"$","rating":7},{"name":"Habibi Mediterranean Hookah Bar & Lounge","address":"314 1st St N","lat":30.291605349020784,"lng":-81.39028053387202,"neighborhood":"Beaches","city_fetched":"Jacksonville","state":"FL","country":"United States","canonicalUrl":"https://foursquare.com/v/habibi-mediterranean-hookah-bar--lounge/51911406498e9443b4ce20e3","category":"Mediterranean Restaurant","checkinsCount":644,"usersCount":305,"tipCount":8,"visitsCount":710,"url":"http://habibibarandhookah.com","tier":"","message":"","currency":"","rating":6.9}]