[{"name":"Bell's Eccentric Cafe & General Store","phone":"2693822332","twitter":"bellsbrewery","address":"355 E Kalamazoo Ave","lat":42.29511569855211,"lng":-85.57878613471985,"neighborhood":"Central Business District","city_fetched":"Kalamazoo","state":"MI","country":"United States","canonicalUrl":"https://foursquare.com/v/bells-eccentric-cafe--general-store/4a8f8efcf964a520761520e3","category":"Brewery","checkinsCount":18041,"usersCount":9656,"tipCount":135,"visitsCount":21149,"url":"http://bellsbeer.com","tier":2,"message":"Moderate","currency":"$","rating":9.4},{"name":"Arcadia Brewing Company Kalamazoo","phone":"2693431925","twitter":"arcadiaales","address":"701 E Michigan Ave","lat":42.295193371856925,"lng":-85.57161960986647,"city_fetched":"Kalamazoo","state":"MI","country":"United States","canonicalUrl":"https://foursquare.com/v/arcadia-brewing-company-kalamazoo/534ed62d11d2d11c601da928","category":"Brewery","checkinsCount":1695,"usersCount":1466,"tipCount":21,"visitsCount":2791,"url":"http://arcadiaales.com","tier":2,"message":"Moderate","currency":"$","rating":9},{"name":"Kalamazoo Beer Exchange","phone":"2695321188","twitter":"thebeerexchange","address":"211 E Water St","lat":42.29376999121595,"lng":-85.58038896119251,"neighborhood":"Central Business District","city_fetched":"Kalamazoo","state":"MI","country":"United States","canonicalUrl":"https://foursquare.com/v/kalamazoo-beer-exchange/4c57279c15a39c74e1313eb9","category":"Gastropub","checkinsCount":10501,"usersCount":5366,"tipCount":65,"visitsCount":12031,"url":"http://www.kalamazoobeerexchange.com","tier":2,"message":"Moderate","currency":"$","rating":9},{"name":"Gonzo's BiggDogg Brewing","phone":"2692170603","twitter":"gonzosbiggdogg","address":"140 S Westnedge Ave","lat":42.29088963875486,"lng":-85.58998167514801,"neighborhood":"Central Business District","city_fetched":"Kalamazoo","state":"MI","country":"United States","canonicalUrl":"https://foursquare.com/v/gonzos-biggdogg-brewing/511305fee4b05a03949e7523","category":"Brewery","checkinsCount":1811,"usersCount":1364,"tipCount":33,"visitsCount":2568,"url":"http://www.gonzosbiggdoggbrewing.com","tier":2,"message":"Moderate","currency":"$","rating":8.9},{"name":"The Wine Loft","phone":"2693439227","twitter":"wineloftwmich","address":"161 E Michigan Ave","lat":42.29180233295264,"lng":-85.5818384885788,"neighborhood":"Central Business District","city_fetched":"Kalamazoo","state":"MI","country":"United States","canonicalUrl":"https://foursquare.com/v/the-wine-loft/4b6e2cb6f964a520adaf2ce3","category":"Wine Bar","checkinsCount":2673,"usersCount":1143,"tipCount":15,"visitsCount":2741,"url":"http://thewineloftkalamazoo.com","tier":2,"message":"Moderate","currency":"$","rating":8.9},{"name":"One Well Brewing","phone":"2694599240","twitter":"onewellbrewing","address":"4213 Portage St","lat":42.24862337529579,"lng":-85.55916197911544,"city_fetched":"Kalamazoo","state":"MI","country":"United States","canonicalUrl":"https://foursquare.com/v/one-well-brewing/5474029c498e837edeff007e","category":"Brewery","checkinsCount":575,"usersCount":524,"tipCount":6,"visitsCount":1069,"url":"http://onewellbrewing.com","tier":"","message":"","currency":"","rating":8.7},{"name":"Sky|Deck","phone":"2693846044","twitter":"the_skydeck","address":"300 E Michigan Ave Fl 6","lat":42.2923,"lng":-85.57998718333333,"neighborhood":"Central Business District","city_fetched":"Kalamazoo","state":"MI","country":"United States","canonicalUrl":"https://foursquare.com/v/skydeck/4bda24c4c79cc92826bc7de9","category":"Bar","checkinsCount":1893,"usersCount":1014,"tipCount":7,"visitsCount":1900,"url":"http://skydeck.co","tier":"","message":"","currency":"","rating":8.5},{"name":"Louie's Trophy House Grill","phone":"2693859359","address":"440 E North St","lat":42.297887284260455,"lng":-85.57688444852829,"neighborhood":"Northside","city_fetched":"Kalamazoo","state":"MI","country":"United States","canonicalUrl":"https://foursquare.com/v/louies-trophy-house-grill/4bb6a7b52f70c9b674d18530","category":"Bar","checkinsCount":2504,"usersCount":914,"tipCount":22,"visitsCount":3013,"url":"http://louieskzoo.com","tier":1,"message":"Cheap","currency":"$","rating":8.5},{"name":"Bilbo's Pizza In A Pan","phone":"2693825544","address":"3307 Stadium Dr","lat":42.27124298457224,"lng":-85.629979,"neighborhood":"Oakland-Winchell","city_fetched":"Kalamazoo","state":"MI","country":"United States","canonicalUrl":"https://foursquare.com/v/bilbos-pizza-in-a-pan/4b0c3d4ef964a520843923e3","category":"Pizza Place","checkinsCount":2853,"usersCount":1550,"tipCount":35,"visitsCount":2992,"url":"http://www.bilbospizza.com","tier":2,"message":"Moderate","currency":"$","rating":8.3},{"name":"Main St. Pub","phone":"2693429710","address":"4514 W Main St","lat":42.29685762564302,"lng":-85.6452888250351,"city_fetched":"Kalamazoo","state":"MI","country":"United States","canonicalUrl":"https://foursquare.com/v/main-st-pub/4b743b0af964a52092ce2de3","category":"Pub","checkinsCount":4251,"usersCount":1585,"tipCount":31,"visitsCount":4484,"url":"http://mainstpub.com","tier":2,"message":"Moderate","currency":"$","rating":8.3},{"name":"Tibbs Brewing Company","phone":"8777627397","twitter":"tibbsbrewing","address":"402 S Burdick St","lat":42.28858006653697,"lng":-85.58320641517639,"neighborhood":"Central Business District","city_fetched":"Kalamazoo","state":"MI","country":"United States","canonicalUrl":"https://foursquare.com/v/tibbs-brewing-company/51c72cb7498ec34c57d3d487","category":"Brewery","checkinsCount":672,"usersCount":533,"tipCount":9,"visitsCount":883,"url":"http://tibbsbrewing.com","tier":1,"message":"Cheap","currency":"$","rating":8.3},{"name":"BraVo! Restaurant & Cafe","phone":"2693447700","address":"5402 Portage Rd","lat":42.23890378250007,"lng":-85.56057393550873,"city_fetched":"Kalamazoo","state":"MI","country":"United States","canonicalUrl":"https://foursquare.com/v/bravo-restaurant--cafe/4b96a835f964a520f7db34e3","category":"Italian Restaurant","checkinsCount":759,"usersCount":574,"tipCount":20,"visitsCount":852,"url":"http://www.bravokalamazoo.com","tier":3,"message":"Expensive","currency":"$","rating":8.3},{"name":"University Roadhouse","phone":"2693457990","address":"1332 W Michigan Ave","lat":42.28682005216177,"lng":-85.60395866632462,"neighborhood":"West Main HIll","city_fetched":"Kalamazoo","state":"MI","country":"United States","canonicalUrl":"https://foursquare.com/v/university-roadhouse/4b4d279ff964a520d2cc26e3","category":"American Restaurant","checkinsCount":7017,"usersCount":2612,"tipCount":27,"visitsCount":7751,"url":"http://www.universityroadhouse.com","tier":2,"message":"Moderate","currency":"$","rating":8.2},{"name":"Principle","address":"230 S Kalamazoo Mall","lat":42.290231076439696,"lng":-85.58329067054363,"neighborhood":"Central Business District","city_fetched":"Kalamazoo","state":"MI","country":"United States","canonicalUrl":"https://foursquare.com/v/principle/55e78892498ede65f9cecfa6","category":"Gastropub","checkinsCount":162,"usersCount":110,"tipCount":2,"visitsCount":189,"url":"http://principlekzoo.com","tier":"","message":"","currency":"","rating":8.2},{"name":"O'Duffy's Pub","phone":"2693819771","address":"804 W Vine St","lat":42.28424244518969,"lng":-85.59351280331612,"neighborhood":"Vine","city_fetched":"Kalamazoo","state":"MI","country":"United States","canonicalUrl":"https://foursquare.com/v/oduffys-pub/4b592854f964a5206d7f28e3","category":"Pub","checkinsCount":1167,"usersCount":587,"tipCount":16,"visitsCount":1283,"url":"http://www.oduffyspub.com","tier":3,"message":"Expensive","currency":"$","rating":8.1},{"name":"Shakespeare's Pub","phone":"2694887782","twitter":"shakespub","address":"241 E Kalamazoo Ave","lat":42.29488196313654,"lng":-85.58070499230242,"neighborhood":"Central Business District","city_fetched":"Kalamazoo","state":"MI","country":"United States","canonicalUrl":"https://foursquare.com/v/shakespeares-pub/4b312085f964a520b60025e3","category":"Pub","checkinsCount":13296,"usersCount":4153,"tipCount":59,"visitsCount":14729,"url":"http://shakespearespub.com","tier":2,"message":"Moderate","currency":"$","rating":8.1},{"name":"Central City Tap House","phone":"2694920100","twitter":"cctaphouse","address":"359 S Kalamazoo Mall","lat":42.289142,"lng":-85.58301197857654,"neighborhood":"Central Business District","city_fetched":"Kalamazoo","state":"MI","country":"United States","canonicalUrl":"https://foursquare.com/v/central-city-tap-house/4c51f5f8048b1b8dac31ca2f","category":"Pub","checkinsCount":4254,"usersCount":1547,"tipCount":43,"visitsCount":4532,"url":"http://www.millenniumrestaurants.com/taphouse/","tier":2,"message":"Moderate","currency":"$","rating":8.1},{"name":"Green Top Tavern","phone":"2693821332","address":"250 E Michigan Ave.","lat":42.292199576431976,"lng":-85.58086422386242,"neighborhood":"Central Business District","city_fetched":"Kalamazoo","state":"MI","country":"United States","canonicalUrl":"https://foursquare.com/v/green-top-tavern/4b899a21f964a5204c4532e3","category":"Dive Bar","checkinsCount":2171,"usersCount":932,"tipCount":15,"visitsCount":2336,"url":"http://greentoptavern.com","tier":1,"message":"Cheap","currency":"$","rating":8.1},{"name":"Old Dog Tavern","phone":"2693815677","address":"402 E Kalamazoo Ave","lat":42.294342,"lng":-85.57814240455627,"neighborhood":"Central Business District","city_fetched":"Kalamazoo","state":"MI","country":"United States","canonicalUrl":"https://foursquare.com/v/old-dog-tavern/4b9ad6cbf964a520dfda35e3","category":"Bar","checkinsCount":2427,"usersCount":1208,"tipCount":25,"visitsCount":2730,"url":"http://olddogtavern.com","tier":1,"message":"Cheap","currency":"$","rating":8.1},{"name":"Angels Gentlemens Club","phone":"2693442162","twitter":"angels_kzoo","address":"3215 King Hwy","lat":42.28621095239943,"lng":-85.54012571361808,"city_fetched":"Kalamazoo","state":"MI","country":"United States","canonicalUrl":"https://foursquare.com/angels_kzoo","category":"Strip Club","checkinsCount":1025,"usersCount":365,"tipCount":2,"visitsCount":1408,"url":"http://www.angelskzoo.com","tier":"","message":"","currency":"","rating":8},{"name":"Home Bar","phone":"2693453752","address":"592 Portage St","lat":42.286113203817756,"lng":-85.57604617038632,"neighborhood":"Central Business District","city_fetched":"Kalamazoo","state":"MI","country":"United States","canonicalUrl":"https://foursquare.com/v/home-bar/4c4744945438b713d714b77b","category":"Bar","checkinsCount":397,"usersCount":163,"tipCount":5,"visitsCount":463,"tier":"","message":"","currency":"","rating":7.9},{"name":"The Mix","phone":"2693821300","address":"2804 W Michigan Ave","lat":42.282546,"lng":-85.623621,"city_fetched":"Kalamazoo","state":"MI","country":"United States","canonicalUrl":"https://foursquare.com/v/the-mix/52200e15498edd74bda1ee8e","category":"Nightclub","checkinsCount":240,"usersCount":117,"tipCount":3,"visitsCount":251,"url":"http://themixkzoo.wix.com","tier":"","message":"","currency":"","rating":7.8},{"name":"The Gatsby","phone":"2692901900","twitter":"thegatsbykzoo","address":"310 E Michigan Ave","lat":42.292324,"lng":-85.57985365390778,"neighborhood":"Central Business District","city_fetched":"Kalamazoo","state":"MI","country":"United States","canonicalUrl":"https://foursquare.com/v/the-gatsby/4e67d4d9d16433b90084486a","category":"Cocktail Bar","checkinsCount":1695,"usersCount":763,"tipCount":14,"visitsCount":1701,"url":"http://www.thegatsby.biz","tier":"","message":"","currency":"","rating":7.8},{"name":"Metro Night Club","phone":"2692769240","address":"411 N Westnedge Ave","lat":42.29502165861942,"lng":-85.59046386944948,"neighborhood":"Northside","city_fetched":"Kalamazoo","state":"MI","country":"United States","canonicalUrl":"https://foursquare.com/v/metro-night-club/4f49b232e4b0458781ccd4e3","category":"Gay Bar","checkinsCount":312,"usersCount":151,"tipCount":5,"visitsCount":363,"url":"http://metrokzoo.com","tier":"","message":"","currency":"","rating":7.8},{"name":"Blaze Hookah Lounge","phone":"2693816046","address":"2728 W Michigan Ave","lat":42.28284726320016,"lng":-85.62360982880674,"city_fetched":"Kalamazoo","state":"MI","country":"United States","canonicalUrl":"https://foursquare.com/v/blaze-hookah-lounge/4b9c400ff964a520f65836e3","category":"Hookah Bar","checkinsCount":1227,"usersCount":449,"tipCount":13,"visitsCount":1258,"url":"http://kalamazoohookahlounge.com","tier":1,"message":"Cheap","currency":"$","rating":7.7},{"name":"Old Chicago","phone":"2693441111","address":"5314 S Westnedge Ave","lat":42.239837087008844,"lng":-85.59027671813965,"city_fetched":"Kalamazoo","state":"MI","country":"United States","canonicalUrl":"https://foursquare.com/v/old-chicago/4dd54158d4c0e6b33e4eba96","category":"Pizza Place","checkinsCount":6604,"usersCount":1864,"tipCount":44,"visitsCount":7085,"url":"http://oldchicago.com","tier":2,"message":"Moderate","currency":"$","rating":7.6},{"name":"Zazios","phone":"2693842650","twitter":"zazios","address":"100 W Michigan Ave","lat":42.292068170621626,"lng":-85.58364232035628,"neighborhood":"Central Business District","city_fetched":"Kalamazoo","state":"MI","country":"United States","canonicalUrl":"https://foursquare.com/v/zazios/4b83de7ff964a5206e1431e3","category":"Italian Restaurant","checkinsCount":1502,"usersCount":822,"tipCount":23,"visitsCount":1507,"url":"http://www.zazios.com","tier":3,"message":"Expensive","currency":"$","rating":7.6},{"name":"Potter's","phone":"2693853922","address":"3600 Cork Street Ct","lat":42.25850365911481,"lng":-85.53489169385642,"city_fetched":"Kalamazoo","state":"MI","country":"United States","canonicalUrl":"https://foursquare.com/v/potters/4f908a7ae4b0d2203e1b4a1b","category":"Hotel Bar","checkinsCount":178,"usersCount":70,"tipCount":4,"visitsCount":178,"tier":"","message":"","currency":"","rating":7.5},{"name":"C J's Pub","phone":"2693420270","address":"1027 Schuster Ave","lat":42.28106693667943,"lng":-85.5531406745518,"neighborhood":"Edison","city_fetched":"Kalamazoo","state":"MI","country":"United States","canonicalUrl":"https://foursquare.com/v/c-js-pub/4c4a3c09f7cc1b8dec6d173e","category":"Pub","checkinsCount":2438,"usersCount":257,"tipCount":4,"visitsCount":2674,"tier":"","message":"","currency":"","rating":7.5},{"name":"The Entertainment District","twitter":"entdistrictkzoo","address":"310 East Michigan Ave.","lat":42.29184995141736,"lng":-85.5794620513916,"neighborhood":"Central Business District","city_fetched":"Kalamazoo","state":"MI","country":"United States","canonicalUrl":"https://foursquare.com/v/the-entertainment-district/4d8c25b85ca68cfaeaeb1a9d","category":"Music Venue","checkinsCount":1557,"usersCount":348,"tipCount":1,"visitsCount":1557,"url":"http://www.entertainmentdistrict.co","tier":"","message":"","currency":"","rating":7.4},{"name":"London Grill","phone":"2693819212","address":"214 E Michigan Ave","lat":42.291797,"lng":-85.58151900323544,"neighborhood":"Central Business District","city_fetched":"Kalamazoo","state":"MI","country":"United States","canonicalUrl":"https://foursquare.com/v/london-grill/4ba197c6f964a520bdc237e3","category":"Pub","checkinsCount":977,"usersCount":522,"tipCount":14,"visitsCount":1001,"url":"http://www.london-grill.com","tier":3,"message":"Expensive","currency":"$","rating":7.4},{"name":"Harvey's on the Mall","phone":"2694927506","twitter":"harveys_kzoo","address":"416 S Burdick St","lat":42.2881711,"lng":-85.5833088,"neighborhood":"Vine","city_fetched":"Kalamazoo","state":"MI","country":"United States","canonicalUrl":"https://foursquare.com/v/harveys-on-the-mall/4b3009f8f964a520e7f424e3","category":"Bar","checkinsCount":8295,"usersCount":2179,"tipCount":29,"visitsCount":8533,"url":"http://harveyskazoo.com","tier":2,"message":"Moderate","currency":"$","rating":7.4},{"name":"District Square","phone":"2699788451","twitter":"reedycorp","address":"139 S Edwards St","lat":42.29211582051696,"lng":-85.57913482189178,"neighborhood":"Central Business District","city_fetched":"Kalamazoo","state":"MI","country":"United States","canonicalUrl":"https://foursquare.com/v/district-square/4c35d9fb4308b713aeccc430","category":"Bar","checkinsCount":1299,"usersCount":642,"tipCount":3,"visitsCount":1334,"url":"http://districtsquare.co","tier":"","message":"","currency":"","rating":7.4},{"name":"Nob Hill Bar & Grill","phone":"2693492965","address":"4218 S Sprinkle Rd","lat":42.248851700720955,"lng":-85.53161144256592,"city_fetched":"Kalamazoo","state":"MI","country":"United States","canonicalUrl":"https://foursquare.com/v/nob-hill-bar--grill/4bbbf230e5b0d13a7dcc6e7c","category":"Dive Bar","checkinsCount":1588,"usersCount":365,"tipCount":8,"visitsCount":1717,"url":"http://nobhillbarandgrill.com","tier":1,"message":"Cheap","currency":"$","rating":7.4},{"name":"Olde Peninsula Brewpub & Restaurant","phone":"2693432739","twitter":"opbrewerdan","address":"200 E Michigan Ave","lat":42.29161288542541,"lng":-85.5816579804319,"neighborhood":"Central Business District","city_fetched":"Kalamazoo","state":"MI","country":"United States","canonicalUrl":"https://foursquare.com/v/olde-peninsula-brewpub--restaurant/4b50bc7bf964a520093027e3","category":"Brewery","checkinsCount":5556,"usersCount":2961,"tipCount":53,"visitsCount":5651,"url":"http://oldepenkazoo.com","tier":2,"message":"Moderate","currency":"$","rating":7.4},{"name":"Brewster's Junction","phone":"2693440600","address":"5315 Portage Rd","lat":42.24264883161783,"lng":-85.55953860282898,"city_fetched":"Kalamazoo","state":"MI","country":"United States","canonicalUrl":"https://foursquare.com/v/brewsters-junction/4b888e06f964a520600032e3","category":"Sports Bar","checkinsCount":3416,"usersCount":1087,"tipCount":21,"visitsCount":3880,"url":"http://www.brewstersfoodandspirits.com","tier":"","message":"","currency":"","rating":7.3},{"name":"Boatyard Brewing Company","phone":"2698083455","twitter":"boatyardbrewing","address":"432 E Paterson St","lat":42.30318084447184,"lng":-85.57768431553643,"neighborhood":"Northside","city_fetched":"Kalamazoo","state":"MI","country":"United States","canonicalUrl":"https://foursquare.com/v/boatyard-brewing-company/50d88e51e4b0feaa598cb936","category":"Brewery","checkinsCount":502,"usersCount":402,"tipCount":11,"visitsCount":789,"url":"http://boatyardbrewing.com","tier":"","message":"","currency":"","rating":7.3},{"name":"Monaco Bay Piano Bar & Grill","phone":"2693846044","twitter":"monaco_bay","address":"300 E Michigan Ave","lat":42.292261,"lng":-85.58019,"neighborhood":"Central Business District","city_fetched":"Kalamazoo","state":"MI","country":"United States","canonicalUrl":"https://foursquare.com/v/monaco-bay-piano-bar--grill/4b77700df964a5206c9a2ee3","category":"Piano Bar","checkinsCount":4292,"usersCount":1694,"tipCount":13,"visitsCount":4329,"url":"http://www.monacobay.biz","tier":"","message":"","currency":"","rating":7.1},{"name":"Bilbo's Pizza In A Pan","phone":"2693238855","address":"6202 S Westnedge Ave","lat":42.227391229858036,"lng":-85.59006482362746,"city_fetched":"Kalamazoo","state":"MI","country":"United States","canonicalUrl":"https://foursquare.com/v/bilbos-pizza-in-a-pan/4ba57059f964a520260739e3","category":"Pizza Place","checkinsCount":1347,"usersCount":740,"tipCount":17,"visitsCount":1371,"url":"http://www.bilbospizza.com","tier":"","message":"","currency":"","rating":7.1},{"name":"The 411 Club","phone":"2692769240","address":"411 N Westnedge Ave","lat":42.295095858558305,"lng":-85.59018284082413,"neighborhood":"Northside","city_fetched":"Kalamazoo","state":"MI","country":"United States","canonicalUrl":"https://foursquare.com/v/the-411-club/4c33d110a0ced13a664f176e","category":"Jazz Club","checkinsCount":656,"usersCount":232,"tipCount":11,"visitsCount":676,"tier":"","message":"","currency":"","rating":7},{"name":"Old Burdick's Downtown","phone":"2693430032","twitter":"oldburdicks","address":"100 W Michigan Ave","lat":42.291940822644236,"lng":-85.58344137788913,"neighborhood":"Central Business District","city_fetched":"Kalamazoo","state":"MI","country":"United States","canonicalUrl":"https://foursquare.com/v/old-burdicks-downtown/4b298066f964a520f19f24e3","category":"Hotel Bar","checkinsCount":7601,"usersCount":3395,"tipCount":44,"visitsCount":7947,"url":"https://www.oldburdicks.com","tier":2,"message":"Moderate","currency":"$","rating":7},{"name":"Fletcher's Pub Oakland Drive","phone":"2693425208","twitter":"fletchersoakdr","address":"3013 Oakland Dr","lat":42.26115040070033,"lng":-85.61226546764374,"neighborhood":"Oakland-Winchell","city_fetched":"Kalamazoo","state":"MI","country":"United States","canonicalUrl":"https://foursquare.com/v/fletchers-pub-oakland-drive/4b80a138f964a520298230e3","category":"Sports Bar","checkinsCount":2614,"usersCount":542,"tipCount":12,"visitsCount":2680,"url":"http://www.fletcherspub.com","tier":"","message":"","currency":"","rating":7},{"name":"Duck Inn Waddle Out","phone":"2693424447","address":"3214 Brookfield Ave","lat":42.27949444622346,"lng":-85.5403469289627,"city_fetched":"Kalamazoo","state":"MI","country":"United States","canonicalUrl":"https://foursquare.com/v/duck-inn-waddle-out/4ba6e964f964a520147739e3","category":"Dive Bar","checkinsCount":1184,"usersCount":172,"tipCount":3,"visitsCount":1258,"tier":"","message":"","currency":"","rating":6.9}]