[{"name":"Cunninghams Bar","phone":"3082369737","address":"1-99 W 23rd St","lat":40.69888868885395,"lng":-99.08248013974801,"city_fetched":"Kearney","state":"NE","country":"United States","canonicalUrl":"https://foursquare.com/v/cunninghams-bar/4c54e56e728920a1b96b7883","category":"Bar","checkinsCount":1451,"usersCount":634,"tipCount":13,"visitsCount":1883,"url":"http://www.kearneyafterdark.com","tier":2,"message":"Moderate","currency":"$","rating":7.9},{"name":"The Platte Valley","phone":"3082370751","twitter":"theplattevalley","address":"14 E Railroad St","lat":40.695563507043275,"lng":-99.08092474715194,"city_fetched":"Kearney","state":"NE","country":"United States","canonicalUrl":"https://foursquare.com/v/the-platte-valley/4d0012d72685a35d49bdc690","category":"Bar","checkinsCount":297,"usersCount":125,"tipCount":6,"visitsCount":318,"url":"http://www.theplattevalley.com","tier":"","message":"","currency":"","rating":7.9},{"name":"Big Apple Fun Center","phone":"3082344545","address":"500 W 4th St","lat":40.67778269010255,"lng":-99.08918271734912,"city_fetched":"Kearney","state":"NE","country":"United States","canonicalUrl":"https://foursquare.com/v/big-apple-fun-center/4bb7efe6b35776b05d6ec801","category":"Bowling Alley","checkinsCount":1901,"usersCount":514,"tipCount":6,"visitsCount":2051,"url":"http://www.bigapplefuncenter.com","tier":"","message":"","currency":"","rating":7.8},{"name":"Lumberg's","phone":"3082375950","address":"14 E 21st St","lat":40.6967710031045,"lng":-99.0810273589212,"city_fetched":"Kearney","state":"NE","country":"United States","canonicalUrl":"https://foursquare.com/v/lumbergs/4cd6251589eb6dcb38e02d1e","category":"Bar","checkinsCount":410,"usersCount":126,"tipCount":7,"visitsCount":429,"tier":"","message":"","currency":"","rating":7.7},{"name":"Thunderhead Brewing Company","phone":"3082371558","address":"18 E 21st St","lat":40.69676072979698,"lng":-99.08084373795388,"city_fetched":"Kearney","state":"NE","country":"United States","canonicalUrl":"https://foursquare.com/v/thunderhead-brewing-company/4ba00658f964a520535337e3","category":"Brewery","checkinsCount":1587,"usersCount":799,"tipCount":25,"visitsCount":1886,"url":"http://thunderheadbrewing.com","tier":1,"message":"Cheap","currency":"$","rating":7.7},{"name":"Alley Rose","phone":"3082341261","address":"2013 Central Ave","lat":40.69581091403961,"lng":-99.081574,"city_fetched":"Kearney","state":"NE","country":"United States","canonicalUrl":"https://foursquare.com/v/alley-rose/4b4fbe46f964a5209c1327e3","category":"Steakhouse","checkinsCount":430,"usersCount":286,"tipCount":14,"visitsCount":511,"url":"http://www.alleyrose.com","tier":2,"message":"Moderate","currency":"$","rating":7.5},{"name":"Chicken Coop Sports Bar & Grill","phone":"3083388500","address":"2115 A Ave","lat":40.69703285,"lng":-99.08000707626343,"city_fetched":"Kearney","state":"NE","country":"United States","canonicalUrl":"https://foursquare.com/v/chicken-coop-sports-bar--grill/4be823dae1b395212e2e21c1","category":"Sports Bar","checkinsCount":607,"usersCount":323,"tipCount":8,"visitsCount":706,"url":"http://chickencoopsportsbar.com","tier":1,"message":"Cheap","currency":"$","rating":7.4},{"name":"The Dome Lounge","address":"2301-2399 Ave K","lat":40.699451,"lng":-99.067824,"city_fetched":"Kearney","state":"NE","country":"United States","canonicalUrl":"https://foursquare.com/v/the-dome-lounge/4dd7b1f37d8b322663f554ee","category":"Bar","checkinsCount":313,"usersCount":78,"tipCount":4,"visitsCount":339,"tier":"","message":"","currency":"","rating":7.2},{"name":"Shooters","phone":"3082377770","address":"2023 1st Ave","lat":40.69612,"lng":-99.08274898,"city_fetched":"Kearney","state":"NE","country":"United States","canonicalUrl":"https://foursquare.com/v/shooters/4b62414bf964a520ce3e2ae3","category":"Bar","checkinsCount":358,"usersCount":179,"tipCount":2,"visitsCount":411,"tier":"","message":"","currency":"","rating":6.9},{"name":"Fanatics Sports Bar","phone":"3082330030","address":"2021 Central Ave","lat":40.696021513742124,"lng":-99.0813784001852,"city_fetched":"Kearney","state":"NE","country":"United States","canonicalUrl":"https://foursquare.com/v/fanatics-sports-bar/4cdeef18825e721ee5a26d45","category":"Sports Bar","checkinsCount":403,"usersCount":162,"tipCount":8,"visitsCount":423,"tier":2,"message":"Moderate","currency":"$","rating":6.4},{"name":"The Elephants Eye","phone":"3082373141","address":"in the ramada hotel","lat":40.676720200501336,"lng":-99.08379792670888,"city_fetched":"Kearney","state":"NE","country":"United States","canonicalUrl":"https://foursquare.com/v/the-elephants-eye/4df43a5a62e1288ed3070310","category":"Bar","checkinsCount":178,"usersCount":122,"tipCount":5,"visitsCount":178,"tier":"","message":"","currency":"","rating":5.5}]