[{"name":"Twigs","phone":"5097353411","address":"1321 N. Columbia Center Blvd.","lat":46.22666622177068,"lng":-119.22587908982139,"city_fetched":"Kennewick","state":"WA","country":"United States","canonicalUrl":"https://foursquare.com/v/twigs/4e8bc8062c5b6d0b18965c36","category":"Cocktail Bar","checkinsCount":1461,"usersCount":599,"tipCount":18,"visitsCount":1666,"url":"http://www.twigsbistro.com/twigs-bistro-kennewick-location","tier":2,"message":"Moderate","currency":"$","rating":8.7},{"name":"Ice Harbor Brewing Co.","phone":"5095863181","address":"350 Clover Island Dr","lat":46.21707872901682,"lng":-119.11124678456346,"city_fetched":"Kennewick","state":"WA","country":"United States","canonicalUrl":"https://foursquare.com/v/ice-harbor-brewing-co/4ccba75ac0378cfaa3b68048","category":"Brewery","checkinsCount":545,"usersCount":422,"tipCount":15,"visitsCount":628,"url":"http://iceharbor.com","tier":2,"message":"Moderate","currency":"$","rating":8.2},{"name":"Ice Harbor Brewing Company","phone":"5095825340","address":"206 N Benton St #C","lat":46.211108565330505,"lng":-119.119197,"city_fetched":"Kennewick","state":"WA","country":"United States","canonicalUrl":"https://foursquare.com/v/ice-harbor-brewing-company/4b762098f964a5208a3e2ee3","category":"Brewery","checkinsCount":772,"usersCount":467,"tipCount":17,"visitsCount":962,"url":"http://iceharbor.com","tier":"","message":"","currency":"","rating":7.9},{"name":"Uncle Sam's Saloon","phone":"5097838942","address":"8378 W Gage Blvd","lat":46.22873223775962,"lng":-119.23301416456417,"city_fetched":"Kennewick","state":"WA","country":"United States","canonicalUrl":"https://foursquare.com/v/uncle-sams-saloon/4bc298bef8219c74eb22b510","category":"Sports Bar","checkinsCount":467,"usersCount":262,"tipCount":6,"visitsCount":592,"url":"http://unclesamssaloon.com","tier":"","message":"","currency":"","rating":7.8},{"name":"The Growler Guys","phone":"5094913600","twitter":"thegrowlerguys","address":"110 Gage Blvd, #204","lat":46.22750559109491,"lng":-119.24976749432794,"city_fetched":"Kennewick","state":"WA","country":"United States","canonicalUrl":"https://foursquare.com/v/the-growler-guys/528568aa498eff13e1a6acfe","category":"Beer Garden","checkinsCount":122,"usersCount":60,"tipCount":4,"visitsCount":136,"url":"http://www.thegrowlerguys.com","tier":"","message":"","currency":"","rating":7.5},{"name":"Zinful Pannini & Wine Bar","phone":"5095866100","address":"114 W Kennewick Ave","lat":46.208897090633606,"lng":-119.11925424365403,"city_fetched":"Kennewick","state":"WA","country":"United States","canonicalUrl":"https://foursquare.com/v/zinful-pannini--wine-bar/4b6a32aaf964a520aecc2be3","category":"Wine Bar","checkinsCount":215,"usersCount":57,"tipCount":9,"visitsCount":215,"tier":"","message":"","currency":"","rating":7},{"name":"Sports Page","phone":"5095850590","address":"6 S Cascade St","lat":46.2084416703464,"lng":-119.12161669528739,"city_fetched":"Kennewick","state":"WA","country":"United States","canonicalUrl":"https://foursquare.com/v/sports-page/4c4a813146240f475f22faf1","category":"Bar","checkinsCount":382,"usersCount":181,"tipCount":4,"visitsCount":402,"url":"http://www.sportspagebarandgrill.com","tier":"","message":"","currency":"","rating":7},{"name":"Buffalo Wild Wings","phone":"5097356892","address":"8551 W Gage Blvd","lat":46.22624880936411,"lng":-119.23661573897367,"city_fetched":"Kennewick","state":"WA","country":"United States","canonicalUrl":"https://foursquare.com/v/buffalo-wild-wings/56048c2f498e9b727133c651","category":"Sports Bar","checkinsCount":86,"usersCount":100,"tipCount":3,"visitsCount":161,"url":"http://www.buffalowildwings.com","tier":"","message":"","currency":"","rating":6.8},{"name":"Kimo's Sports Bar and Brewpub","phone":"5097835747","address":"2696 N Columbia Center Blvd","lat":46.23763420216829,"lng":-119.22204105368046,"city_fetched":"Kennewick","state":"WA","country":"United States","canonicalUrl":"https://foursquare.com/v/kimos-sports-bar-and-brewpub/4bb7fb4b3db7b71361e0209a","category":"Sports Bar","checkinsCount":702,"usersCount":376,"tipCount":11,"visitsCount":816,"url":"http://kimosrmbc.com","tier":"","message":"","currency":"","rating":6.8},{"name":"R.F. McDougall's","phone":"5097356418","address":"1705 Columbia Park Trl","lat":46.23758316240997,"lng":-119.22117115625257,"city_fetched":"Kennewick","state":"WA","country":"United States","canonicalUrl":"https://foursquare.com/v/rf-mcdougalls/4b7cc281f964a5206da42fe3","category":"American Restaurant","checkinsCount":1187,"usersCount":215,"tipCount":4,"visitsCount":1305,"url":"http://www.rfmcdougalls.com","tier":2,"message":"Moderate","currency":"$","rating":6.7},{"name":"Out And About","phone":"5095433796","address":"327 W Lewis St","lat":46.23114969,"lng":-119.09039322,"city_fetched":"Kennewick","state":"WA","country":"United States","canonicalUrl":"https://foursquare.com/v/out-and-about/4b723f8bf964a52081752de3","category":"Nightclub","checkinsCount":827,"usersCount":154,"tipCount":5,"visitsCount":867,"tier":"","message":"","currency":"","rating":6.5},{"name":"The Pub","phone":"5097357868","address":"7001 W Clearwater Ave","lat":46.2099639,"lng":-119.214807,"city_fetched":"Kennewick","state":"WA","country":"United States","canonicalUrl":"https://foursquare.com/v/the-pub/4b5380dbf964a520ff9f27e3","category":"Lounge","checkinsCount":626,"usersCount":347,"tipCount":4,"visitsCount":759,"tier":2,"message":"Moderate","currency":"$","rating":5.7}]