[{"name":"Captain Tony's Saloon","phone":"3052941838","address":"428 Greene St","lat":24.558899721212704,"lng":-81.80541705746715,"city_fetched":"Key West","state":"FL","country":"United States","canonicalUrl":"https://foursquare.com/v/captain-tonys-saloon/4b55c807f964a520bbef27e3","category":"Pub","checkinsCount":7399,"usersCount":5346,"tipCount":69,"visitsCount":7488,"url":"http://www.capttonyssaloon.com","tier":1,"message":"Cheap","currency":"$","rating":8.8},{"name":"The Porch","phone":"3055176358","address":"429 Caroline St","lat":24.557880592623096,"lng":-81.80448819066629,"city_fetched":"Key West","state":"FL","country":"United States","canonicalUrl":"https://foursquare.com/v/the-porch/4c43a4c7f799e21e74d2aca2","category":"Beer Garden","checkinsCount":5076,"usersCount":2554,"tipCount":67,"visitsCount":5184,"url":"http://www.theporchkw.com","tier":2,"message":"Moderate","currency":"$","rating":8.8},{"name":"Sloppy Joe's Bar","phone":"3052945717","address":"201 Duval St","lat":24.559043271951033,"lng":-81.80508074498394,"city_fetched":"Key West","state":"FL","country":"United States","canonicalUrl":"https://foursquare.com/v/sloppy-joes-bar/4b02f479f964a520644b22e3","category":"Bar","checkinsCount":22897,"usersCount":18099,"tipCount":186,"visitsCount":24820,"url":"http://sloppyjoes.com","tier":2,"message":"Moderate","currency":"$","rating":8.7},{"name":"Louie's Backyard","phone":"3052941061","address":"700 Waddell Ave","lat":24.547278076312917,"lng":-81.79276957945206,"city_fetched":"Key West","state":"FL","country":"United States","canonicalUrl":"https://foursquare.com/v/louies-backyard/4b71dfd4f964a5208b612de3","category":"Seafood Restaurant","checkinsCount":2993,"usersCount":2811,"tipCount":96,"visitsCount":3593,"url":"http://www.louiesbackyard.com","tier":4,"message":"Very Expensive","currency":"$","rating":8.7},{"name":"La Te Da","phone":"3052966706","address":"1175 Duval St","lat":24.549476702016655,"lng":-81.79791638902597,"city_fetched":"Key West","state":"FL","country":"United States","canonicalUrl":"https://foursquare.com/v/la-te-da/4b7ded81f964a5206eda2fe3","category":"Hotel","checkinsCount":3721,"usersCount":2356,"tipCount":48,"visitsCount":4348,"url":"http://www.lateda.com","tier":"","message":"","currency":"","rating":8.7},{"name":"Irish Kevin's","phone":"3052921262","address":"211 Duval St","lat":24.55886199531231,"lng":-81.80482450586646,"city_fetched":"Key West","state":"FL","country":"United States","canonicalUrl":"https://foursquare.com/v/irish-kevins/4b4ac1fef964a520fb8d26e3","category":"Bar","checkinsCount":11238,"usersCount":7391,"tipCount":93,"visitsCount":11554,"url":"http://www.irishkevins.com","tier":2,"message":"Moderate","currency":"$","rating":8.7},{"name":"Schooner Wharf Bar","phone":"3052923302","address":"202 William St","lat":24.560941392964647,"lng":-81.80192470550537,"city_fetched":"Key West","state":"FL","country":"United States","canonicalUrl":"https://foursquare.com/v/schooner-wharf-bar/4b91d990f964a5207cdb33e3","category":"Bar","checkinsCount":7878,"usersCount":5918,"tipCount":120,"visitsCount":8782,"url":"http://www.schoonerwharf.com","tier":2,"message":"Moderate","currency":"$","rating":8.7},{"name":"Vinos On Duval","address":"810 Duval St","lat":24.552618,"lng":-81.800392,"city_fetched":"Key West","state":"FL","country":"United States","canonicalUrl":"https://foursquare.com/v/vinos-on-duval/4cafef20db32f04d84d7bb4d","category":"Wine Bar","checkinsCount":1199,"usersCount":800,"tipCount":17,"visitsCount":1318,"url":"http://vinosonduval.com","tier":"","message":"","currency":"","rating":8.6},{"name":"The Green Parrot","phone":"3052946133","address":"601 Whitehead St","lat":24.554182177726283,"lng":-81.80309486841017,"city_fetched":"Key West","state":"FL","country":"United States","canonicalUrl":"https://foursquare.com/v/the-green-parrot/4b395826f964a520035b25e3","category":"Dive Bar","checkinsCount":8882,"usersCount":6494,"tipCount":109,"visitsCount":10649,"url":"http://greenparrot.com","tier":2,"message":"Moderate","currency":"$","rating":8.5},{"name":"The Other Side","lat":24.557737349939597,"lng":-81.80429067149664,"city_fetched":"Key West","state":"FL","country":"United States","canonicalUrl":"https://foursquare.com/v/the-other-side/537a78c9498ed3c59ac5100d","category":"Cocktail Bar","checkinsCount":204,"usersCount":125,"tipCount":2,"visitsCount":209,"tier":"","message":"","currency":"","rating":8.5},{"name":"Southernmost Beach Cafe","phone":"3052956550","twitter":"somobeachcafe","address":"1405 Duval St","lat":24.54699950058082,"lng":-81.79571675937864,"neighborhood":"Key West","city_fetched":"Key West","state":"FL","country":"United States","canonicalUrl":"https://foursquare.com/somobeachcafe","category":"American Restaurant","checkinsCount":6707,"usersCount":5699,"tipCount":122,"visitsCount":7939,"url":"http://southernmostbeachcafe.com","tier":2,"message":"Moderate","currency":"$","rating":8.5},{"name":"2 Cents Restaurant & Pub","phone":"3054148626","twitter":"2centskw","address":"416 Appelrouth Ln","lat":24.554732656067944,"lng":-81.80285811424255,"city_fetched":"Key West","state":"FL","country":"United States","canonicalUrl":"https://foursquare.com/v/2-cents-restaurant--pub/4f051943d3e321b78f16df8b","category":"Gastropub","checkinsCount":1172,"usersCount":831,"tipCount":35,"visitsCount":1368,"url":"http://2centskw-hub.com","tier":2,"message":"Moderate","currency":"$","rating":8.5},{"name":"Hog's Breath Saloon","phone":"3052964222","twitter":"hogsbreathkw","address":"400 Front St","lat":24.559536092857762,"lng":-81.80605764840706,"city_fetched":"Key West","state":"FL","country":"United States","canonicalUrl":"https://foursquare.com/v/hogs-breath-saloon/4b343032f964a520ea2525e3","category":"Bar","checkinsCount":13374,"usersCount":10481,"tipCount":105,"visitsCount":14443,"url":"http://hogsbreath.com/keywest/","tier":2,"message":"Moderate","currency":"$","rating":8.4},{"name":"Caroline's Cafe","phone":"3052947511","address":"310 Duval St","lat":24.557744616121973,"lng":-81.80426397967616,"city_fetched":"Key West","state":"FL","country":"United States","canonicalUrl":"https://foursquare.com/v/carolines-cafe/4b61f013f964a5204b2c2ae3","category":"American Restaurant","checkinsCount":5805,"usersCount":4164,"tipCount":90,"visitsCount":5878,"url":"http://www.carolineskeywest.com","tier":2,"message":"Moderate","currency":"$","rating":8.4},{"name":"White Tarpon Deli","phone":"3052955222","address":"700 Front St","lat":24.56143857292072,"lng":-81.80355397368619,"city_fetched":"Key West","state":"FL","country":"United States","canonicalUrl":"https://foursquare.com/v/white-tarpon-deli/4c90a2ff160ea093a7f7d7fc","category":"Deli / Bodega","checkinsCount":1572,"usersCount":707,"tipCount":24,"visitsCount":1580,"tier":"","message":"","currency":"","rating":8.4},{"name":"Smokin' Tuna Saloon","phone":"3055176350","twitter":"smokintunakw","address":"4 Charles St","lat":24.55832753691627,"lng":-81.80520886420699,"city_fetched":"Key West","state":"FL","country":"United States","canonicalUrl":"https://foursquare.com/smokintunakw","category":"Seafood Restaurant","checkinsCount":3888,"usersCount":2244,"tipCount":52,"visitsCount":4129,"url":"http://www.smokintunasaloon.com","tier":2,"message":"Moderate","currency":"$","rating":8.4},{"name":"Willie T's","phone":"3052947674","twitter":"willietskeywest","address":"525 Duval St","lat":24.55529128886921,"lng":-81.80229409651776,"city_fetched":"Key West","state":"FL","country":"United States","canonicalUrl":"https://foursquare.com/v/willie-ts/4b3c336bf964a520dc8225e3","category":"Restaurant","checkinsCount":7336,"usersCount":6125,"tipCount":61,"visitsCount":7895,"url":"http://williets.com","tier":2,"message":"Moderate","currency":"$","rating":8.3},{"name":"Agave 308 Tequila Bar","address":"308 Front St","lat":24.559039,"lng":-81.806384,"city_fetched":"Key West","state":"FL","country":"United States","canonicalUrl":"https://foursquare.com/v/agave-308-tequila-bar/50887d1ae4b07178d07a07e1","category":"Cocktail Bar","checkinsCount":504,"usersCount":357,"tipCount":14,"visitsCount":513,"tier":2,"message":"Moderate","currency":"$","rating":8.3},{"name":"Tree Bar","phone":"3052965513","address":"202 Duval St","lat":24.558784108008183,"lng":-81.80504337683506,"city_fetched":"Key West","state":"FL","country":"United States","canonicalUrl":"https://foursquare.com/v/tree-bar/4b7502d8f964a520f4fa2de3","category":"Bar","checkinsCount":1576,"usersCount":624,"tipCount":11,"visitsCount":1578,"tier":"","message":"","currency":"","rating":8.3},{"name":"Hurricane Hole","phone":"3052940200","address":"5130 U.S. 1","lat":24.57100189938385,"lng":-81.74743112491048,"city_fetched":"Key West","state":"FL","country":"United States","canonicalUrl":"https://foursquare.com/v/hurricane-hole/4bd494da5631c9b6cbaaa230","category":"Bar","checkinsCount":2575,"usersCount":1247,"tipCount":34,"visitsCount":2844,"url":"http://www.hurricaneholekeywest.com","tier":"","message":"","currency":"","rating":8.3},{"name":"Cork and Stogie","phone":"3055176419","twitter":"corkandstogie","address":"1218 Duval St","lat":24.54854752141813,"lng":-81.79740582701925,"city_fetched":"Key West","state":"FL","country":"United States","canonicalUrl":"https://foursquare.com/corkandstogie","category":"Beer Garden","checkinsCount":958,"usersCount":547,"tipCount":18,"visitsCount":1091,"url":"http://www.corkandstogie.com","tier":"","message":"","currency":"","rating":8.3},{"name":"Aqua","phone":"3052940555","address":"711 Duval St","lat":24.553628580162865,"lng":-81.80109826088665,"city_fetched":"Key West","state":"FL","country":"United States","canonicalUrl":"https://foursquare.com/v/aqua/4b78afbdf964a520c9dd2ee3","category":"Gay Bar","checkinsCount":4242,"usersCount":2080,"tipCount":28,"visitsCount":4381,"url":"http://aquakeywest.com","tier":"","message":"","currency":"","rating":8.2},{"name":"Shots And Giggles","lat":24.55942329908858,"lng":-81.80449352901485,"city_fetched":"Key West","state":"FL","country":"United States","canonicalUrl":"https://foursquare.com/v/shots-and-giggles/4ecac889d3e32939cca5e689","category":"Bar","checkinsCount":483,"usersCount":281,"tipCount":11,"visitsCount":494,"tier":"","message":"","currency":"","rating":8.2},{"name":"Fogarty's and Flying Monkey's","phone":"3052947525","twitter":"fogartyskw","address":"227 Duval St","lat":24.558216417415736,"lng":-81.80450230836868,"city_fetched":"Key West","state":"FL","country":"United States","canonicalUrl":"https://foursquare.com/fogartyskw","category":"Bar","checkinsCount":11604,"usersCount":7928,"tipCount":139,"visitsCount":11909,"url":"http://www.fogartysofkeywest.com","tier":2,"message":"Moderate","currency":"$","rating":8.2},{"name":"Rum Bar at the Speakeasy Inn","phone":"3052962680","address":"1117 Duval St","lat":24.54970062716891,"lng":-81.79819400750041,"city_fetched":"Key West","state":"FL","country":"United States","canonicalUrl":"https://foursquare.com/v/rum-bar-at-the-speakeasy-inn/4bf01271f831c9282f8901f2","category":"Hotel Bar","checkinsCount":3175,"usersCount":1861,"tipCount":48,"visitsCount":3595,"url":"http://speakeasyinn.com","tier":2,"message":"Moderate","currency":"$","rating":8.2},{"name":"Margaritaville","phone":"3052921435","twitter":"margaritaville","address":"500 Duval St","lat":24.55569114970247,"lng":-81.80281087756157,"city_fetched":"Key West","state":"FL","country":"United States","canonicalUrl":"https://foursquare.com/v/margaritaville/4b369bdef964a5200f3925e3","category":"American Restaurant","checkinsCount":10851,"usersCount":9447,"tipCount":95,"visitsCount":11862,"url":"http://www.margaritavillekeywest.com","tier":2,"message":"Moderate","currency":"$","rating":8.2},{"name":"Shores Bar","address":"508 South St","lat":24.547214808861213,"lng":-81.79529497820145,"city_fetched":"Key West","state":"FL","country":"United States","canonicalUrl":"https://foursquare.com/v/shores-bar/4ddac4ce1f6ec500df5a21ae","category":"Cocktail Bar","checkinsCount":228,"usersCount":135,"tipCount":2,"visitsCount":228,"tier":"","message":"","currency":"","rating":8.1},{"name":"BottleCap","phone":"3052962807","twitter":"bottlecapkw","address":"1128 Simonton St","lat":24.55003,"lng":-81.7968,"city_fetched":"Key West","state":"FL","country":"United States","canonicalUrl":"https://foursquare.com/v/bottlecap/4b74d05ef964a5207ff32de3","category":"Dive Bar","checkinsCount":875,"usersCount":436,"tipCount":8,"visitsCount":897,"url":"http://www.bottlecapkeywest.com","tier":1,"message":"Cheap","currency":"$","rating":8.1},{"name":"Jack Flats","phone":"3052947955","address":"509 Duval St","lat":24.555703630093575,"lng":-81.80239677429199,"city_fetched":"Key West","state":"FL","country":"United States","canonicalUrl":"https://foursquare.com/v/jack-flats/4b68522af964a52085712be3","category":"Sports Bar","checkinsCount":5568,"usersCount":3274,"tipCount":77,"visitsCount":5802,"url":"http://jackflatskw.com","tier":2,"message":"Moderate","currency":"$","rating":8.1},{"name":"Virgilios","phone":"3052968118","address":"524 Duval St","lat":24.55507753762248,"lng":-81.80260906783829,"city_fetched":"Key West","state":"FL","country":"United States","canonicalUrl":"https://foursquare.com/v/virgilios/4b74dc51f964a520b1f52de3","category":"Jazz Club","checkinsCount":1307,"usersCount":814,"tipCount":21,"visitsCount":1332,"tier":"","message":"","currency":"","rating":8.1},{"name":"Chicagos","address":"610 Greene St","lat":24.56014646731505,"lng":-81.80342051314636,"city_fetched":"Key West","state":"FL","country":"United States","canonicalUrl":"https://foursquare.com/v/chicagos/54e54f62498e179cb1bd272b","category":"Whisky Bar","checkinsCount":75,"usersCount":67,"tipCount":6,"visitsCount":95,"tier":"","message":"","currency":"","rating":8.1},{"name":"Grunts","phone":"3052948280","address":"409 Caroline St","lat":24.557698,"lng":-81.805292,"city_fetched":"Key West","state":"FL","country":"United States","canonicalUrl":"https://foursquare.com/v/grunts/4c3523f0213c2d7f22bf395d","category":"New American Restaurant","checkinsCount":815,"usersCount":619,"tipCount":24,"visitsCount":823,"url":"http://www.gruntsislandgrill.com","tier":1,"message":"Cheap","currency":"$","rating":8.1},{"name":"Boathouse Bar & Grill","phone":"0000","address":"700 Front St","lat":24.561390830555194,"lng":-81.80318562200654,"city_fetched":"Key West","state":"FL","country":"United States","canonicalUrl":"https://foursquare.com/v/boathouse-bar--grill/4d90c6506174a093fca6fae3","category":"American Restaurant","checkinsCount":1376,"usersCount":845,"tipCount":24,"visitsCount":1401,"url":"http://boathousebarandgrill.com","tier":"","message":"","currency":"","rating":8.1},{"name":"Fat Tuesday","phone":"3052969373","address":"305 Duval St","lat":24.557889513953285,"lng":-81.80423945188522,"city_fetched":"Key West","state":"FL","country":"United States","canonicalUrl":"https://foursquare.com/v/fat-tuesday/4b3c3232f964a520cc8225e3","category":"Cocktail Bar","checkinsCount":10665,"usersCount":7396,"tipCount":77,"visitsCount":10814,"url":"http://www.fattuesdaykeywest.com","tier":2,"message":"Moderate","currency":"$","rating":8},{"name":"Hard Rock Cafe Key West","phone":"3052930230","twitter":"hrckeywest","address":"313 Duval St","lat":24.557672391033325,"lng":-81.80404499173164,"city_fetched":"Key West","state":"FL","country":"United States","canonicalUrl":"https://foursquare.com/v/hard-rock-cafe-key-west/4b672334f964a520183d2be3","category":"Theme Restaurant","checkinsCount":6759,"usersCount":6265,"tipCount":75,"visitsCount":7180,"url":"http://www.facebook.com/hardrock","tier":2,"message":"Moderate","currency":"$","rating":8},{"name":"Don's Place","phone":"3052968837","address":"1000 Truman Ave","lat":24.554722897496877,"lng":-81.79322361946106,"city_fetched":"Key West","state":"FL","country":"United States","canonicalUrl":"https://foursquare.com/v/dons-place/4ba1d469f964a52035ce37e3","category":"Dive Bar","checkinsCount":1045,"usersCount":357,"tipCount":1,"visitsCount":1073,"url":"http://donsplacekeywest.com","tier":"","message":"","currency":"","rating":8},{"name":"Rum Barrel Bar & Grill","phone":"3052927862","twitter":"rumbarrelbar","address":"528 Front St","lat":24.560914449715618,"lng":-81.80484585916044,"city_fetched":"Key West","state":"FL","country":"United States","canonicalUrl":"https://foursquare.com/v/rum-barrel-bar--grill/4b7060c6f964a5207c162de3","category":"Bar","checkinsCount":4441,"usersCount":3545,"tipCount":58,"visitsCount":5027,"url":"http://www.rumbarrel.com","tier":2,"message":"Moderate","currency":"$","rating":7.9},{"name":"Chart Room","address":"Pier House","lat":24.56115991778599,"lng":-81.8060843395748,"city_fetched":"Key West","state":"FL","country":"United States","canonicalUrl":"https://foursquare.com/v/chart-room/4c0ebc1a1281c9b6a97c1d1d","category":"Speakeasy","checkinsCount":626,"usersCount":374,"tipCount":10,"visitsCount":679,"tier":"","message":"","currency":"","rating":7.9},{"name":"Tattoos & Scars Saloon","phone":"3055176610","address":"512 Greene St","lat":24.559586,"lng":-81.804378,"city_fetched":"Key West","state":"FL","country":"United States","canonicalUrl":"https://foursquare.com/v/tattoos--scars-saloon/4e738f73b0fb38bb72f363f6","category":"Bar","checkinsCount":2521,"usersCount":950,"tipCount":11,"visitsCount":2536,"url":"http://www.tattoosandscarssaloon.com","tier":1,"message":"Cheap","currency":"$","rating":7.9},{"name":"Lagerheads","phone":"3055097444","address":"1 Simonton st","lat":24.561887741088867,"lng":-81.80562591552734,"city_fetched":"Key West","state":"FL","country":"United States","canonicalUrl":"https://foursquare.com/v/lagerheads/52ad0f5d498ef10d89c34064","category":"Beach Bar","checkinsCount":148,"usersCount":108,"tipCount":7,"visitsCount":150,"tier":2,"message":"Moderate","currency":"$","rating":7.9},{"name":"Bottlecap Groove Lounge","phone":"3052962807","twitter":"bottlecapkw","address":"1128 Simonton St","lat":24.550075291725822,"lng":-81.79681777954102,"city_fetched":"Key West","state":"FL","country":"United States","canonicalUrl":"https://foursquare.com/v/bottlecap-groove-lounge/4c903179352da1cdb4e50fb2","category":"Bar","checkinsCount":841,"usersCount":306,"tipCount":8,"visitsCount":847,"url":"http://bottlecapkeywest.com","tier":"","message":"","currency":"","rating":7.9},{"name":"The Bull & Whistle Bar","phone":"3052964565","address":"224 Duval St","lat":24.55812495,"lng":-81.80456,"city_fetched":"Key West","state":"FL","country":"United States","canonicalUrl":"https://foursquare.com/v/the-bull--whistle-bar/4b9ae6c0f964a52030e135e3","category":"Rock Club","checkinsCount":5071,"usersCount":3646,"tipCount":42,"visitsCount":5106,"url":"http://www.bullkeywest.com","tier":"","message":"","currency":"","rating":7.8},{"name":"Little Room Jazz Club","address":"821 Duval St","lat":24.552402775671304,"lng":-81.80008471012115,"city_fetched":"Key West","state":"FL","country":"United States","canonicalUrl":"https://foursquare.com/v/little-room-jazz-club/5068c3ba498ef43ce71daa88","category":"Jazz Club","checkinsCount":669,"usersCount":529,"tipCount":25,"visitsCount":713,"url":"http://www.keywestbarcard.com/bars/little-room-jazz-club/","tier":"","message":"","currency":"","rating":7.8},{"name":"Alonzo's Oyster Bar","phone":"3052945880","address":"700 Front St","lat":24.561567985779085,"lng":-81.80319096044988,"city_fetched":"Key West","state":"FL","country":"United States","canonicalUrl":"https://foursquare.com/v/alonzos-oyster-bar/4b5a14f8f964a5200bac28e3","category":"Seafood Restaurant","checkinsCount":4488,"usersCount":2987,"tipCount":93,"visitsCount":4555,"url":"http://alonzosoysterbar.com","tier":2,"message":"Moderate","currency":"$","rating":7.8},{"name":"Garden Bar","address":"Duval Street","lat":24.552712,"lng":-81.801189,"city_fetched":"Key West","state":"FL","country":"United States","canonicalUrl":"https://foursquare.com/v/garden-bar/4d39b016bf6d548125cec5e1","category":"Gay Bar","checkinsCount":712,"usersCount":131,"tipCount":1,"visitsCount":721,"tier":"","message":"","currency":"","rating":7.7},{"name":"wineO","lat":24.556216684323697,"lng":-81.8030094531581,"city_fetched":"Key West","state":"FL","country":"United States","canonicalUrl":"https://foursquare.com/v/wineo/532cd866498ec8516346b620","category":"Wine Bar","checkinsCount":195,"usersCount":171,"tipCount":3,"visitsCount":197,"tier":"","message":"","currency":"","rating":7.7},{"name":"Lazy Gecko Bar","phone":"3052921903","address":"203 Duval St","lat":24.558929111346966,"lng":-81.8049899937322,"city_fetched":"Key West","state":"FL","country":"United States","canonicalUrl":"https://foursquare.com/v/lazy-gecko-bar/4b3548e9f964a520ea2b25e3","category":"Bar","checkinsCount":7319,"usersCount":3280,"tipCount":46,"visitsCount":7333,"url":"http://www.thelazygecko.com","tier":1,"message":"Cheap","currency":"$","rating":7.7},{"name":"Bobby's Monkey Bar","address":"900 Simonton St","lat":24.552742847535796,"lng":-81.79865314344204,"city_fetched":"Key West","state":"FL","country":"United States","canonicalUrl":"https://foursquare.com/v/bobbys-monkey-bar/4b73651ff964a52064ac2de3","category":"Karaoke Bar","checkinsCount":1053,"usersCount":657,"tipCount":12,"visitsCount":1315,"tier":"","message":"","currency":"","rating":7.7},{"name":"Turtle Kraals","phone":"3052942640","address":"231 Margaret St","lat":24.56158283476973,"lng":-81.8008153147833,"city_fetched":"Key West","state":"FL","country":"United States","canonicalUrl":"https://foursquare.com/v/turtle-kraals/4be2ebcf1dd22d7f3c2695bd","category":"American Restaurant","checkinsCount":3712,"usersCount":2788,"tipCount":54,"visitsCount":3803,"url":"http://turtlekraals.com","tier":2,"message":"Moderate","currency":"$","rating":7.7},{"name":"Pearl's Patio","phone":"3052921450","twitter":"pearlskeywest","address":"525 United St","lat":24.548908,"lng":-81.796778,"city_fetched":"Key West","state":"FL","country":"United States","canonicalUrl":"https://foursquare.com/pearlskeywest","category":"Bar","checkinsCount":760,"usersCount":243,"tipCount":4,"visitsCount":760,"url":"http://www.pearlspatio.com","tier":"","message":"","currency":"","rating":7.6},{"name":"Pineapple Bar","address":"1319 Duval St","lat":24.5482,"lng":-81.79624,"city_fetched":"Key West","state":"FL","country":"United States","canonicalUrl":"https://foursquare.com/v/pineapple-bar/4f241180e4b04f6e68c32c91","category":"Bar","checkinsCount":252,"usersCount":151,"tipCount":1,"visitsCount":252,"tier":"","message":"","currency":"","rating":7.6},{"name":"Sunset Tiki Bar & Grille","address":"617 Front St","lat":24.562470366666666,"lng":-81.80449962615967,"city_fetched":"Key West","state":"FL","country":"United States","canonicalUrl":"https://foursquare.com/v/sunset-tiki-bar--grille/4d26240695e8f04d8b1c404d","category":"Cocktail Bar","checkinsCount":1179,"usersCount":635,"tipCount":7,"visitsCount":1266,"url":"http://sunset-tiki.com","tier":"","message":"","currency":"","rating":7.6},{"name":"801 Bourbon Bar","phone":"3052944737","twitter":"801keywest","address":"801 Duval St","lat":24.552880953607364,"lng":-81.80046021938324,"city_fetched":"Key West","state":"FL","country":"United States","canonicalUrl":"https://foursquare.com/v/801-bourbon-bar/4b19d5def964a52014e523e3","category":"Gay Bar","checkinsCount":6791,"usersCount":2625,"tipCount":33,"visitsCount":6993,"url":"http://www.801bourbon.com","tier":2,"message":"Moderate","currency":"$","rating":7.5},{"name":"Casa Marina Outside Bar","address":"1500 Reynolds St","lat":24.54736,"lng":-81.790199,"city_fetched":"Key West","state":"FL","country":"United States","canonicalUrl":"https://foursquare.com/v/casa-marina-outside-bar/4c897e5752a98cfac99424e9","category":"Cocktail Bar","checkinsCount":812,"usersCount":533,"tipCount":9,"visitsCount":813,"tier":"","message":"","currency":"","rating":7.4},{"name":"JDL's Big Ten Pub","phone":"3052946277","lat":24.561344422407206,"lng":-81.79903219536878,"city_fetched":"Key West","state":"FL","country":"United States","canonicalUrl":"https://foursquare.com/v/jdls-big-ten-pub/4f231b72e4b0c41c513bf796","category":"Pub","checkinsCount":625,"usersCount":393,"tipCount":17,"visitsCount":644,"tier":"","message":"","currency":"","rating":7.4},{"name":"Tiki Bar Inn at Key West","address":"3420 N Roosevelt Blvd","lat":24.571149,"lng":-81.76196,"city_fetched":"Key West","state":"FL","country":"United States","canonicalUrl":"https://foursquare.com/v/tiki-bar-inn-at-key-west/4d2619af83ee6ea82bfd44e7","category":"Hotel Bar","checkinsCount":240,"usersCount":165,"tipCount":4,"visitsCount":240,"tier":"","message":"","currency":"","rating":7.4},{"name":"Durty Harry's","address":"208 Duval St","lat":24.558633419458655,"lng":-81.8053316449191,"city_fetched":"Key West","state":"FL","country":"United States","canonicalUrl":"https://foursquare.com/v/durty-harrys/4c031b7d9a7920a1a886cf79","category":"Bar","checkinsCount":3251,"usersCount":2247,"tipCount":28,"visitsCount":3258,"url":"http://ricksbarkeywest.com","tier":"","message":"","currency":"","rating":7.4},{"name":"Orchid Bar @ Orchid Key Inn.","phone":"3052969915","address":"1004 Duval St","lat":24.550648258632705,"lng":-81.79948598735399,"city_fetched":"Key West","state":"FL","country":"United States","canonicalUrl":"https://foursquare.com/v/orchid-bar--orchid-key-inn/4eee552e77c82b92f90d62a2","category":"Cocktail Bar","checkinsCount":178,"usersCount":101,"tipCount":3,"visitsCount":179,"tier":"","message":"","currency":"","rating":7.4},{"name":"Waterfront Brewery","address":"201 William St","lat":24.56131750565924,"lng":-81.80109292229103,"city_fetched":"Key West","state":"FL","country":"United States","canonicalUrl":"https://foursquare.com/v/waterfront-brewery/55e76dd2498e0eda781b2d2b","category":"Brewery","checkinsCount":710,"usersCount":778,"tipCount":7,"visitsCount":1088,"tier":"","message":"","currency":"","rating":7.4},{"name":"Rick's Bar","phone":"3052921421","address":"208 Duval St","lat":24.55878101984745,"lng":-81.80517149612339,"city_fetched":"Key West","state":"FL","country":"United States","canonicalUrl":"https://foursquare.com/v/ricks-bar/4b02f408f964a520604b22e3","category":"Bar","checkinsCount":8991,"usersCount":5334,"tipCount":43,"visitsCount":9013,"tier":2,"message":"Moderate","currency":"$","rating":7.4},{"name":"Krawl Off Duval","phone":"3057354146","address":"506 Southard St","lat":24.55505487307365,"lng":-81.80170151969028,"city_fetched":"Key West","state":"FL","country":"United States","canonicalUrl":"https://foursquare.com/v/krawl-off-duval/4db09b77cda14b702a34dfb2","category":"Bar","checkinsCount":1260,"usersCount":748,"tipCount":17,"visitsCount":1268,"tier":"","message":"","currency":"","rating":7.3},{"name":"Bourbon St Pub","phone":"3052961992","address":"724 Duval St","lat":24.55300020330271,"lng":-81.8008313306296,"city_fetched":"Key West","state":"FL","country":"United States","canonicalUrl":"https://foursquare.com/v/bourbon-st-pub/4b19df10f964a52086e523e3","category":"Gay Bar","checkinsCount":5577,"usersCount":2518,"tipCount":32,"visitsCount":5977,"tier":2,"message":"Moderate","currency":"$","rating":7.3},{"name":"801 Cabaret Lounge","address":"803 Duval St","lat":24.55289038,"lng":-81.800531,"city_fetched":"Key West","state":"FL","country":"United States","canonicalUrl":"https://foursquare.com/v/801-cabaret-lounge/4c8ad3a71797236aaf7d6588","category":"Gay Bar","checkinsCount":843,"usersCount":422,"tipCount":12,"visitsCount":847,"tier":"","message":"","currency":"","rating":7.2},{"name":"Island Dogs Bar","phone":"3055097136","twitter":"islanddogsbar","address":"505 Front St","lat":24.560594980379587,"lng":-81.80555641651154,"city_fetched":"Key West","state":"FL","country":"United States","canonicalUrl":"https://foursquare.com/v/island-dogs-bar/4b7f5087f964a520022730e3","category":"Bar","checkinsCount":3449,"usersCount":2365,"tipCount":52,"visitsCount":3472,"url":"http://islanddogsbar.com","tier":"","message":"","currency":"","rating":7.2},{"name":"Rumor Lounge","lat":24.5589871993743,"lng":-81.80535299806542,"city_fetched":"Key West","state":"FL","country":"United States","canonicalUrl":"https://foursquare.com/v/rumor-lounge/4fe53956e4b0c9ca89861766","category":"Lounge","checkinsCount":622,"usersCount":359,"tipCount":6,"visitsCount":622,"tier":"","message":"","currency":"","rating":7.1},{"name":"Red Garter Saloon","address":"208 Duval St","lat":24.558612618153997,"lng":-81.80512345141649,"city_fetched":"Key West","state":"FL","country":"United States","canonicalUrl":"https://foursquare.com/v/red-garter-saloon/4b3c3473f964a520e78225e3","category":"Strip Club","checkinsCount":1496,"usersCount":752,"tipCount":10,"visitsCount":1497,"tier":"","message":"","currency":"","rating":7.1},{"name":"Garden Of Eden Bar","phone":"3052964565","address":"224 Duval St","lat":24.55817541298373,"lng":-81.80461631092437,"city_fetched":"Key West","state":"FL","country":"United States","canonicalUrl":"https://foursquare.com/v/garden-of-eden-bar/4b9c5915f964a520976136e3","category":"Speakeasy","checkinsCount":2398,"usersCount":1913,"tipCount":24,"visitsCount":2406,"tier":2,"message":"Moderate","currency":"$","rating":7.1},{"name":"Pool Bar at Bourbon Complex","address":"724 Duval St","lat":24.5528507,"lng":-81.80100730000001,"city_fetched":"Key West","state":"FL","country":"United States","canonicalUrl":"https://foursquare.com/v/pool-bar-at-bourbon-complex/4d589b4436d1721ea0fbf8b1","category":"Gay Bar","checkinsCount":1010,"usersCount":333,"tipCount":6,"visitsCount":1014,"tier":"","message":"","currency":"","rating":7.1},{"name":"Key West Yacht Club","lat":24.56086865146528,"lng":-81.77981553512002,"city_fetched":"Key West","state":"FL","country":"United States","canonicalUrl":"https://foursquare.com/v/key-west-yacht-club/4b4f4e83f964a5209b0027e3","category":"Boat or Ferry","checkinsCount":890,"usersCount":279,"tipCount":7,"visitsCount":898,"tier":"","message":"","currency":"","rating":7.1},{"name":"New Orleans House Key West","address":"724 Duval St","lat":24.552775341310085,"lng":-81.80100216610599,"city_fetched":"Key West","state":"FL","country":"United States","canonicalUrl":"https://foursquare.com/v/new-orleans-house-key-west/4bdf32367ea362b51b6443c4","category":"Resort","checkinsCount":968,"usersCount":297,"tipCount":10,"visitsCount":971,"tier":"","message":"","currency":"","rating":7},{"name":"Shanna Key Irish Pub and Grill","phone":"3052958880","address":"1900 Flagler Ave","lat":24.555132302238796,"lng":-81.77969271173546,"city_fetched":"Key West","state":"FL","country":"United States","canonicalUrl":"https://foursquare.com/v/shanna-key-irish-pub-and-grill/4c37b96c2c8020a139988900","category":"Pub","checkinsCount":1475,"usersCount":502,"tipCount":11,"visitsCount":1672,"url":"http://www.shannakeyirishpub.com","tier":"","message":"","currency":"","rating":7},{"name":"Saloon 1 Bar","phone":"3052944737","address":"801 Duval St.","lat":24.552752138506047,"lng":-81.80042266845703,"city_fetched":"Key West","state":"FL","country":"United States","canonicalUrl":"https://foursquare.com/v/saloon-1-bar/4c70aca1d7fab1f726765fc9","category":"Gay Bar","checkinsCount":778,"usersCount":273,"tipCount":2,"visitsCount":785,"tier":"","message":"","currency":"","rating":7}]