[{"name":"Mama Kwan's Tiki Bar & Grill","phone":"2524417889","twitter":"mamakwans","address":"1701 South Croatan Hwy","lat":35.99748376235506,"lng":-75.65097117424008,"city_fetched":"Kill Devil Hills","state":"NC","country":"United States","canonicalUrl":"https://foursquare.com/mamakwans","category":"Seafood Restaurant","checkinsCount":2598,"usersCount":2194,"tipCount":60,"visitsCount":3290,"url":"http://www.mamakwans.com","tier":1,"message":"Cheap","currency":"$","rating":9.2},{"name":"Kill Devil Grill","phone":"2524498181","address":"2000 S Virginia Dare Trail","lat":35.99635574547953,"lng":-75.64709853477542,"city_fetched":"Kill Devil Hills","state":"NC","country":"United States","canonicalUrl":"https://foursquare.com/v/kill-devil-grill/4bd0a4f0a8b3a5936950645f","category":"Diner","checkinsCount":1989,"usersCount":1453,"tipCount":75,"visitsCount":2452,"url":"http://thekilldevilgrill.com/cms/","tier":2,"message":"Moderate","currency":"$","rating":9.2},{"name":"Outer Banks Brewing Station","phone":"2524492739","twitter":"obxbrew","address":"600 South Croatan Highway","lat":36.03888,"lng":-75.67602,"city_fetched":"Kill Devil Hills","state":"NC","country":"United States","canonicalUrl":"https://foursquare.com/obxbrew","category":"Brewery","checkinsCount":6504,"usersCount":5083,"tipCount":117,"visitsCount":7337,"url":"https://www.obbrewing.com/#BNOOrr","tier":1,"message":"Cheap","currency":"$","rating":8.8},{"name":"Bonzer Shack","phone":"2524801010","twitter":"bonzershack","address":"1200 S Virginia Dare Trl","lat":36.0055313110352,"lng":-75.6526260375977,"city_fetched":"Kill Devil Hills","state":"NC","country":"United States","canonicalUrl":"https://foursquare.com/v/bonzer-shack/5154ced5e4b02bd664cf6dbf","category":"Caribbean Restaurant","checkinsCount":407,"usersCount":429,"tipCount":14,"visitsCount":571,"url":"http://www.bonzershack.com","tier":"","message":"","currency":"","rating":8.7},{"name":"Jolly Roger","phone":"2524416530","address":"1836 N Virginia Dare Trl","lat":36.036583737471936,"lng":-75.67110268406701,"city_fetched":"Kill Devil Hills","state":"NC","country":"United States","canonicalUrl":"https://foursquare.com/v/jolly-roger/4bf5bcf25efe2d7f79e86534","category":"Italian Restaurant","checkinsCount":2064,"usersCount":1514,"tipCount":43,"visitsCount":2474,"url":"http://www.jollyrogerobx.com","tier":3,"message":"Expensive","currency":"$","rating":7.7},{"name":"Flying Fish Cafe & Wine Bar","phone":"2524416894","address":"2003 S Croatan Hwy","lat":35.99488064633029,"lng":-75.64934855895422,"city_fetched":"Kill Devil Hills","state":"NC","country":"United States","canonicalUrl":"https://foursquare.com/v/flying-fish-cafe--wine-bar/4bd62e58cfa7b713b23c27da","category":"Seafood Restaurant","checkinsCount":315,"usersCount":282,"tipCount":11,"visitsCount":385,"url":"http://www.flyingfishcafeobx.com","tier":4,"message":"Very Expensive","currency":"$","rating":7.7},{"name":"The Pit Surf Shop & Boardriders' Grill","phone":"2524803128","twitter":"thepitobx","address":"1209 S Croatan Hwy","lat":36.00364483333333,"lng":-75.65445,"city_fetched":"Kill Devil Hills","state":"NC","country":"United States","canonicalUrl":"https://foursquare.com/v/the-pit-surf-shop--boardriders-grill/4cffae516edfa093d8210815","category":"American Restaurant","checkinsCount":1142,"usersCount":599,"tipCount":19,"visitsCount":1189,"url":"http://www.pitsurf.com","tier":1,"message":"Cheap","currency":"$","rating":7.7},{"name":"Chilli Peppers Coastal Grill","phone":"2524418081","twitter":"chillipobx","address":"3001 North Croatan Highway","lat":36.00587,"lng":-75.65991,"city_fetched":"Kill Devil Hills","state":"NC","country":"United States","canonicalUrl":"https://foursquare.com/chillipobx","category":"Restaurant","checkinsCount":1007,"usersCount":744,"tipCount":21,"visitsCount":1112,"url":"http://www.chilli-peppers.com/#eO0zP7","tier":2,"message":"Moderate","currency":"$","rating":7.5},{"name":"Kelly's Outer Banks Restaurant & Tavern","phone":"2524414116","address":"2316 S Croatan Hwy","lat":35.98756473806668,"lng":-75.64653933048248,"city_fetched":"Kill Devil Hills","state":"NC","country":"United States","canonicalUrl":"https://foursquare.com/v/kellys-outer-banks-restaurant--tavern/4b85de7cf964a520187731e3","category":"Seafood Restaurant","checkinsCount":1894,"usersCount":1568,"tipCount":24,"visitsCount":2331,"url":"http://www.kellysrestaurant.com","tier":2,"message":"Moderate","currency":"$","rating":7.4},{"name":"Port O' Call","phone":"2524417484","address":"504 S Virginia Dare Trl","lat":36.01169274,"lng":-75.656276,"city_fetched":"Kill Devil Hills","state":"NC","country":"United States","canonicalUrl":"https://foursquare.com/v/port-o-call/4bc8f274937ca59325d9a492","category":"Bar","checkinsCount":641,"usersCount":573,"tipCount":12,"visitsCount":708,"url":"http://obxportocall.com","tier":"","message":"","currency":"","rating":6.4},{"name":"Mexi Cali Brewz Cantina & Spirits","phone":"2524800069","address":"1200 S Virginia Dare Trl","lat":36.00561713069429,"lng":-75.65257012410015,"city_fetched":"Kill Devil Hills","state":"NC","country":"United States","canonicalUrl":"https://foursquare.com/v/mexi-cali-brewz-cantina--spirits/4c09b672009a0f47cc55e8bf","category":"Bar","checkinsCount":446,"usersCount":314,"tipCount":10,"visitsCount":446,"tier":"","message":"","currency":"","rating":5.8}]