[{"name":"Mother Earth Brewing","phone":"2522082437","twitter":"motherearthbrew","address":"311 N Herritage St","lat":35.262706,"lng":-77.582386,"city_fetched":"Kinston","state":"NC","country":"United States","canonicalUrl":"https://foursquare.com/v/mother-earth-brewing/4bd6f6e57b1876b0b34e8d86","category":"Brewery","checkinsCount":2396,"usersCount":835,"tipCount":26,"visitsCount":2553,"url":"http://www.motherearthbrewing.com","tier":"","message":"","currency":"","rating":8.6},{"name":"El Norteno","phone":"2525234709","address":"1701 W Vernon Ave","lat":35.27137361455319,"lng":-77.60418038445103,"city_fetched":"Kinston","state":"NC","country":"United States","canonicalUrl":"https://foursquare.com/v/el-norteno/4c268655a852c928dbd5e66c","category":"Mexican Restaurant","checkinsCount":695,"usersCount":214,"tipCount":7,"visitsCount":799,"tier":1,"message":"Cheap","currency":"$","rating":8.5},{"name":"The Red Room","address":"220 N Herritage St","lat":35.262432656022945,"lng":-77.58307851180379,"city_fetched":"Kinston","state":"NC","country":"United States","canonicalUrl":"https://foursquare.com/v/the-red-room/50b7dc72e4b08ecf5ab0aca7","category":"Lounge","checkinsCount":310,"usersCount":106,"tipCount":2,"visitsCount":313,"tier":"","message":"","currency":"","rating":7.4}]