[{"name":"Bodega Brew Pub","phone":"6087820677","twitter":"bodegabrewpub","address":"122 4th St S","lat":43.811597602097194,"lng":-91.25170192675577,"city_fetched":"La Crosse","state":"WI","country":"United States","canonicalUrl":"https://foursquare.com/v/bodega-brew-pub/4b391731f964a520f15525e3","category":"Pub","checkinsCount":5125,"usersCount":1774,"tipCount":36,"visitsCount":5542,"url":"http://bodegabrewpublax.com","tier":1,"message":"Cheap","currency":"$","rating":8.9},{"name":"Burger Fusion Company","phone":"6087814212","twitter":"burgerfusion","address":"3800 State Road 16, FC-05","lat":43.86859047145666,"lng":-91.19542844954198,"city_fetched":"La Crosse","state":"WI","country":"United States","canonicalUrl":"https://foursquare.com/v/burger-fusion-company/5362a75d498e7841b9a56a48","category":"Burger Joint","checkinsCount":262,"usersCount":125,"tipCount":3,"visitsCount":289,"url":"http://www.burgerfusioncompany.com","tier":"","message":"","currency":"","rating":8.6},{"name":"4 Sisters Wine Bar & Tapas","phone":"6087828213","address":"100 Harborview Plz","lat":43.81423682749692,"lng":-91.25501890659426,"city_fetched":"La Crosse","state":"WI","country":"United States","canonicalUrl":"https://foursquare.com/v/4-sisters-wine-bar--tapas/4ce582f1dfaef04de6826e83","category":"Tapas Restaurant","checkinsCount":815,"usersCount":629,"tipCount":16,"visitsCount":1048,"url":"http://4sisterslacrosse.com","tier":2,"message":"Moderate","currency":"$","rating":8.5},{"name":"The Old Crow","address":"100 3rd St S","lat":43.81282136474656,"lng":-91.25263685630948,"city_fetched":"La Crosse","state":"WI","country":"United States","canonicalUrl":"https://foursquare.com/v/the-old-crow/54f77f45498e754ce4c2ab57","category":"Whisky Bar","checkinsCount":328,"usersCount":212,"tipCount":6,"visitsCount":404,"url":"http://theoldcrow.com","tier":"","message":"","currency":"","rating":8.4},{"name":"Southside Oktoberfest Grounds","phone":"6087843378","address":"#1 Oktoberfest Strauss","lat":43.81823360391956,"lng":-91.25079989433289,"city_fetched":"La Crosse","state":"WI","country":"United States","canonicalUrl":"https://foursquare.com/v/southside-oktoberfest-grounds/4be627972457a5939997ac15","category":"Beer Garden","checkinsCount":1452,"usersCount":834,"tipCount":4,"visitsCount":1711,"url":"http://oktoberfestusa.com","tier":"","message":"","currency":"","rating":8.4},{"name":"JavaVino","phone":"6087875282","twitter":"javavinolax","address":"2311 State Rd","lat":43.79745809764066,"lng":-91.22055578425363,"city_fetched":"La Crosse","state":"WI","country":"United States","canonicalUrl":"https://foursquare.com/v/javavino/4b789d0cf964a52036da2ee3","category":"Sandwich Place","checkinsCount":953,"usersCount":481,"tipCount":6,"visitsCount":1317,"url":"http://www.javavinolax.com","tier":2,"message":"Moderate","currency":"$","rating":8.3},{"name":"Dublin Square Irish Pub & Eatery","phone":"6085192509","twitter":"dublinsquarelax","address":"103 3rd Street N","lat":43.8128327017877,"lng":-91.25258987442807,"city_fetched":"La Crosse","state":"WI","country":"United States","canonicalUrl":"https://foursquare.com/v/dublin-square-irish-pub--eatery/4d694e349bd6a14369875ddf","category":"Restaurant","checkinsCount":3815,"usersCount":1474,"tipCount":49,"visitsCount":3907,"url":"http://dublinsquarepub.com","tier":2,"message":"Moderate","currency":"$","rating":8.2},{"name":"Howie's on La Crosse","phone":"6087847400","address":"1128 La Crosse St","lat":43.81710568607947,"lng":-91.24010395460748,"city_fetched":"La Crosse","state":"WI","country":"United States","canonicalUrl":"https://foursquare.com/v/howies-on-la-crosse/4f3848a4e4b09ca12e05794e","category":"Restaurant","checkinsCount":2462,"usersCount":1010,"tipCount":23,"visitsCount":3114,"url":"http://howiesonlacrosse.com","tier":2,"message":"Moderate","currency":"$","rating":8.1},{"name":"Chances R","phone":"6087825105","address":"417 J Street","lat":43.81111404088198,"lng":-91.25079990390476,"city_fetched":"La Crosse","state":"WI","country":"United States","canonicalUrl":"https://foursquare.com/v/chances-r/4b847bdef964a520253831e3","category":"Gay Bar","checkinsCount":1164,"usersCount":259,"tipCount":10,"visitsCount":1518,"tier":"","message":"","currency":"","rating":8.1},{"name":"New Taste of India","phone":"6087828133","twitter":"tasteofindialax","address":"1812 Jackson St.","lat":43.80063618217088,"lng":-91.2294342098721,"city_fetched":"La Crosse","state":"WI","country":"United States","canonicalUrl":"https://foursquare.com/v/new-taste-of-india/4f1c4625e4b08fa665a46e50","category":"Indian Restaurant","checkinsCount":496,"usersCount":184,"tipCount":15,"visitsCount":550,"url":"http://lacrossenewtasteofindia.com","tier":2,"message":"Moderate","currency":"$","rating":8.1},{"name":"Nutbush City Limits","phone":"6087830228","address":"3264 George St","lat":43.869822066666664,"lng":-91.23272824,"city_fetched":"La Crosse","state":"WI","country":"United States","canonicalUrl":"https://foursquare.com/v/nutbush-city-limits/4b65f1f8f964a520360a2be3","category":"Bar","checkinsCount":1709,"usersCount":668,"tipCount":16,"visitsCount":2195,"tier":"","message":"","currency":"","rating":8},{"name":"Pearl Street Brewery","address":"1401 Saint Andrew St","lat":43.8341966566935,"lng":-91.23627155074169,"city_fetched":"La Crosse","state":"WI","country":"United States","canonicalUrl":"https://foursquare.com/v/pearl-street-brewery/4b64bc82f964a52031cc2ae3","category":"Brewery","checkinsCount":1162,"usersCount":489,"tipCount":16,"visitsCount":1337,"url":"http://pearlstreetbrewery.com/welcome/","tier":1,"message":"Cheap","currency":"$","rating":8},{"name":"Stein Haus","phone":"6085192421","address":"324 Jay St","lat":43.810985069116946,"lng":-91.25227039902867,"city_fetched":"La Crosse","state":"WI","country":"United States","canonicalUrl":"https://foursquare.com/v/stein-haus/5000d90ae4b09da8af76767b","category":"Bar","checkinsCount":2027,"usersCount":440,"tipCount":15,"visitsCount":2421,"url":"http://steinhauslax.com","tier":1,"message":"Cheap","currency":"$","rating":8},{"name":"River Rats","lat":43.84234195843067,"lng":-91.26469884389167,"city_fetched":"La Crosse","state":"WI","country":"United States","canonicalUrl":"https://foursquare.com/v/river-rats/518f1842498e24b8b9e95b2a","category":"Bar","checkinsCount":415,"usersCount":136,"tipCount":2,"visitsCount":786,"tier":"","message":"","currency":"","rating":7.9},{"name":"Alpine Inn","phone":"6087848470","address":"W5717 Bliss Rd","lat":43.811894886277265,"lng":-91.19279175238265,"city_fetched":"La Crosse","state":"WI","country":"United States","canonicalUrl":"https://foursquare.com/v/alpine-inn/4bd374f8462cb713aa86de07","category":"Dive Bar","checkinsCount":627,"usersCount":331,"tipCount":4,"visitsCount":709,"tier":"","message":"","currency":"","rating":7.8},{"name":"The Casino","phone":"6087821910","address":"304 Pearl St","lat":43.81183067778776,"lng":-91.25308318680479,"city_fetched":"La Crosse","state":"WI","country":"United States","canonicalUrl":"https://foursquare.com/v/the-casino/4e7d64e246906ba64f208e9b","category":"Bar","checkinsCount":940,"usersCount":355,"tipCount":7,"visitsCount":953,"tier":"","message":"","currency":"","rating":7.7},{"name":"DJ's Vogue","phone":"6087799800","address":"Rose St.","lat":43.849803032281855,"lng":-91.23959200784651,"city_fetched":"La Crosse","state":"WI","country":"United States","canonicalUrl":"https://foursquare.com/v/djs-vogue/4bad4527f964a52040403be3","category":"Bar","checkinsCount":846,"usersCount":169,"tipCount":3,"visitsCount":951,"url":"http://djsvogue.com","tier":1,"message":"Cheap","currency":"$","rating":7.7},{"name":"Turtle Stack Brewery","phone":"6085192284","address":"125 2nd St S","lat":43.81268520432604,"lng":-91.25414970099051,"city_fetched":"La Crosse","state":"WI","country":"United States","canonicalUrl":"https://foursquare.com/v/turtle-stack-brewery/5589fb77498e344d64108ac3","category":"Brewery","checkinsCount":123,"usersCount":117,"tipCount":2,"visitsCount":177,"url":"http://www.turtlestackbrewery.com","tier":"","message":"","currency":"","rating":7.7},{"name":"The Starlite Lounge","phone":"6087960905","address":"222 Pearl St","lat":43.81200671195984,"lng":-91.25384452,"city_fetched":"La Crosse","state":"WI","country":"United States","canonicalUrl":"https://foursquare.com/v/the-starlite-lounge/4b80d63ef964a520798e30e3","category":"Bar","checkinsCount":1554,"usersCount":783,"tipCount":24,"visitsCount":1581,"url":"http://buzzardbillys.com/la-crosse/the-starlite-lounge/","tier":2,"message":"Moderate","currency":"$","rating":7.7},{"name":"Sloopy's Bar & Grill","phone":"6087850245","twitter":"sloopyslax","address":"163 Copeland Ave","lat":43.82906267746983,"lng":-91.24980211257935,"city_fetched":"La Crosse","state":"WI","country":"United States","canonicalUrl":"https://foursquare.com/sloopyslax","category":"Sports Bar","checkinsCount":1664,"usersCount":461,"tipCount":16,"visitsCount":1831,"url":"http://www.sloopyslax.com","tier":2,"message":"Moderate","currency":"$","rating":7.7},{"name":"Freighthouse Restaurant","phone":"6087846211","address":"107 Vine St","lat":43.815792984440534,"lng":-91.25318184997563,"city_fetched":"La Crosse","state":"WI","country":"United States","canonicalUrl":"https://foursquare.com/v/freighthouse-restaurant/4b3ac77df964a520536e25e3","category":"Steakhouse","checkinsCount":905,"usersCount":678,"tipCount":22,"visitsCount":989,"url":"http://www.freighthouserestaurant.com","tier":3,"message":"Expensive","currency":"$","rating":7.6},{"name":"The Recovery Room Pub and Grill","phone":"6087828573","address":"901 7th St S","lat":43.80265994408399,"lng":-91.2471356353731,"city_fetched":"La Crosse","state":"WI","country":"United States","canonicalUrl":"https://foursquare.com/v/the-recovery-room-pub-and-grill/4b88b018f964a520be0832e3","category":"Pub","checkinsCount":1509,"usersCount":267,"tipCount":5,"visitsCount":1737,"tier":"","message":"","currency":"","rating":7.6},{"name":"Del's Bar","phone":"6087844990","address":"229 3rd St N","lat":43.81468024903107,"lng":-91.25149726867676,"city_fetched":"La Crosse","state":"WI","country":"United States","canonicalUrl":"https://foursquare.com/v/dels-bar/4be641b6bcef2d7fe80905e5","category":"Bar","checkinsCount":1765,"usersCount":862,"tipCount":19,"visitsCount":1993,"tier":1,"message":"Cheap","currency":"$","rating":7.6},{"name":"Ye Old Style Inn","address":"112 5th Ave S","lat":43.803744000004066,"lng":-91.2502173577803,"city_fetched":"La Crosse","state":"WI","country":"United States","canonicalUrl":"https://foursquare.com/v/ye-old-style-inn/4bca9ddfcc8cd13a1a28becf","category":"Bar","checkinsCount":630,"usersCount":228,"tipCount":7,"visitsCount":781,"tier":"","message":"","currency":"","rating":7.6},{"name":"Tom Sawyer's","phone":"6083171517","address":"Clinton","lat":43.841138772609156,"lng":-91.25958605539707,"city_fetched":"La Crosse","state":"WI","country":"United States","canonicalUrl":"https://foursquare.com/v/tom-sawyers/4de045ea18380dc4dd2bc49d","category":"Restaurant","checkinsCount":419,"usersCount":316,"tipCount":11,"visitsCount":594,"tier":"","message":"","currency":"","rating":7.6},{"name":"The Wine Guyz","phone":"6087829463","address":"122 King St","lat":43.80988874606361,"lng":-91.25600559421697,"city_fetched":"La Crosse","state":"WI","country":"United States","canonicalUrl":"https://foursquare.com/v/the-wine-guyz/4b7e0479f964a52043df2fe3","category":"Wine Bar","checkinsCount":509,"usersCount":231,"tipCount":5,"visitsCount":524,"tier":2,"message":"Moderate","currency":"$","rating":7.5},{"name":"Big Al's Pizzeria","phone":"6087827550","address":"115 3rd St S","lat":43.812323,"lng":-91.25274572,"city_fetched":"La Crosse","state":"WI","country":"United States","canonicalUrl":"https://foursquare.com/v/big-als-pizzeria/4b9990d9f964a520158435e3","category":"Pizza Place","checkinsCount":855,"usersCount":503,"tipCount":18,"visitsCount":865,"url":"http://www.bigalslacrosse.net","tier":2,"message":"Moderate","currency":"$","rating":7.4},{"name":"Arterial Bar","phone":"6087829247","address":"1003 16th St S","lat":43.801257488682346,"lng":-91.2327447336157,"city_fetched":"La Crosse","state":"WI","country":"United States","canonicalUrl":"https://foursquare.com/v/arterial-bar/4bca94870687ef3b796fdccc","category":"Bar","checkinsCount":796,"usersCount":351,"tipCount":7,"visitsCount":1125,"tier":"","message":"","currency":"","rating":7.4},{"name":"Barrel Inn Bar and Grill","phone":"6087888442","address":"2005 West Ave S","lat":43.79132386,"lng":-91.23951301,"city_fetched":"La Crosse","state":"WI","country":"United States","canonicalUrl":"https://foursquare.com/v/barrel-inn-bar-and-grill/4bf9ed2f4a67c92880af27cf","category":"Sports Bar","checkinsCount":892,"usersCount":278,"tipCount":7,"visitsCount":1024,"tier":"","message":"","currency":"","rating":7.3},{"name":"Shimmy's","phone":"6087843779","address":"1203 West Ave S","lat":43.7992911,"lng":-91.23962581157684,"city_fetched":"La Crosse","state":"WI","country":"United States","canonicalUrl":"https://foursquare.com/v/shimmys/4c257fdff1272d7f5f0a85c5","category":"Bar","checkinsCount":236,"usersCount":96,"tipCount":4,"visitsCount":261,"tier":"","message":"","currency":"","rating":7.3},{"name":"JB's Speakeasy","address":"717 Rose St","lat":43.83535981806794,"lng":-91.2482019984715,"city_fetched":"La Crosse","state":"WI","country":"United States","canonicalUrl":"https://foursquare.com/v/jbs-speakeasy/4b6d0835f964a520ee632ce3","category":"Bar","checkinsCount":422,"usersCount":106,"tipCount":6,"visitsCount":460,"tier":"","message":"","currency":"","rating":7.3},{"name":"Unwine'd","address":"201 Main St","lat":43.86918014157363,"lng":-91.202828041168,"city_fetched":"La Crosse","state":"WI","country":"United States","canonicalUrl":"https://foursquare.com/v/unwined/4e2b267318a80bb05856185f","category":"Wine Bar","checkinsCount":134,"usersCount":62,"tipCount":2,"visitsCount":138,"tier":"","message":"","currency":"","rating":7.2},{"name":"Yesterdays","phone":"6087829289","address":"317 Pearl St","lat":43.811769282245315,"lng":-91.25257015228271,"city_fetched":"La Crosse","state":"WI","country":"United States","canonicalUrl":"https://foursquare.com/v/yesterdays/4b652e0bf964a520cce72ae3","category":"Bar","checkinsCount":2700,"usersCount":354,"tipCount":10,"visitsCount":2768,"tier":"","message":"","currency":"","rating":7.2},{"name":"State Room","address":"128 3rd St.","lat":43.813590195869835,"lng":-91.25174420955243,"city_fetched":"La Crosse","state":"WI","country":"United States","canonicalUrl":"https://foursquare.com/v/state-room/4b6e44c8f964a5204bb52ce3","category":"Bar","checkinsCount":1715,"usersCount":543,"tipCount":2,"visitsCount":1791,"tier":1,"message":"Cheap","currency":"$","rating":7.2},{"name":"Flipside Pub & Grill","phone":"6087842242","address":"400 Lang Dr","lat":43.83149681992383,"lng":-91.23905718326569,"city_fetched":"La Crosse","state":"WI","country":"United States","canonicalUrl":"https://foursquare.com/v/flipside-pub--grill/4b9ebf71f964a520b1fe36e3","category":"Pub","checkinsCount":1623,"usersCount":569,"tipCount":13,"visitsCount":2091,"tier":2,"message":"Moderate","currency":"$","rating":7.1},{"name":"The Helm","phone":"6087826324","address":"108 3rd St.","lat":43.81298389170361,"lng":-91.25236436212911,"city_fetched":"La Crosse","state":"WI","country":"United States","canonicalUrl":"https://foursquare.com/v/the-helm/4b5a92f4f964a52001cc28e3","category":"Bar","checkinsCount":1793,"usersCount":541,"tipCount":7,"visitsCount":1838,"tier":1,"message":"Cheap","currency":"$","rating":7.1},{"name":"Fox Hollow Golf Course","phone":"6087864653","twitter":"foxhollowgb","address":"N3287 County Road Oa","lat":43.7980093036875,"lng":-91.2193464795556,"city_fetched":"La Crosse","state":"WI","country":"United States","canonicalUrl":"https://foursquare.com/v/fox-hollow-golf-course/4c49a5296f1420a110bae455","category":"Beer Bar","checkinsCount":712,"usersCount":202,"tipCount":8,"visitsCount":807,"url":"http://www.foxhollowgolfandbanquets.com","tier":1,"message":"Cheap","currency":"$","rating":7},{"name":"Cassbar","address":"620 Cass St","lat":43.808845702867885,"lng":-91.24797650974261,"city_fetched":"La Crosse","state":"WI","country":"United States","canonicalUrl":"https://foursquare.com/v/cassbar/4dc2059eb0fb490416a712b4","category":"Bar","checkinsCount":588,"usersCount":173,"tipCount":7,"visitsCount":605,"tier":"","message":"","currency":"","rating":7},{"name":"Shenanigans Sports Bar & Entertainment Center","phone":"6087833333","twitter":"shenanigansfun","address":"2100 Dawson Ave","lat":43.856696191345094,"lng":-91.25708627868777,"city_fetched":"La Crosse","state":"WI","country":"United States","canonicalUrl":"https://foursquare.com/shenanigansfun","category":"General Entertainment","checkinsCount":652,"usersCount":417,"tipCount":6,"visitsCount":854,"url":"http://www.shenanigansfun.com","tier":"","message":"","currency":"","rating":7},{"name":"John's Bar","phone":"6087829394","address":"109 3rd St","lat":43.812759185213125,"lng":-91.25247711812719,"city_fetched":"La Crosse","state":"WI","country":"United States","canonicalUrl":"https://foursquare.com/v/johns-bar/4b5a9838f964a520f3cc28e3","category":"Bar","checkinsCount":1546,"usersCount":521,"tipCount":10,"visitsCount":1555,"url":"http://www.ralphs.com","tier":1,"message":"Cheap","currency":"$","rating":6.9}]