[{"name":"Darrell's","phone":"3374743651","address":"119 W College St","lat":30.196075762741522,"lng":-93.22013753041155,"city_fetched":"Lake Charles","state":"LA","country":"United States","canonicalUrl":"https://foursquare.com/v/darrells/4b43b3fff964a520f8e625e3","category":"Bar","checkinsCount":1419,"usersCount":1110,"tipCount":43,"visitsCount":2015,"tier":"","message":"","currency":"","rating":9.1},{"name":"Frosty Factory","phone":"3374749019","address":"4688 Common St","lat":30.173701594823893,"lng":-93.21433262784397,"city_fetched":"Lake Charles","state":"LA","country":"United States","canonicalUrl":"https://foursquare.com/v/frosty-factory/4bff3789daf9c9b6aefcf9ef","category":"Karaoke Bar","checkinsCount":310,"usersCount":225,"tipCount":3,"visitsCount":358,"url":"http://www.frostyfactoryclub.com","tier":"","message":"","currency":"","rating":8.5},{"name":"Blue Martini Lake Charles","phone":"3374082583","address":"2550 Golden Nugget Blvd","lat":30.20542803152413,"lng":-93.26341881310985,"city_fetched":"Lake Charles","state":"LA","country":"United States","canonicalUrl":"https://foursquare.com/v/blue-martini-lake-charles/54c46d39498eb5a67281413c","category":"Lounge","checkinsCount":111,"usersCount":69,"tipCount":3,"visitsCount":124,"url":"http://lakecharles.bluemartinilounge.com","tier":"","message":"","currency":"","rating":8.4},{"name":"MacFarlane's Celtic Pub","phone":"3374335992","address":"417 Ann St","lat":30.233238983633015,"lng":-93.21817958662211,"city_fetched":"Lake Charles","state":"LA","country":"United States","canonicalUrl":"https://foursquare.com/v/macfarlanes-celtic-pub/4c4a173fc668e21e73581ff8","category":"Pub","checkinsCount":370,"usersCount":285,"tipCount":7,"visitsCount":488,"url":"http://macfarlanescelticpub.com","tier":"","message":"","currency":"","rating":8.2},{"name":"Chastain's Food & Spirits","phone":"3374744700","twitter":"chastainss","address":"3922 Ryan St","lat":30.186642060362,"lng":-93.21880278325877,"city_fetched":"Lake Charles","state":"LA","country":"United States","canonicalUrl":"https://foursquare.com/v/chastains-food--spirits/4b953765f964a520a69534e3","category":"Seafood Restaurant","checkinsCount":96,"usersCount":83,"tipCount":3,"visitsCount":105,"url":"http://chastainsfood.com","tier":1,"message":"Cheap","currency":"$","rating":8.2},{"name":"L'Auberge du Lac VIP Lounge","address":"777 Ave Lauberge","lat":30.206724532600703,"lng":-93.25901332793399,"city_fetched":"Lake Charles","state":"LA","country":"United States","canonicalUrl":"https://foursquare.com/v/lauberge-du-lac-vip-lounge/4c6b5c35e503c928831548b3","category":"Lounge","checkinsCount":178,"usersCount":112,"tipCount":0,"visitsCount":183,"tier":"","message":"","currency":"","rating":7.7},{"name":"Cajun's Wharf","phone":"3374787333","address":"3500 Ryan St","lat":30.194450635661116,"lng":-93.21894018201405,"city_fetched":"Lake Charles","state":"LA","country":"United States","canonicalUrl":"https://foursquare.com/v/cajuns-wharf/4bef926a96edc9b6b6f04af2","category":"Bar","checkinsCount":223,"usersCount":115,"tipCount":1,"visitsCount":346,"url":"http://pelicanjoe.com","tier":"","message":"","currency":"","rating":7.7},{"name":"My Place American Pub","phone":"3374746447","address":"630 W Prien Lake Rd","lat":30.19885230658215,"lng":-93.22930508968442,"city_fetched":"Lake Charles","state":"LA","country":"United States","canonicalUrl":"https://foursquare.com/v/my-place-american-pub/4e03fa272271233b767beed1","category":"Pub","checkinsCount":338,"usersCount":137,"tipCount":6,"visitsCount":465,"tier":"","message":"","currency":"","rating":7.5},{"name":"Walk-Ons","phone":"3374747333","address":"5313 Common St","lat":30.16363756393961,"lng":-93.2127527148639,"city_fetched":"Lake Charles","state":"LA","country":"United States","canonicalUrl":"https://foursquare.com/v/walkons/56437a68498eb9c6ec88c2cb","category":"Bar","checkinsCount":39,"usersCount":177,"tipCount":1,"visitsCount":293,"tier":"","message":"","currency":"","rating":7.4},{"name":"Cigar Club","phone":"3375628889","twitter":"cigarclub_lc","address":"1700 E Prien Lake Rd Ste 5","lat":30.197712219035136,"lng":-93.19649043982635,"city_fetched":"Lake Charles","state":"LA","country":"United States","canonicalUrl":"https://foursquare.com/v/cigar-club/4da8c7e75da3ba8a476192b1","category":"Smoke Shop","checkinsCount":158,"usersCount":66,"tipCount":1,"visitsCount":166,"tier":"","message":"","currency":"","rating":7.4},{"name":"Ember Grille & Wine Bar","address":"Nelson Rd","lat":30.207039554540657,"lng":-93.2586007944548,"city_fetched":"Lake Charles","state":"LA","country":"United States","canonicalUrl":"https://foursquare.com/v/ember-grille--wine-bar/4e066b9952b165b7d7a844fd","category":"American Restaurant","checkinsCount":189,"usersCount":127,"tipCount":3,"visitsCount":189,"tier":"","message":"","currency":"","rating":7.1},{"name":"Pappy's Deli & Pub","phone":"3374362813","address":"2627 Ryan St","lat":30.205488797968243,"lng":-93.2184362411499,"city_fetched":"Lake Charles","state":"LA","country":"United States","canonicalUrl":"https://foursquare.com/v/pappys-deli--pub/4c329960213c2d7f02c7355d","category":"Bar","checkinsCount":296,"usersCount":118,"tipCount":2,"visitsCount":311,"tier":"","message":"","currency":"","rating":7.1},{"name":"Jack Daniel's Bar & Grill @ L'auberge Du Lac","phone":"3373957102","address":"777 Ave Lauberge","lat":30.206528669540642,"lng":-93.25997591958321,"city_fetched":"Lake Charles","state":"LA","country":"United States","canonicalUrl":"https://foursquare.com/v/jack-daniels-bar--grill--lauberge-du-lac/4d85118c40a7a35d544619be","category":"American Restaurant","checkinsCount":1055,"usersCount":885,"tipCount":15,"visitsCount":1174,"url":"https://www.llakecharles.com/dining/jack-daniel-s-bar-and-grill/","tier":"","message":"","currency":"","rating":7},{"name":"Cowboy's","address":"5329 Common St","lat":30.162915735326692,"lng":-93.21289500306489,"city_fetched":"Lake Charles","state":"LA","country":"United States","canonicalUrl":"https://foursquare.com/v/cowboys/4b6e75bff964a5203ebe2ce3","category":"Nightclub","checkinsCount":162,"usersCount":124,"tipCount":3,"visitsCount":206,"tier":"","message":"","currency":"","rating":6.7}]