[{"name":"Spring House Brewing Company","phone":"7179842530","address":"209 Hazel St","lat":40.02969445108901,"lng":-76.30815422754267,"city_fetched":"Lancaster","state":"PA","country":"United States","canonicalUrl":"https://foursquare.com/v/spring-house-brewing-company/559ed172498e3287ca23bcf5","category":"Brewery","checkinsCount":546,"usersCount":552,"tipCount":8,"visitsCount":1072,"url":"http://www.springhousebeer.com","tier":"","message":"","currency":"","rating":9.4},{"name":"The Fridge","phone":"7174906825","address":"534 N Mulberry St","lat":40.046451,"lng":-76.312189,"neighborhood":"Stadium District","city_fetched":"Lancaster","state":"PA","country":"United States","canonicalUrl":"https://foursquare.com/v/the-fridge/4e4a9b56aeb7de71b3989b52","category":"Beer Garden","checkinsCount":5594,"usersCount":1491,"tipCount":51,"visitsCount":6774,"url":"http://www.beerfridgelancaster.com","tier":2,"message":"Moderate","currency":"$","rating":9.4},{"name":"Lancaster Brewing Company","phone":"7173916258","twitter":"lancasterbrew","address":"302 N Plum St","lat":40.04382012471156,"lng":-76.29822366333534,"city_fetched":"Lancaster","state":"PA","country":"United States","canonicalUrl":"https://foursquare.com/v/lancaster-brewing-company/4a859a27f964a5209afe1fe3","category":"Brewery","checkinsCount":6952,"usersCount":4046,"tipCount":84,"visitsCount":8026,"url":"http://lancasterbrewing.com","tier":2,"message":"Moderate","currency":"$","rating":9.1},{"name":"Belvedere Inn","phone":"7173942422","address":"402 N Queen St","lat":40.04439860507868,"lng":-76.30705715151151,"neighborhood":"Lancaster Central Business District","city_fetched":"Lancaster","state":"PA","country":"United States","canonicalUrl":"https://foursquare.com/v/belvedere-inn/4a8814f8f964a520200520e3","category":"American Restaurant","checkinsCount":4846,"usersCount":1747,"tipCount":36,"visitsCount":5747,"url":"http://belvedereinn.biz","tier":2,"message":"Moderate","currency":"$","rating":8.8},{"name":"BJ's Restaurant & Brewhouse","address":"939 Plaza Blvd","lat":40.066285,"lng":-76.343157,"city_fetched":"Lancaster","state":"PA","country":"United States","canonicalUrl":"https://foursquare.com/v/bjs-restaurant--brewhouse/574db57c498e68948d10d29c","category":"American Restaurant","checkinsCount":160,"usersCount":215,"tipCount":3,"visitsCount":330,"tier":"","message":"","currency":"","rating":8.8},{"name":"Iron Hill Brewery & Restaurant","phone":"7172919800","twitter":"ironhillbrewery","address":"781 Harrisburg Ave","lat":40.05074599448695,"lng":-76.31880218070093,"neighborhood":"Stadium District","city_fetched":"Lancaster","state":"PA","country":"United States","canonicalUrl":"https://foursquare.com/v/iron-hill-brewery--restaurant/4a88138ef964a520180520e3","category":"Brewery","checkinsCount":7881,"usersCount":4052,"tipCount":76,"visitsCount":9145,"url":"http://ironhillbrewery.com","tier":2,"message":"Moderate","currency":"$","rating":8.7},{"name":"Lancaster Dispensing Company","phone":"7172994602","address":"33 N Market St","lat":40.03862695135258,"lng":-76.30693274025631,"neighborhood":"Gallery Row","city_fetched":"Lancaster","state":"PA","country":"United States","canonicalUrl":"https://foursquare.com/v/lancaster-dispensing-company/4a8601acf964a520130020e3","category":"Bar","checkinsCount":5160,"usersCount":1700,"tipCount":26,"visitsCount":5257,"url":"http://dispensingco.com","tier":2,"message":"Moderate","currency":"$","rating":8.7},{"name":"American Bar & Grill","phone":"7173948021","address":"1081 N Plum St","lat":40.05440710616078,"lng":-76.29972799915014,"city_fetched":"Lancaster","state":"PA","country":"United States","canonicalUrl":"https://foursquare.com/v/american-bar--grill/4bd1e272caff95217d8ed1f0","category":"Bar","checkinsCount":2861,"usersCount":973,"tipCount":38,"visitsCount":3539,"url":"http://www.abglancaster.com","tier":2,"message":"Moderate","currency":"$","rating":8.6},{"name":"Horse Inn","phone":"7173925528","address":"540 E Fulton St","lat":40.04301044719049,"lng":-76.29425914808672,"neighborhood":"East Side","city_fetched":"Lancaster","state":"PA","country":"United States","canonicalUrl":"https://foursquare.com/v/horse-inn/4a880a35f964a520060520e3","category":"American Restaurant","checkinsCount":475,"usersCount":351,"tipCount":13,"visitsCount":714,"url":"http://www.horseinnlancaster.com","tier":2,"message":"Moderate","currency":"$","rating":8.6},{"name":"Hunger n Thirst","phone":"7172083808","twitter":"hungernthirst","address":"920 Landis Ave","lat":40.05329321248133,"lng":-76.32561009001363,"city_fetched":"Lancaster","state":"PA","country":"United States","canonicalUrl":"https://foursquare.com/hungernthirst","category":"Gastropub","checkinsCount":1971,"usersCount":893,"tipCount":31,"visitsCount":2720,"url":"http://www.hungernthirst.com","tier":2,"message":"Moderate","currency":"$","rating":8.5},{"name":"Annie Bailey's Irish Pub","phone":"7173934000","twitter":"anniebaileys","address":"28 E King St","lat":40.037775271747684,"lng":-76.3042918011636,"neighborhood":"Lancaster Central Business District","city_fetched":"Lancaster","state":"PA","country":"United States","canonicalUrl":"https://foursquare.com/v/annie-baileys-irish-pub/4a872ccdf964a520080320e3","category":"Pub","checkinsCount":9281,"usersCount":3353,"tipCount":48,"visitsCount":9804,"url":"http://www.anniebaileysirishpub.com","tier":2,"message":"Moderate","currency":"$","rating":8.5},{"name":"Aussie And The Fox","address":"34 West King St.","lat":40.03790608102435,"lng":-76.3071137020436,"neighborhood":"Gallery Row","city_fetched":"Lancaster","state":"PA","country":"United States","canonicalUrl":"https://foursquare.com/v/aussie-and-the-fox/51faded4498e41258d8345cc","category":"Australian Restaurant","checkinsCount":945,"usersCount":609,"tipCount":22,"visitsCount":1043,"url":"http://aussieandthefox.com","tier":2,"message":"Moderate","currency":"$","rating":8.5},{"name":"551 West","phone":"7172083658","address":"551 W King St","lat":40.03752068149821,"lng":-76.31634808128662,"city_fetched":"Lancaster","state":"PA","country":"United States","canonicalUrl":"https://foursquare.com/v/551-west/503c28cdcc641c6c8cf19dd1","category":"American Restaurant","checkinsCount":912,"usersCount":355,"tipCount":22,"visitsCount":1208,"url":"http://www.551west.com","tier":2,"message":"Moderate","currency":"$","rating":8.5},{"name":"Quips Pub","phone":"7173973903","address":"457 New Holland Ave","lat":40.046607,"lng":-76.296682,"neighborhood":"Ross","city_fetched":"Lancaster","state":"PA","country":"United States","canonicalUrl":"https://foursquare.com/v/quips-pub/4b1b14b2f964a520cbf723e3","category":"Pub","checkinsCount":4401,"usersCount":1292,"tipCount":48,"visitsCount":5280,"url":"http://www.quipspub.com","tier":1,"message":"Cheap","currency":"$","rating":8.4},{"name":"Isaac's Pickle Bar","phone":"7173945544","twitter":"isaacsdeli","address":"25 N. Queen St.","lat":40.0386212,"lng":-76.30566336,"neighborhood":"Market District","city_fetched":"Lancaster","state":"PA","country":"United States","canonicalUrl":"https://foursquare.com/v/isaacs-pickle-bar/4b7da19df964a52007cb2fe3","category":"Bar","checkinsCount":2084,"usersCount":861,"tipCount":49,"visitsCount":2157,"url":"http://www.isaacsdeli.com","tier":2,"message":"Moderate","currency":"$","rating":8.2},{"name":"Federal Taphouse","phone":"7174906932","twitter":"fedtaplanc","address":"201 N Queen St","lat":40.04124407362627,"lng":-76.30618627028157,"neighborhood":"Lancaster Central Business District","city_fetched":"Lancaster","state":"PA","country":"United States","canonicalUrl":"https://foursquare.com/v/federal-taphouse/51b9d8c6498e48dd0f8df10d","category":"Bar","checkinsCount":3334,"usersCount":1805,"tipCount":49,"visitsCount":4412,"url":"http://www.federaltaphouse.com","tier":2,"message":"Moderate","currency":"$","rating":8.1},{"name":"The Pillar Lounge","phone":"6107800452","address":"317 N Queen St","lat":40.043292,"lng":-76.30629,"neighborhood":"Lancaster Central Business District","city_fetched":"Lancaster","state":"PA","country":"United States","canonicalUrl":"https://foursquare.com/v/the-pillar-lounge/4be1879eaabe95219c0b9f23","category":"Hookah Bar","checkinsCount":497,"usersCount":234,"tipCount":10,"visitsCount":500,"url":"http://pillarlounge.com","tier":"","message":"","currency":"","rating":8.1},{"name":"Taproom By Spring House Brewing Co.","phone":"7173994009","twitter":"springhousebeer","address":"25 W King St","lat":40.037993360437994,"lng":-76.30666129711379,"neighborhood":"Market District","city_fetched":"Lancaster","state":"PA","country":"United States","canonicalUrl":"https://foursquare.com/v/taproom-by-spring-house-brewing-co/4d4876cff046a1cd64f911f6","category":"Brewery","checkinsCount":6587,"usersCount":2069,"tipCount":58,"visitsCount":6847,"url":"http://springhousebeer.com/taproom.htm","tier":2,"message":"Moderate","currency":"$","rating":7.9},{"name":"Friendly Greek Bottle Shop","phone":"7173936669","address":"549 New Holland Ave","lat":40.048011039847395,"lng":-76.2949717515363,"neighborhood":"Ross","city_fetched":"Lancaster","state":"PA","country":"United States","canonicalUrl":"https://foursquare.com/v/friendly-greek-bottle-shop/4b89d6faf964a5206d5032e3","category":"Bar","checkinsCount":847,"usersCount":389,"tipCount":9,"visitsCount":1311,"url":"http://friendlyg.com","tier":2,"message":"Moderate","currency":"$","rating":7.8},{"name":"Altana","lat":40.038040615289425,"lng":-76.30443318038736,"neighborhood":"Lancaster Central Business District","city_fetched":"Lancaster","state":"PA","country":"United States","canonicalUrl":"https://foursquare.com/v/altana/55c166fd498e7e2d311ec3ea","category":"Lounge","checkinsCount":184,"usersCount":70,"tipCount":2,"visitsCount":185,"tier":"","message":"","currency":"","rating":7.7},{"name":"Rendezvous Lounge","phone":"7172074033","address":"2 E. King St.","lat":40.037988820552776,"lng":-76.30532669360689,"neighborhood":"Market District","city_fetched":"Lancaster","state":"PA","country":"United States","canonicalUrl":"https://foursquare.com/v/rendezvous-lounge/4b772ebff964a52095852ee3","category":"Hotel Bar","checkinsCount":1298,"usersCount":536,"tipCount":4,"visitsCount":1307,"url":"http://pennsquaregrille.com/lounge.html","tier":3,"message":"Expensive","currency":"$","rating":7.6},{"name":"Wacker Brewing","address":"417 West Grant St","lat":40.038168660491664,"lng":-76.31367905534567,"city_fetched":"Lancaster","state":"PA","country":"United States","canonicalUrl":"https://foursquare.com/v/wacker-brewing/5455229a498efbb0dc373399","category":"Brewery","checkinsCount":247,"usersCount":103,"tipCount":0,"visitsCount":270,"tier":"","message":"","currency":"","rating":7.6},{"name":"Mick's All American Pub","phone":"7178243292","address":"1411 Columbia Ave","lat":40.0382857,"lng":-76.3422404,"city_fetched":"Lancaster","state":"PA","country":"United States","canonicalUrl":"https://foursquare.com/v/micks-all-american-pub/4f8a1d4de4b029818ae8cc36","category":"Pub","checkinsCount":1132,"usersCount":463,"tipCount":8,"visitsCount":1311,"url":"http://micksallamericanpub.com","tier":2,"message":"Moderate","currency":"$","rating":7.5},{"name":"Rumplebrewskin's","phone":"7173929645","twitter":"rumplebrewskins","address":"834 N Plum St","lat":40.051854791324956,"lng":-76.2995753041845,"neighborhood":"Ross","city_fetched":"Lancaster","state":"PA","country":"United States","canonicalUrl":"https://foursquare.com/v/rumplebrewskins/4f458befe4b007cd8c625663","category":"Bar","checkinsCount":1378,"usersCount":326,"tipCount":16,"visitsCount":1619,"url":"http://www.rumplebrewskins.com","tier":2,"message":"Moderate","currency":"$","rating":7.4},{"name":"Alley Kat","phone":"7175098686","twitter":"alleykatlanc","address":"30 W Lemon St","lat":40.0441575050354,"lng":-76.30776286125183,"neighborhood":"Lancaster Central Business District","city_fetched":"Lancaster","state":"PA","country":"United States","canonicalUrl":"https://foursquare.com/v/alley-kat/4a7cda53f964a520dded1fe3","category":"American Restaurant","checkinsCount":1987,"usersCount":768,"tipCount":35,"visitsCount":2121,"url":"http://www.alleykatbar.com","tier":2,"message":"Moderate","currency":"$","rating":7.4},{"name":"Marion Court Room","phone":"7173991970","address":"7 Marion Ct","lat":40.040233732948984,"lng":-76.30495345463731,"neighborhood":"Lancaster Central Business District","city_fetched":"Lancaster","state":"PA","country":"United States","canonicalUrl":"https://foursquare.com/v/marion-court-room/4b5bb6a6f964a520a41129e3","category":"Bar","checkinsCount":4073,"usersCount":1466,"tipCount":15,"visitsCount":4547,"url":"http://www.marioncourtroom.com","tier":2,"message":"Moderate","currency":"$","rating":7.3},{"name":"American Legion Post 34","address":"1388 Arcadia Rd","lat":40.067887001180466,"lng":-76.325819297643,"city_fetched":"Lancaster","state":"PA","country":"United States","canonicalUrl":"https://foursquare.com/v/american-legion-post-34/4c72fcb1376da093f4f0a7c6","category":"Bar","checkinsCount":228,"usersCount":126,"tipCount":0,"visitsCount":257,"tier":"","message":"","currency":"","rating":7.3},{"name":"Stubby's Bar and Grille","phone":"7173941635","address":"254 E Frederick St","lat":40.048335764810616,"lng":-76.3012021780014,"neighborhood":"Ross","city_fetched":"Lancaster","state":"PA","country":"United States","canonicalUrl":"https://foursquare.com/v/stubbys-bar-and-grille/4a880be8f964a5200d0520e3","category":"Bar","checkinsCount":4651,"usersCount":821,"tipCount":31,"visitsCount":5104,"url":"http://www.stubbysbarandgrille.com","tier":1,"message":"Cheap","currency":"$","rating":7.1},{"name":"Crush","phone":"7172997090","address":"50 W Grant St","lat":40.038664,"lng":-76.30712638,"neighborhood":"Gallery Row","city_fetched":"Lancaster","state":"PA","country":"United States","canonicalUrl":"https://foursquare.com/v/crush/4b624674f964a520d23f2ae3","category":"Wine Bar","checkinsCount":352,"usersCount":95,"tipCount":5,"visitsCount":356,"tier":"","message":"","currency":"","rating":7.1},{"name":"Chameleon Club","phone":"7173937133","twitter":"chameleon_club","address":"223 N Water St","lat":40.04154229467004,"lng":-76.30902886390686,"neighborhood":"Gallery Row","city_fetched":"Lancaster","state":"PA","country":"United States","canonicalUrl":"https://foursquare.com/v/chameleon-club/4ae507f5f964a5201ba021e3","category":"Rock Club","checkinsCount":4910,"usersCount":2671,"tipCount":28,"visitsCount":5131,"url":"http://www.chameleonclub.net","tier":"","message":"","currency":"","rating":7.1},{"name":"Dirty Ol Tavern","address":"917 S Prince St","lat":40.02268331008537,"lng":-76.30454628365824,"city_fetched":"Lancaster","state":"PA","country":"United States","canonicalUrl":"https://foursquare.com/v/dirty-ol-tavern/4c41f93f3735be9a484019a4","category":"Dive Bar","checkinsCount":175,"usersCount":143,"tipCount":2,"visitsCount":198,"tier":"","message":"","currency":"","rating":7}]