[{"name":"Mitchell's Fish Market","phone":"5174823474","twitter":"mitchellsfm","address":"2975 Preyde Blvd","lat":42.76287805665735,"lng":-84.5153546333313,"city_fetched":"Lansing","state":"MI","country":"United States","canonicalUrl":"https://foursquare.com/v/mitchells-fish-market/4b6c4ebdf964a520632f2ce3","category":"Seafood Restaurant","checkinsCount":2879,"usersCount":1775,"tipCount":36,"visitsCount":3131,"url":"http://www.mitchellsfishmarket.com","tier":2,"message":"Moderate","currency":"$","rating":9},{"name":"Soup Spoon Cafe","phone":"5173162377","twitter":"soupspooncafe","address":"1419 E Michigan Ave","lat":42.73368421240297,"lng":-84.5304436266638,"city_fetched":"Lansing","state":"MI","country":"United States","canonicalUrl":"https://foursquare.com/v/soup-spoon-cafe/4b47aac3f964a520bb3926e3","category":"American Restaurant","checkinsCount":8188,"usersCount":2427,"tipCount":89,"visitsCount":9254,"url":"http://soupspooncafe.com","tier":2,"message":"Moderate","currency":"$","rating":9},{"name":"Crunchy's","phone":"5173512506","twitter":"crunchys","address":"254 W Grand River Ave","lat":42.736418011200946,"lng":-84.48717507657672,"city_fetched":"Lansing","state":"MI","country":"United States","canonicalUrl":"https://foursquare.com/v/crunchys/4b50ee90f964a520593927e3","category":"Bar","checkinsCount":10926,"usersCount":4033,"tipCount":63,"visitsCount":12131,"url":"http://www.crunchyseastlansing.com","tier":2,"message":"Moderate","currency":"$","rating":9},{"name":"Zoobie's Old Town Tavern","phone":"5174832737","twitter":"zoobiestavern","address":"611 E Grand River Ave","lat":42.74760466528407,"lng":-84.54413614385882,"neighborhood":"Old Town","city_fetched":"Lansing","state":"MI","country":"United States","canonicalUrl":"https://foursquare.com/v/zoobies-old-town-tavern/4c65370ae0c4be9ae4778758","category":"Bar","checkinsCount":3246,"usersCount":917,"tipCount":17,"visitsCount":4332,"url":"http://zoobiesoldtowntavern.com","tier":2,"message":"Moderate","currency":"$","rating":8.9},{"name":"EagleMonk Pub & Brewery","phone":"5177087350","address":"4906 W Mount Hope Hwy","lat":42.712282922328676,"lng":-84.61951013188809,"city_fetched":"Lansing","state":"MI","country":"United States","canonicalUrl":"https://foursquare.com/v/eaglemonk-pub--brewery/502bf861e4b0bea49216246d","category":"Brewery","checkinsCount":1745,"usersCount":653,"tipCount":21,"visitsCount":2007,"url":"http://www.eaglemonkbrewing.com","tier":"","message":"","currency":"","rating":8.9},{"name":"HopCat","phone":"5178164300","address":"300 Grove St","lat":42.73595145259993,"lng":-84.48193855233636,"city_fetched":"Lansing","state":"MI","country":"United States","canonicalUrl":"https://foursquare.com/v/hopcat/5214039811d22587b0655efb","category":"Bar","checkinsCount":6787,"usersCount":3890,"tipCount":97,"visitsCount":9041,"url":"http://hopcatel.com","tier":2,"message":"Moderate","currency":"$","rating":8.8},{"name":"Ukai Hibachi Grill & Sushi Bar","phone":"5178538888","address":"754 Delta Commerce Dr","lat":42.74241077995333,"lng":-84.65566635131836,"city_fetched":"Lansing","state":"MI","country":"United States","canonicalUrl":"https://foursquare.com/v/ukai-hibachi-grill--sushi-bar/4b4b4632f964a520309626e3","category":"Sushi Restaurant","checkinsCount":3661,"usersCount":1339,"tipCount":39,"visitsCount":4158,"url":"http://iloveukai.com","tier":3,"message":"Expensive","currency":"$","rating":8.8},{"name":"Dagwood's Tavern & Grill","phone":"5173740390","address":"2803 E Kalamazoo St","lat":42.730094069593264,"lng":-84.51179265975952,"city_fetched":"Lansing","state":"MI","country":"United States","canonicalUrl":"https://foursquare.com/v/dagwoods-tavern--grill/4b9307f4f964a520173034e3","category":"Bar","checkinsCount":3853,"usersCount":1170,"tipCount":35,"visitsCount":4611,"url":"http://www.dagwoodstavern.com","tier":1,"message":"Cheap","currency":"$","rating":8.7},{"name":"Ellison Brewery + Spirits","twitter":"ellisonbrewery","address":"4903 Dawn Ave","lat":42.724086791335026,"lng":-84.45179400253879,"city_fetched":"Lansing","state":"MI","country":"United States","canonicalUrl":"https://foursquare.com/v/ellison-brewery--spirits/553c0b4e498e7eb8131324f0","category":"Brewery","checkinsCount":460,"usersCount":323,"tipCount":4,"visitsCount":796,"url":"http://ellisonbrewing.com","tier":"","message":"","currency":"","rating":8.7},{"name":"Sushi Moto","phone":"5175804321","address":"436 Elmwood Rd","lat":42.7386600766786,"lng":-84.62126970291138,"city_fetched":"Lansing","state":"MI","country":"United States","canonicalUrl":"https://foursquare.com/v/sushi-moto/4b467a75f964a520332226e3","category":"Sushi Restaurant","checkinsCount":1527,"usersCount":601,"tipCount":28,"visitsCount":1789,"url":"http://sushimoto.us","tier":2,"message":"Moderate","currency":"$","rating":8.7},{"name":"Lansing Brewing Company","phone":"5173712600","twitter":"lansingbrews","address":"518 E Shiawassee St","lat":42.73697381990624,"lng":-84.5455513168987,"neighborhood":"The Stadium District","city_fetched":"Lansing","state":"MI","country":"United States","canonicalUrl":"https://foursquare.com/v/lansing-brewing-company/56030355498e2dde31cfe0c1","category":"Brewery","checkinsCount":878,"usersCount":803,"tipCount":9,"visitsCount":1702,"url":"http://www.lansingbrewingcompany.com","tier":"","message":"","currency":"","rating":8.6},{"name":"Peanut Barrel","phone":"5173510608","address":"521 E Grand River Ave","lat":42.73378717243059,"lng":-84.4776038825512,"city_fetched":"Lansing","state":"MI","country":"United States","canonicalUrl":"https://foursquare.com/v/peanut-barrel/4b42b1f9f964a520dad825e3","category":"Bar","checkinsCount":9405,"usersCount":3698,"tipCount":66,"visitsCount":9987,"url":"http://www.peanutbarrel.com","tier":1,"message":"Cheap","currency":"$","rating":8.5},{"name":"Harrison Roadhouse","phone":"5173370200","twitter":"harrisonroadie","address":"720 Michigan Ave","lat":42.734043,"lng":-84.493027,"city_fetched":"Lansing","state":"MI","country":"United States","canonicalUrl":"https://foursquare.com/v/harrison-roadhouse/4b05d9f1f964a52061e422e3","category":"Restaurant","checkinsCount":5486,"usersCount":2593,"tipCount":28,"visitsCount":5890,"url":"http://www.harrisonroadhouse.com","tier":2,"message":"Moderate","currency":"$","rating":8.5},{"name":"The Creole","phone":"+5173711361","twitter":"creolelansing","address":"1218 Turner St","lat":42.74799147396301,"lng":-84.54939219030267,"neighborhood":"Old Town","city_fetched":"Lansing","state":"MI","country":"United States","canonicalUrl":"https://foursquare.com/v/the-creole/55f3496f498e0a0994102306","category":"Cajun / Creole Restaurant","checkinsCount":298,"usersCount":138,"tipCount":4,"visitsCount":325,"url":"http://www.thecreolelansing.com","tier":"","message":"","currency":"","rating":8.3},{"name":"Red Haven","phone":"5176796309","twitter":"eatredhaven","address":"4480 S Hagadorn Rd","lat":42.71114807451873,"lng":-84.46190199849335,"city_fetched":"Lansing","state":"MI","country":"United States","canonicalUrl":"https://foursquare.com/v/red-haven/507f57e8e4b0324d297acbbe","category":"Tapas Restaurant","checkinsCount":718,"usersCount":460,"tipCount":19,"visitsCount":857,"url":"http://eatredhaven.com","tier":3,"message":"Expensive","currency":"$","rating":8.2},{"name":"Leo's Outpost","phone":"5173677755","address":"600 S Pennsylvania Ave","lat":42.72794253141524,"lng":-84.53837871551514,"city_fetched":"Lansing","state":"MI","country":"United States","canonicalUrl":"https://foursquare.com/v/leos-outpost/4af4cd97f964a5205cf621e3","category":"American Restaurant","checkinsCount":3316,"usersCount":1169,"tipCount":26,"visitsCount":3788,"url":"http://www.leoslodge.com/outpost","tier":1,"message":"Cheap","currency":"$","rating":8.2},{"name":"The Waterfront Bar & Grill","phone":"5172673800","address":"325 City Market Dr","lat":42.73559473262878,"lng":-84.54812049865723,"neighborhood":"The Stadium District","city_fetched":"Lansing","state":"MI","country":"United States","canonicalUrl":"https://foursquare.com/v/the-waterfront-bar--grill/4c6bdd2196eaa593334b23df","category":"Bar","checkinsCount":3303,"usersCount":1086,"tipCount":25,"visitsCount":3722,"url":"http://waterfrontlansing.com","tier":1,"message":"Cheap","currency":"$","rating":8.2},{"name":"Blue Midnight Hookah Lounge","phone":"5178539360","twitter":"bluemidnight1","address":"330 Albert Ave","lat":42.73532965659254,"lng":-84.48039121664725,"city_fetched":"Lansing","state":"MI","country":"United States","canonicalUrl":"https://foursquare.com/v/blue-midnight-hookah-lounge/4b7b4811f964a520495c2fe3","category":"Hookah Bar","checkinsCount":850,"usersCount":400,"tipCount":9,"visitsCount":850,"tier":"","message":"","currency":"","rating":8.1},{"name":"Sayli's Hookah Lounge","phone":"5175807968","twitter":"saylishookah","address":"300 N Clippert St","lat":42.73621915945451,"lng":-84.50739709598012,"city_fetched":"Lansing","state":"MI","country":"United States","canonicalUrl":"https://foursquare.com/v/saylis-hookah-lounge/4b3182f4f964a5203b0825e3","category":"Hookah Bar","checkinsCount":1539,"usersCount":377,"tipCount":18,"visitsCount":1547,"url":"http://www.saylishookahlounge.com","tier":1,"message":"Cheap","currency":"$","rating":8},{"name":"Hobies Cafe and Pub","phone":"5173513800","address":"930 Trowbridge Rd","lat":42.72073663545188,"lng":-84.49468970192953,"neighborhood":"Michigan State University","city_fetched":"Lansing","state":"MI","country":"United States","canonicalUrl":"https://foursquare.com/v/hobies-cafe-and-pub/4b7ad033f964a5202e3e2fe3","category":"Bar","checkinsCount":510,"usersCount":220,"tipCount":8,"visitsCount":519,"url":"http://www.hobiesrestaurant.com","tier":2,"message":"Moderate","currency":"$","rating":8},{"name":"Airport Tavern & Steakhouse","phone":"5173213852","twitter":"airportlansing","address":"5000 N Grand River Ave","lat":42.768553978588976,"lng":-84.59639396256313,"city_fetched":"Lansing","state":"MI","country":"United States","canonicalUrl":"https://foursquare.com/v/airport-tavern--steakhouse/4b787cb7f964a520b5d12ee3","category":"Bar","checkinsCount":490,"usersCount":270,"tipCount":9,"visitsCount":566,"url":"http://www.airport-tavern.com","tier":1,"message":"Cheap","currency":"$","rating":8},{"name":"Buddies Pub & Grill","phone":"5173339212","address":"3048 E Lake Lansing Rd","lat":42.756414,"lng":-84.464411,"city_fetched":"Lansing","state":"MI","country":"United States","canonicalUrl":"https://foursquare.com/v/buddies-pub--grill/4b40364cf964a520dfb625e3","category":"Bar","checkinsCount":1758,"usersCount":580,"tipCount":17,"visitsCount":2077,"url":"http://www.buddiesmichigan.com","tier":2,"message":"Moderate","currency":"$","rating":7.9},{"name":"Piazzano's","phone":"5174849922","address":"1825 N Grand River Ave","lat":42.75463474223808,"lng":-84.55821431923923,"city_fetched":"Lansing","state":"MI","country":"United States","canonicalUrl":"https://foursquare.com/v/piazzanos/4b6320aef964a52003652ae3","category":"Italian Restaurant","checkinsCount":870,"usersCount":372,"tipCount":9,"visitsCount":1185,"url":"http://www.piazzanos.com","tier":1,"message":"Cheap","currency":"$","rating":7.9},{"name":"Centerfolds","phone":"5178878320","address":"5910 S Pennsylvania Ave","lat":42.67149585575099,"lng":-84.53887450362289,"neighborhood":"Southside","city_fetched":"Lansing","state":"MI","country":"United States","canonicalUrl":"https://foursquare.com/v/centerfolds/4dccaa2c183899ddfaa656e2","category":"Strip Club","checkinsCount":1146,"usersCount":68,"tipCount":7,"visitsCount":1156,"tier":"","message":"","currency":"","rating":7.9},{"name":"El Azteco","phone":"5174854589","address":"1016 W Saginaw St","lat":42.74121604386731,"lng":-84.56666163321181,"city_fetched":"Lansing","state":"MI","country":"United States","canonicalUrl":"https://foursquare.com/v/el-azteco/4b0b81bff964a520f83123e3","category":"Mexican Restaurant","checkinsCount":1945,"usersCount":950,"tipCount":21,"visitsCount":2500,"url":"http://elazteco.me","tier":2,"message":"Moderate","currency":"$","rating":7.8},{"name":"REO Town Pub And Grille","address":"1147 S Washington Ave","lat":42.720361733333334,"lng":-84.5523199,"neighborhood":"Southside","city_fetched":"Lansing","state":"MI","country":"United States","canonicalUrl":"https://foursquare.com/v/reo-town-pub-and-grille/4cf581231801a143c8d9e3d4","category":"Bar","checkinsCount":520,"usersCount":212,"tipCount":5,"visitsCount":659,"tier":"","message":"","currency":"","rating":7.8},{"name":"Black Cat Bistro","phone":"5175803821","address":"115 Albert Ave","lat":42.736237,"lng":-84.483408,"city_fetched":"Lansing","state":"MI","country":"United States","canonicalUrl":"https://foursquare.com/v/black-cat-bistro/53753788498ecb39e2ef7332","category":"Bistro","checkinsCount":385,"usersCount":242,"tipCount":6,"visitsCount":416,"url":"http://blackcatbistroel.com","tier":"","message":"","currency":"","rating":7.8},{"name":"Leo's Lodge","phone":"5178823850","address":"2525 E Jolly Rd","lat":42.683263528741456,"lng":-84.5149040222168,"neighborhood":"Forest View","city_fetched":"Lansing","state":"MI","country":"United States","canonicalUrl":"https://foursquare.com/v/leos-lodge/4b2a6b57f964a520cea824e3","category":"American Restaurant","checkinsCount":4677,"usersCount":1591,"tipCount":39,"visitsCount":5287,"url":"http://www.leoslodge.com","tier":2,"message":"Moderate","currency":"$","rating":7.8},{"name":"LeRoy's Bar","phone":"5174820184","address":"1526 S Cedar St","lat":42.715781116776235,"lng":-84.54686402475681,"neighborhood":"Southside","city_fetched":"Lansing","state":"MI","country":"United States","canonicalUrl":"https://foursquare.com/v/leroys-bar/4bbd1258078095213e2bda91","category":"Bar","checkinsCount":833,"usersCount":377,"tipCount":14,"visitsCount":1072,"url":"http://www.leroysclassicbar.com","tier":1,"message":"Cheap","currency":"$","rating":7.7},{"name":"Esquire Bar","phone":"5174875338","address":"1250 Turner St","lat":42.748845,"lng":-84.54938113689423,"neighborhood":"Old Town","city_fetched":"Lansing","state":"MI","country":"United States","canonicalUrl":"https://foursquare.com/v/esquire-bar/4bccc6db8920b7133fba9edc","category":"Bar","checkinsCount":2052,"usersCount":393,"tipCount":12,"visitsCount":2404,"tier":"","message":"","currency":"","rating":7.7},{"name":"Nuthouse Sports Grill","phone":"5174846887","twitter":"nuthousesports","address":"420 E Michigan Ave","lat":42.7333553,"lng":-84.54692959785461,"neighborhood":"The Stadium District","city_fetched":"Lansing","state":"MI","country":"United States","canonicalUrl":"https://foursquare.com/v/nuthouse-sports-grill/4ad39032f964a520f6e420e3","category":"Sports Bar","checkinsCount":7784,"usersCount":2577,"tipCount":39,"visitsCount":8165,"url":"http://www.nuthousesportsgrill.com","tier":2,"message":"Moderate","currency":"$","rating":7.6},{"name":"The Tin Can","phone":"5177083441","address":"414 E Michigan Ave","lat":42.733356699373545,"lng":-84.54768061637878,"neighborhood":"The Stadium District","city_fetched":"Lansing","state":"MI","country":"United States","canonicalUrl":"https://foursquare.com/v/the-tin-can/4b746ed6f964a5204edc2de3","category":"Dive Bar","checkinsCount":8232,"usersCount":1755,"tipCount":29,"visitsCount":8370,"url":"http://www.tincanbar.com","tier":1,"message":"Cheap","currency":"$","rating":7.6},{"name":"Downtown Smoking Club","phone":"5172671474","address":"406 S Washington Sq","lat":42.72961223751311,"lng":-84.55218123319197,"neighborhood":"Downtown Lansing","city_fetched":"Lansing","state":"MI","country":"United States","canonicalUrl":"https://foursquare.com/v/downtown-smoking-club/4bdc8d4d3904a5936eb64e9e","category":"Smoke Shop","checkinsCount":142,"usersCount":63,"tipCount":4,"visitsCount":144,"tier":"","message":"","currency":"","rating":7.6},{"name":"Harry's Place","phone":"5174849661","address":"404 N Verlinden Ave","lat":42.73717263333333,"lng":-84.57681477069855,"city_fetched":"Lansing","state":"MI","country":"United States","canonicalUrl":"https://foursquare.com/v/harrys-place/4acfb4cdf964a5206fd520e3","category":"Bar","checkinsCount":771,"usersCount":276,"tipCount":12,"visitsCount":1067,"tier":"","message":"","currency":"","rating":7.6},{"name":"Oade's Bar & Grill","phone":"5173239050","address":"936 Elmwood Rd","lat":42.74347785340162,"lng":-84.62111239238001,"city_fetched":"Lansing","state":"MI","country":"United States","canonicalUrl":"https://foursquare.com/v/oades-bar--grill/4da508a5fa8c7394fc8c35bc","category":"Bar","checkinsCount":2543,"usersCount":319,"tipCount":10,"visitsCount":2780,"tier":"","message":"","currency":"","rating":7.6},{"name":"The Riv","phone":"5173515855","address":"231 MAC Ave","lat":42.735401025398076,"lng":-84.4811853841224,"city_fetched":"Lansing","state":"MI","country":"United States","canonicalUrl":"https://foursquare.com/v/the-riv/4af89522f964a520720e22e3","category":"Bar","checkinsCount":8207,"usersCount":2383,"tipCount":28,"visitsCount":8237,"url":"http://www.therivel.com","tier":"","message":"","currency":"","rating":7.5},{"name":"Midtown Brewing Company","phone":"5179771349","twitter":"mbcdowntownlans","address":"402 S Washington Sq","lat":42.72972704469826,"lng":-84.55239616305123,"neighborhood":"Downtown Lansing","city_fetched":"Lansing","state":"MI","country":"United States","canonicalUrl":"https://foursquare.com/v/midtown-brewing-company/4b5098edf964a520d12827e3","category":"Brewery","checkinsCount":4403,"usersCount":2026,"tipCount":53,"visitsCount":5347,"url":"http://www.midtownbrewingco.com","tier":2,"message":"Moderate","currency":"$","rating":7.5},{"name":"Buddies Pub & Grill","phone":"5173470443","address":"1937 W Grand River Ave","lat":42.719911792197145,"lng":-84.41927974693563,"city_fetched":"Lansing","state":"MI","country":"United States","canonicalUrl":"https://foursquare.com/v/buddies-pub--grill/4b622be0f964a520073a2ae3","category":"Bar","checkinsCount":2425,"usersCount":1011,"tipCount":19,"visitsCount":2747,"url":"http://www.buddiesmichigan.com","tier":2,"message":"Moderate","currency":"$","rating":7.5},{"name":"Green Door Blues Bar & Grill","phone":"5174826376","address":"2005 E Michigan Ave","lat":42.733833470270206,"lng":-84.52211916446686,"city_fetched":"Lansing","state":"MI","country":"United States","canonicalUrl":"https://foursquare.com/v/green-door-blues-bar--grill/4af894b5f964a5206f0e22e3","category":"Rock Club","checkinsCount":4905,"usersCount":1046,"tipCount":24,"visitsCount":5274,"url":"http://www.greendoorlive.com","tier":"","message":"","currency":"","rating":7.5},{"name":"Stobers Bar","phone":"5174874464","address":"812 E Michigan Ave","lat":42.733431564467665,"lng":-84.54035818576813,"neighborhood":"The Stadium District","city_fetched":"Lansing","state":"MI","country":"United States","canonicalUrl":"https://foursquare.com/v/stobers-bar/4b4e7831f964a520e5ee26e3","category":"Bar","checkinsCount":3758,"usersCount":1088,"tipCount":15,"visitsCount":4042,"tier":1,"message":"Cheap","currency":"$","rating":7.4},{"name":"Roadhouse Pub","phone":"5173516868","address":"122 N Harrison Rd","lat":42.734342113394774,"lng":-84.49341932256362,"city_fetched":"Lansing","state":"MI","country":"United States","canonicalUrl":"https://foursquare.com/v/roadhouse-pub/4ed70ed67ee53b380f5bdaab","category":"Pub","checkinsCount":1439,"usersCount":561,"tipCount":4,"visitsCount":1661,"tier":1,"message":"Cheap","currency":"$","rating":7.4},{"name":"Fieldhouse","lat":42.735837,"lng":-84.481656,"city_fetched":"Lansing","state":"MI","country":"United States","canonicalUrl":"https://foursquare.com/v/fieldhouse/56108612498e00424c16d15f","category":"Bar","checkinsCount":148,"usersCount":90,"tipCount":1,"visitsCount":161,"tier":"","message":"","currency":"","rating":7.4},{"name":"Los Tres Amigos","phone":"5173270545","twitter":"lostresamigos9","address":"5010 W Saginaw Hwy","lat":42.74133917359828,"lng":-84.62043285369873,"city_fetched":"Lansing","state":"MI","country":"United States","canonicalUrl":"https://foursquare.com/v/los-tres-amigos/4b460d86f964a520091526e3","category":"Mexican Restaurant","checkinsCount":2127,"usersCount":932,"tipCount":15,"visitsCount":2603,"url":"http://lostresamigosonline.com","tier":2,"message":"Moderate","currency":"$","rating":7.4},{"name":"Beggar's Banquet","phone":"5173514540","twitter":"beggars1973","address":"218 Abbot Rd","lat":42.735776,"lng":-84.483469,"city_fetched":"Lansing","state":"MI","country":"United States","canonicalUrl":"https://foursquare.com/v/beggars-banquet/4ad68fc1f964a520d10721e3","category":"Restaurant","checkinsCount":6113,"usersCount":2390,"tipCount":46,"visitsCount":6263,"url":"http://www.beggarsbanquet.com","tier":2,"message":"Moderate","currency":"$","rating":7.4},{"name":"Taps 25","phone":"5179130103","twitter":"taps25lansing","address":"414 E Michigan Ave","lat":42.73337042415823,"lng":-84.54752934214187,"neighborhood":"The Stadium District","city_fetched":"Lansing","state":"MI","country":"United States","canonicalUrl":"https://foursquare.com/v/taps-25/4f9ef78de4b0027bd6b09d64","category":"Bar","checkinsCount":3369,"usersCount":902,"tipCount":20,"visitsCount":3542,"url":"http://www.taps25.com","tier":2,"message":"Moderate","currency":"$","rating":7.3},{"name":"Hooters","phone":"5173937997","address":"172 E Edgewood Blvd","lat":42.66171543364374,"lng":-84.55127544862063,"neighborhood":"Southside","city_fetched":"Lansing","state":"MI","country":"United States","canonicalUrl":"https://foursquare.com/v/hooters/4b16a28ef964a5202fbb23e3","category":"Wings Joint","checkinsCount":2479,"usersCount":1014,"tipCount":17,"visitsCount":2604,"url":"http://www.hooters.com","tier":2,"message":"Moderate","currency":"$","rating":7.3},{"name":"Tavern & Tap","phone":"5173745555","address":"101 S Washington Sq","lat":42.73339216179781,"lng":-84.55188095569609,"neighborhood":"Downtown Lansing","city_fetched":"Lansing","state":"MI","country":"United States","canonicalUrl":"https://foursquare.com/v/tavern--tap/4ace8e28f964a52031d120e3","category":"Lounge","checkinsCount":10315,"usersCount":2035,"tipCount":53,"visitsCount":10429,"url":"http://www.tavernandtap.com","tier":2,"message":"Moderate","currency":"$","rating":7.2},{"name":"Champps","phone":"5172679306","twitter":"champps","address":"2800 Preyde Blvd.","lat":42.76223484,"lng":-84.51255741,"city_fetched":"Lansing","state":"MI","country":"United States","canonicalUrl":"https://foursquare.com/v/champps/4b0873dcf964a5202e0c23e3","category":"American Restaurant","checkinsCount":4798,"usersCount":2815,"tipCount":24,"visitsCount":5472,"url":"http://t.co/9OBCSXZCsI","tier":2,"message":"Moderate","currency":"$","rating":7.2},{"name":"La Senorita","phone":"5174850166","address":"2706 Lake Lansing Rd","lat":42.76016050495138,"lng":-84.51237201690674,"neighborhood":"Groesbeck Area","city_fetched":"Lansing","state":"MI","country":"United States","canonicalUrl":"https://foursquare.com/v/la-senorita/4b2a6710f964a5206fa824e3","category":"Mexican Restaurant","checkinsCount":2328,"usersCount":1344,"tipCount":28,"visitsCount":2599,"url":"http://www.lasenorita.com","tier":2,"message":"Moderate","currency":"$","rating":7.2},{"name":"Genesee Neighborhood","address":"Westmoreland and Genesee","lat":42.7387546350112,"lng":-84.57226037979126,"city_fetched":"Lansing","state":"MI","country":"United States","canonicalUrl":"https://foursquare.com/v/genesee-neighborhood/4c007b65147bd13a7c922a4d","category":"Building","checkinsCount":940,"usersCount":231,"tipCount":2,"visitsCount":1170,"tier":"","message":"","currency":"","rating":7.2},{"name":"Westgate Tavern","phone":"5173239170","address":"623 N Rosemary St","lat":42.740408092755914,"lng":-84.58795097951614,"city_fetched":"Lansing","state":"MI","country":"United States","canonicalUrl":"https://foursquare.com/v/westgate-tavern/4c3e2d150e0d0f47672f157f","category":"American Restaurant","checkinsCount":453,"usersCount":172,"tipCount":7,"visitsCount":507,"tier":"","message":"","currency":"","rating":7.1},{"name":"Beer Grotto Lansing","phone":"5173711080","twitter":"tbglansing","address":"500 E Michigan Ave","lat":42.73333232245775,"lng":-84.54652624532355,"neighborhood":"The Stadium District","city_fetched":"Lansing","state":"MI","country":"United States","canonicalUrl":"https://foursquare.com/v/beer-grotto-lansing/54f7324c498ed2f99275d54c","category":"Bar","checkinsCount":448,"usersCount":270,"tipCount":2,"visitsCount":594,"url":"http://www.beergrotto.com","tier":"","message":"","currency":"","rating":7.1},{"name":"Whiskey Barrel Saloon","phone":"5173515690","twitter":"wblansing","address":"410 S Clippert St","lat":42.729445,"lng":-84.50898099999999,"neighborhood":"Michigan State University","city_fetched":"Lansing","state":"MI","country":"United States","canonicalUrl":"https://foursquare.com/v/whiskey-barrel-saloon/4af89568f964a520730e22e3","category":"Bar","checkinsCount":1705,"usersCount":797,"tipCount":10,"visitsCount":1747,"url":"http://whiskeybarrelsaloon.net","tier":1,"message":"Cheap","currency":"$","rating":7.1},{"name":"Coach's All American Pub & Grill","phone":"5178822013","address":"6201 Bishop Rd","lat":42.66163327769022,"lng":-84.59046201342838,"city_fetched":"Lansing","state":"MI","country":"United States","canonicalUrl":"https://foursquare.com/v/coachs-all-american-pub--grill/4b9830dbf964a520db3235e3","category":"Sports Bar","checkinsCount":1911,"usersCount":581,"tipCount":9,"visitsCount":2181,"url":"http://coachspubandgrill.com","tier":2,"message":"Moderate","currency":"$","rating":7},{"name":"The Loft","phone":"5172677898","address":"414 E Michigan Ave","lat":42.73332871307444,"lng":-84.5474218683108,"neighborhood":"The Stadium District","city_fetched":"Lansing","state":"MI","country":"United States","canonicalUrl":"https://foursquare.com/v/the-loft/4bdba0453904a59329824b9e","category":"Music Venue","checkinsCount":2715,"usersCount":1617,"tipCount":13,"visitsCount":2760,"url":"http://www.theloftlansing.com","tier":"","message":"","currency":"","rating":7},{"name":"Spiral Dance Bar","phone":"5173713221","twitter":"clubspiral","address":"1247 Center St","lat":42.74885416030884,"lng":-84.548326,"neighborhood":"Old Town","city_fetched":"Lansing","state":"MI","country":"United States","canonicalUrl":"https://foursquare.com/clubspiral","category":"Gay Bar","checkinsCount":4393,"usersCount":1106,"tipCount":16,"visitsCount":4667,"url":"http://www.spiraldancebar.com","tier":2,"message":"Moderate","currency":"$","rating":7},{"name":"Dispatch","phone":"5174847940","address":"3004 W Main St","lat":42.72230719678758,"lng":-84.59068179130554,"city_fetched":"Lansing","state":"MI","country":"United States","canonicalUrl":"https://foursquare.com/v/dispatch/4b59d4f7f964a520bc9a28e3","category":"Bar","checkinsCount":1315,"usersCount":612,"tipCount":13,"visitsCount":1718,"tier":2,"message":"Moderate","currency":"$","rating":6.9},{"name":"SIX Lounge Hookah & Smoke Shop","address":"400 Albert Ave","lat":42.73511324443606,"lng":-84.47940233496288,"city_fetched":"Lansing","state":"MI","country":"United States","canonicalUrl":"https://foursquare.com/v/six-lounge-hookah--smoke-shop/4f24ce76e4b047657a2575b6","category":"Hookah Bar","checkinsCount":431,"usersCount":250,"tipCount":8,"visitsCount":434,"tier":"","message":"","currency":"","rating":6.8}]