[{"name":"Local Republic","phone":"6782054782","twitter":"localrepublicga","address":"225 W Crogan St","lat":33.956076,"lng":-83.99001,"city_fetched":"Lawrence","state":"GA","country":"United States","canonicalUrl":"https://foursquare.com/v/local-republic/4da767e2fa8c4175d0a11615","category":"Gastropub","checkinsCount":3025,"usersCount":1305,"tipCount":69,"visitsCount":3253,"url":"http://www.thelocalrepublic.com","tier":2,"message":"Moderate","currency":"$","rating":8.7},{"name":"Exhibit A(le)","phone":"6788695499","address":"183 N Perry St","lat":33.95696284187607,"lng":-83.9898410068828,"city_fetched":"Lawrence","state":"GA","country":"United States","canonicalUrl":"https://foursquare.com/v/exhibit-ale/4ff21ccae4b021f31d77799e","category":"Beer Garden","checkinsCount":393,"usersCount":133,"tipCount":5,"visitsCount":399,"url":"http://exhibitalegrowler.com","tier":"","message":"","currency":"","rating":8.2},{"name":"Johnny's New York Style Pizza","phone":"6789858228","twitter":"johnnyspizza","address":"3157 Sugarloaf Pkwy","lat":33.92107129096985,"lng":-84.01030540466309,"city_fetched":"Lawrence","state":"GA","country":"United States","canonicalUrl":"https://foursquare.com/v/johnnys-new-york-style-pizza/4e9224acb8f7cece22b843f5","category":"Pizza Place","checkinsCount":1946,"usersCount":652,"tipCount":17,"visitsCount":2348,"url":"https://www.facebook.com/johnnysnypizza","tier":2,"message":"Moderate","currency":"$","rating":7.8},{"name":"Sportsline Bar and Grill","phone":"7709955210","address":"970-998 Duluth Highway 120","lat":33.96792670183449,"lng":-84.03347315428245,"city_fetched":"Lawrence","state":"GA","country":"United States","canonicalUrl":"https://foursquare.com/v/sportsline-bar-and-grill/4c5ca84794fd0f472c5ec945","category":"Sports Bar","checkinsCount":901,"usersCount":356,"tipCount":7,"visitsCount":1088,"url":"http://www.sportslinebar.com","tier":"","message":"","currency":"","rating":6.7},{"name":"American Classic Tavern","phone":"7706828104","address":"909 Parkside Walk Ln","lat":33.968941313687075,"lng":-84.02617835354572,"city_fetched":"Lawrence","state":"GA","country":"United States","canonicalUrl":"https://foursquare.com/v/american-classic-tavern/4e373446d164374eb684bde7","category":"Bar","checkinsCount":822,"usersCount":277,"tipCount":13,"visitsCount":823,"tier":"","message":"","currency":"","rating":5.5}]