[{"name":"Backporch Drafthouse","phone":"5806992990","address":"1925 W Gore Blvd","lat":34.60913784552354,"lng":-98.41921215143284,"city_fetched":"Lawton","state":"OK","country":"United States","canonicalUrl":"https://foursquare.com/v/backporch-drafthouse/51059832e4b09faec3e506a2","category":"Beer Garden","checkinsCount":641,"usersCount":478,"tipCount":16,"visitsCount":1157,"url":"http://bpdrafthouse.com","tier":2,"message":"Moderate","currency":"$","rating":8.4},{"name":"Comanche Nation Casino","phone":"8663542500","twitter":"cnclawton","address":"402 SE Interstate Dr","lat":34.60410359324766,"lng":-98.37584265271043,"city_fetched":"Lawton","state":"OK","country":"United States","canonicalUrl":"https://foursquare.com/v/comanche-nation-casino/4c3438077cc0c9b63e02f39a","category":"Casino","checkinsCount":636,"usersCount":537,"tipCount":7,"visitsCount":1011,"url":"http://comanchenationcasino.com","tier":"","message":"","currency":"","rating":7.8},{"name":"Red Dirt Bar & Grill","phone":"5806993478","address":"6425 NW Cache Rd Ste 103","lat":34.623835,"lng":-98.472499,"city_fetched":"Lawton","state":"OK","country":"United States","canonicalUrl":"https://foursquare.com/v/red-dirt-bar--grill/4defae9f1f6e6d354186cc76","category":"Sports Bar","checkinsCount":456,"usersCount":223,"tipCount":7,"visitsCount":511,"url":"http://www.reddirtgrill.com","tier":"","message":"","currency":"","rating":6.4},{"name":"Scooters","address":"7602 SW Lee Blvd","lat":34.59375088915382,"lng":-98.48528889245694,"city_fetched":"Lawton","state":"OK","country":"United States","canonicalUrl":"https://foursquare.com/v/scooters/4cd1eeaa1ac7a1cd78fd2192","category":"Bar","checkinsCount":382,"usersCount":178,"tipCount":3,"visitsCount":467,"tier":"","message":"","currency":"","rating":5.9},{"name":"The White Buffalo","phone":"5806995500","address":"200 SW C Ave","lat":34.605181,"lng":-98.390438,"city_fetched":"Lawton","state":"OK","country":"United States","canonicalUrl":"https://foursquare.com/v/the-white-buffalo/50b3aebce4b01c01b5b39354","category":"Restaurant","checkinsCount":236,"usersCount":128,"tipCount":7,"visitsCount":258,"url":"http://www.thewhitebuffalolawton.com","tier":2,"message":"Moderate","currency":"$","rating":5.8},{"name":"Mike's Sports Grill","twitter":"mikesportgrille","address":"517 E Gore Blvd","lat":34.608459780517016,"lng":-98.3816651844876,"city_fetched":"Lawton","state":"OK","country":"United States","canonicalUrl":"https://foursquare.com/v/mikes-sports-grill/4be2f5f32fc7d13abc77083a","category":"Sports Bar","checkinsCount":873,"usersCount":516,"tipCount":8,"visitsCount":1159,"url":"http://mikessportsgrille.com","tier":"","message":"","currency":"","rating":5.6},{"name":"Hampton Inn & Suites Lawton","twitter":"hampton","address":"2610 NW Cache Rd","lat":34.62187443312577,"lng":-98.42824572198926,"city_fetched":"Lawton","state":"OK","country":"United States","canonicalUrl":"https://foursquare.com/v/hampton-inn--suites-lawton/4bc9f9a4a276eee138366202","category":"Hotel","checkinsCount":391,"usersCount":243,"tipCount":4,"visitsCount":515,"url":"http://www.hampton.com","tier":"","message":"","currency":"","rating":5.6}]