[{"name":"Five Oaks Golf & Country Club","phone":"6154442784","address":"621 Five Oaks Blvd","lat":36.2480027163025,"lng":-86.37716846776584,"city_fetched":"Lebanon","state":"TN","country":"United States","canonicalUrl":"https://foursquare.com/v/five-oaks-golf--country-club/4b362661f964a5208d3025e3","category":"Bar","checkinsCount":640,"usersCount":181,"tipCount":1,"visitsCount":753,"url":"http://five-oaks.com","tier":"","message":"","currency":"","rating":7.7},{"name":"Sammy B's","address":"The Mill","lat":36.21112474893471,"lng":-86.29324210008406,"city_fetched":"Lebanon","state":"TN","country":"United States","canonicalUrl":"https://foursquare.com/v/sammy-bs/50e46b15e4b0a2f228aed844","category":"Pub","checkinsCount":119,"usersCount":74,"tipCount":6,"visitsCount":132,"tier":"","message":"","currency":"","rating":7.4},{"name":"Castle Heights Chop House","phone":"6154499800","address":"705 Cadet Ct","lat":36.213330030441284,"lng":-86.307633,"city_fetched":"Lebanon","state":"TN","country":"United States","canonicalUrl":"https://foursquare.com/v/castle-heights-chop-house/4b3624dff964a5207b3025e3","category":"Southern / Soul Food Restaurant","checkinsCount":219,"usersCount":117,"tipCount":7,"visitsCount":219,"tier":"","message":"","currency":"","rating":7.1},{"name":"Legends Bar & Grill","address":"155 Legends Dr","lat":36.189403,"lng":-86.293379,"city_fetched":"Lebanon","state":"TN","country":"United States","canonicalUrl":"https://foursquare.com/v/legends-bar--grill/4c0077659cf52d7f0fe013e7","category":"Bar","checkinsCount":215,"usersCount":131,"tipCount":3,"visitsCount":222,"tier":"","message":"","currency":"","rating":6.7},{"name":"Pro Bowling Center","phone":"6154493898","address":"501 W Baddour Pkwy","lat":36.21491722092656,"lng":-86.30151271820068,"city_fetched":"Lebanon","state":"TN","country":"United States","canonicalUrl":"https://foursquare.com/v/pro-bowling-center/4c0155de716bc9b65fa7bb55","category":"Bowling Alley","checkinsCount":311,"usersCount":131,"tipCount":4,"visitsCount":354,"tier":"","message":"","currency":"","rating":6.7}]