[{"name":"Bathtub Row Brewing","phone":"5055008381","twitter":"bathtubrow","address":"163 Central Park Sq","lat":35.88371806127854,"lng":-106.30059875082947,"city_fetched":"Los Alamos","state":"NM","country":"United States","canonicalUrl":"https://foursquare.com/v/bathtub-row-brewing/55384992498e754de2c14918","category":"Brewery","checkinsCount":301,"usersCount":64,"tipCount":4,"visitsCount":368,"url":"http://www.bathtubrowbrewing.coop","tier":"","message":"","currency":"","rating":8.3},{"name":"Pajarito Brew Pub And Grill","phone":"5056628877","address":"614 Trinity Dr","lat":35.880024544214216,"lng":-106.2933341676225,"city_fetched":"Los Alamos","state":"NM","country":"United States","canonicalUrl":"https://foursquare.com/v/pajarito-brew-pub-and-grill/5091d26ce4b0605c1cc51d40","category":"Pub","checkinsCount":590,"usersCount":267,"tipCount":14,"visitsCount":826,"url":"http://pajaritobrewpubandgrill.com","tier":"","message":"","currency":"","rating":7.3}]