[{"name":"Waterstone Pizza","phone":"4344551515","twitter":"waterstonepizza","address":"1310 Jefferson St.","lat":37.411892196075925,"lng":-79.13701826929902,"neighborhood":"Central Business District","city_fetched":"Lynchburg","state":"VA","country":"United States","canonicalUrl":"https://foursquare.com/v/waterstone-pizza/4b477c24f964a520a23326e3","category":"Pizza Place","checkinsCount":2773,"usersCount":1512,"tipCount":39,"visitsCount":3085,"url":"http://www.waterstonepizza.com","tier":2,"message":"Moderate","currency":"$","rating":9.1},{"name":"Rivermont Pizza","phone":"4348468463","address":"2496 Rivermont Ave","lat":37.43524459951639,"lng":-79.17110331697917,"city_fetched":"Lynchburg","state":"VA","country":"United States","canonicalUrl":"https://foursquare.com/v/rivermont-pizza/4b71ec13f964a52055642de3","category":"Pizza Place","checkinsCount":3244,"usersCount":920,"tipCount":31,"visitsCount":3564,"tier":2,"message":"Moderate","currency":"$","rating":8.9},{"name":"Beer 88","phone":"4345825025","address":"113 Hexham Dr","lat":37.355948715909435,"lng":-79.23969913776943,"neighborhood":"Wyndhurst","city_fetched":"Lynchburg","state":"VA","country":"United States","canonicalUrl":"https://foursquare.com/v/beer-88/55c3dd47498e5f402db87f70","category":"Pub","checkinsCount":145,"usersCount":109,"tipCount":5,"visitsCount":281,"url":"http://www.beer88va.com","tier":"","message":"","currency":"","rating":7.9},{"name":"Isabella's Italian Trattoria","phone":"4343851660","twitter":"isabellasburg","address":"4925 Boonsboro Rd","lat":37.44678527622954,"lng":-79.21930519388266,"neighborhood":"Bedford Hills","city_fetched":"Lynchburg","state":"VA","country":"United States","canonicalUrl":"https://foursquare.com/v/isabellas-italian-trattoria/4baf841ef964a52052063ce3","category":"Restaurant","checkinsCount":650,"usersCount":359,"tipCount":8,"visitsCount":713,"url":"http://www.isabellasitalian.com","tier":2,"message":"Moderate","currency":"$","rating":7.8},{"name":"Dahlia Restaurant","phone":"4349489321","address":"2231 Bedford Ave","lat":37.433243133333335,"lng":-79.164476,"city_fetched":"Lynchburg","state":"VA","country":"United States","canonicalUrl":"https://foursquare.com/v/dahlia-restaurant/4d23b0c4668f60fcda45b16f","category":"Bar","checkinsCount":400,"usersCount":213,"tipCount":12,"visitsCount":483,"url":"http://thedahlialynchburg.com","tier":"","message":"","currency":"","rating":7.7},{"name":"TGI Fridays","phone":"4342379260","twitter":"tgifridays","address":"7815 Timberlake Rd","lat":37.352844,"lng":-79.226949,"city_fetched":"Lynchburg","state":"VA","country":"United States","canonicalUrl":"https://foursquare.com/v/tgi-fridays/4b92e21ef964a520322434e3","category":"American Restaurant","checkinsCount":4127,"usersCount":954,"tipCount":26,"visitsCount":4400,"url":"http://tgifridays.com","tier":2,"message":"Moderate","currency":"$","rating":7.5},{"name":"Stoney Badger Tavern","phone":"4345943674","address":"3009 Old Forest Rd","lat":37.41472363471985,"lng":-79.2061311006546,"neighborhood":"Linkhorne","city_fetched":"Lynchburg","state":"VA","country":"United States","canonicalUrl":"https://foursquare.com/v/stoney-badger-tavern/4c0eb8d175f99c743d83ecc4","category":"Bar","checkinsCount":1434,"usersCount":456,"tipCount":12,"visitsCount":1702,"url":"http://stoneybadgertavern.com","tier":"","message":"","currency":"","rating":7.5},{"name":"Macado's Restaurant & Bar","phone":"4348456464","address":"3744 Candlers Mountain Rd","lat":37.3586966428528,"lng":-79.17108535766602,"city_fetched":"Lynchburg","state":"VA","country":"United States","canonicalUrl":"https://foursquare.com/v/macados-restaurant--bar/4bcf945ba8b3a593ef8f625f","category":"Sandwich Place","checkinsCount":2134,"usersCount":1149,"tipCount":26,"visitsCount":2501,"url":"http://macados.net","tier":2,"message":"Moderate","currency":"$","rating":7.4},{"name":"Buffalo Wild Wings","phone":"4342378111","twitter":"bwwings","address":"3812 Wards Rd","lat":37.355991,"lng":-79.184447,"city_fetched":"Lynchburg","state":"VA","country":"United States","canonicalUrl":"https://foursquare.com/v/buffalo-wild-wings/4b7df5faf964a52049dc2fe3","category":"Wings Joint","checkinsCount":7063,"usersCount":1902,"tipCount":41,"visitsCount":8406,"url":"http://www.buffalowildwings.com","tier":2,"message":"Moderate","currency":"$","rating":7.4},{"name":"Gud Timz Hookah Lounge","phone":"4343858087","address":"17912 Forest Rd Suit B","lat":37.3762851,"lng":-79.24960434436798,"city_fetched":"Lynchburg","state":"VA","country":"United States","canonicalUrl":"https://foursquare.com/v/gud-timz-hookah-lounge/4d68675c342b8cfa90e2b92c","category":"Hookah Bar","checkinsCount":266,"usersCount":111,"tipCount":6,"visitsCount":269,"url":"http://gudtimzhookah.com","tier":"","message":"","currency":"","rating":5.9},{"name":"Blue Dahlia","phone":"4344552895","address":"2200 Graves Mill Rd","lat":37.37939558115133,"lng":-79.25400475115143,"city_fetched":"Lynchburg","state":"VA","country":"United States","canonicalUrl":"https://foursquare.com/v/blue-dahlia/4b802962f964a520095830e3","category":"American Restaurant","checkinsCount":475,"usersCount":197,"tipCount":10,"visitsCount":509,"url":"http://thebluedahlia.net","tier":"","message":"","currency":"","rating":5.8}]