[{"name":"The Tavern At Tina's","phone":"5869492288","address":"50870 North Ave","lat":42.671892347824226,"lng":-82.87752439197628,"city_fetched":"Macomb","state":"MI","country":"United States","canonicalUrl":"https://foursquare.com/v/the-tavern-at-tinas/4e2a2624b61cd0108366c3fc","category":"Sports Bar","checkinsCount":523,"usersCount":390,"tipCount":6,"visitsCount":790,"url":"http://www.thetavernattinas.com","tier":1,"message":"Cheap","currency":"$","rating":9},{"name":"C.J. Barrymore's","phone":"5864692800","address":"21750 Hall Rd","lat":42.627905251944675,"lng":-82.8954748366446,"city_fetched":"Macomb","state":"MI","country":"United States","canonicalUrl":"https://foursquare.com/v/cj-barrymores/4b427f40f964a52019d525e3","category":"General Entertainment","checkinsCount":3827,"usersCount":2973,"tipCount":14,"visitsCount":4601,"url":"http://www.cjbarrymores.com","tier":"","message":"","currency":"","rating":8.5},{"name":"Alley 59","phone":"5864696411","address":"44925 N Groesbeck Hwy","lat":42.628413531172455,"lng":-82.87767291069031,"city_fetched":"Macomb","state":"MI","country":"United States","canonicalUrl":"https://foursquare.com/v/alley-59/4b897410f964a520ba3732e3","category":"Bowling Alley","checkinsCount":1291,"usersCount":398,"tipCount":5,"visitsCount":1442,"url":"http://www.alley59.com","tier":"","message":"","currency":"","rating":8.2},{"name":"Sherwood Brewing Company","phone":"5865329669","address":"45689 Hayes Rd","lat":42.63209703942082,"lng":-82.97477727907531,"city_fetched":"Macomb","state":"MI","country":"United States","canonicalUrl":"https://foursquare.com/v/sherwood-brewing-company/4b26f7ecf964a520968324e3","category":"Brewery","checkinsCount":6890,"usersCount":1567,"tipCount":41,"visitsCount":7501,"url":"http://sherwoodbrewing.com","tier":2,"message":"Moderate","currency":"$","rating":8.2},{"name":"Boston's Restaurant & Sports Bar","phone":"5862474992","twitter":"bostonscorp","address":"15133 Hall Rd","lat":42.62825861730525,"lng":-82.9749610069825,"city_fetched":"Macomb","state":"MI","country":"United States","canonicalUrl":"https://foursquare.com/v/bostons-restaurant--sports-bar/4b54f056f964a52027d427e3","category":"Bar","checkinsCount":9470,"usersCount":3335,"tipCount":53,"visitsCount":10344,"url":"http://www.bostons.com","tier":2,"message":"Moderate","currency":"$","rating":8.1},{"name":"Kit Kat Klub","phone":"5867813171","address":"55140 Romeo Plank Rd","lat":42.70177879477128,"lng":-82.9588015015006,"city_fetched":"Macomb","state":"MI","country":"United States","canonicalUrl":"https://foursquare.com/v/kit-kat-klub/41326e00f964a5202b0f1fe3","category":"Bar","checkinsCount":1053,"usersCount":482,"tipCount":11,"visitsCount":1261,"tier":"","message":"","currency":"","rating":7.7},{"name":"Goldie's Saloon","phone":"5862866991","address":"45330 Romeo Plank Rd","lat":42.63059536,"lng":-82.93567299842834,"city_fetched":"Macomb","state":"MI","country":"United States","canonicalUrl":"https://foursquare.com/v/goldies-saloon/4afe5eb7f964a520422f22e3","category":"Bar","checkinsCount":764,"usersCount":343,"tipCount":7,"visitsCount":843,"tier":"","message":"","currency":"","rating":7.5},{"name":"Hamlin Pub Shelby Twp","phone":"5862474100","address":"48929 Hayes Rd","lat":42.65583316366299,"lng":-82.97616309985226,"city_fetched":"Macomb","state":"MI","country":"United States","canonicalUrl":"https://foursquare.com/v/hamlin-pub-shelby-twp/47c976f9f964a520fb4d1fe3","category":"Pub","checkinsCount":2738,"usersCount":1211,"tipCount":15,"visitsCount":2827,"url":"http://www.hamlinpubs.net","tier":2,"message":"Moderate","currency":"$","rating":7.5},{"name":"Lava Hookah Lounge","phone":"5865325282","twitter":"lavahookah586","address":"45655 Hayes Rd","lat":42.63172634480592,"lng":-82.97467754085507,"city_fetched":"Macomb","state":"MI","country":"United States","canonicalUrl":"https://foursquare.com/v/lava-hookah-lounge/4d8564b8f9f3a1cdd879cb64","category":"Hookah Bar","checkinsCount":928,"usersCount":336,"tipCount":2,"visitsCount":931,"url":"http://hookahloungedetroit.com","tier":"","message":"","currency":"","rating":7.3},{"name":"Taco Bell","phone":"5862633260","address":"18767 Hall Rd","lat":42.629111783180235,"lng":-82.9350485970844,"city_fetched":"Macomb","state":"MI","country":"United States","canonicalUrl":"https://foursquare.com/v/taco-bell/50bbe541e4b019584f855792","category":"Mexican Restaurant","checkinsCount":999,"usersCount":347,"tipCount":4,"visitsCount":1118,"url":"http://www.tacobell.com","tier":1,"message":"Cheap","currency":"$","rating":7},{"name":"The Hub Sports Bistro","phone":"5862263399","address":"16780 21 Mile Rd","lat":42.64073962164736,"lng":-82.95460610592848,"city_fetched":"Macomb","state":"MI","country":"United States","canonicalUrl":"https://foursquare.com/v/the-hub-sports-bistro/4ac58209f964a5203eb220e3","category":"Sports Bar","checkinsCount":2850,"usersCount":783,"tipCount":22,"visitsCount":3149,"tier":"","message":"","currency":"","rating":6.6},{"name":"Waldenburg Bar","address":"48920 Romeo Plank Rd","lat":42.656884,"lng":-82.93684780597687,"city_fetched":"Macomb","state":"MI","country":"United States","canonicalUrl":"https://foursquare.com/v/waldenburg-bar/41326e00f964a520d8101fe3","category":"Dive Bar","checkinsCount":493,"usersCount":282,"tipCount":2,"visitsCount":640,"tier":"","message":"","currency":"","rating":6.5},{"name":"Fruicota","phone":"5864655780","address":"20828 Hall Rd","lat":42.62825810797537,"lng":-82.91326807636243,"city_fetched":"Macomb","state":"MI","country":"United States","canonicalUrl":"https://foursquare.com/v/fruicota/4ba03118f964a5208f6037e3","category":"Hookah Bar","checkinsCount":349,"usersCount":181,"tipCount":8,"visitsCount":367,"tier":1,"message":"Cheap","currency":"$","rating":6.3},{"name":"Ciccarelli's Sports Bar Theater","phone":"5862472223","twitter":"ciccarellis22","address":"46793 Hayes Road","lat":42.64041071381419,"lng":-82.97506599412912,"city_fetched":"Macomb","state":"MI","country":"United States","canonicalUrl":"https://foursquare.com/v/ciccarellis-sports-bar-theater/51ce1d2f454af9db234cb106","category":"Sports Bar","checkinsCount":2368,"usersCount":1216,"tipCount":14,"visitsCount":2826,"url":"http://ciccarellis-22-sports-bar.com","tier":2,"message":"Moderate","currency":"$","rating":6.1}]