[{"name":"The Flying Pig Saloon","phone":"6105789208","address":"121 E King St","lat":40.03680092111254,"lng":-75.51300081797731,"city_fetched":"Malvern","state":"PA","country":"United States","canonicalUrl":"https://foursquare.com/v/the-flying-pig-saloon/4b381d83f964a520d04b25e3","category":"Bar","checkinsCount":3756,"usersCount":1463,"tipCount":29,"visitsCount":4449,"tier":2,"message":"Moderate","currency":"$","rating":8.3},{"name":"Christopher's: A Neighborhood Place","phone":"4845684127","twitter":"ctoddwaynepa","address":"335 E King St","lat":40.037522918083,"lng":-75.50927003884271,"city_fetched":"Malvern","state":"PA","country":"United States","canonicalUrl":"https://foursquare.com/v/christophers-a-neighborhood-place/539919df498eda0a5f7e106d","category":"American Restaurant","checkinsCount":555,"usersCount":262,"tipCount":4,"visitsCount":852,"url":"http://www.christophersaneighborhoodplace.com","tier":"","message":"","currency":"","rating":6.5}]