[{"name":"Red Hare Brewing Company","phone":"6784010600","twitter":"redharebrewing","address":"1998 Delk Industrial Blvd SE","lat":33.92444670449898,"lng":-84.49545806312739,"city_fetched":"Marietta","state":"GA","country":"United States","canonicalUrl":"https://foursquare.com/v/red-hare-brewing-company/4e5e5989e4cdfc603ed9c109","category":"Brewery","checkinsCount":2552,"usersCount":1651,"tipCount":24,"visitsCount":3058,"url":"http://www.redharebrewing.com","tier":1,"message":"Cheap","currency":"$","rating":9.2},{"name":"The Craft Beer Factory","phone":"4046323369","twitter":"craftbeerfactor","address":"2145 Roswell Rd Ste 110","lat":33.968406897710956,"lng":-84.49120121489716,"neighborhood":"East Cobb","city_fetched":"Marietta","state":"GA","country":"United States","canonicalUrl":"https://foursquare.com/v/the-craft-beer-factory/52f0565b498e63a932b877da","category":"Beer Garden","checkinsCount":259,"usersCount":126,"tipCount":3,"visitsCount":301,"url":"http://thecraftbeerfactory.com","tier":"","message":"","currency":"","rating":8.6},{"name":"The Wing Cafe and Tap House","phone":"7705099464","twitter":"thewingtaphouse","address":"2145 Roswell Rd Ste 170","lat":33.96877607778415,"lng":-84.4920301437378,"neighborhood":"East Cobb","city_fetched":"Marietta","state":"GA","country":"United States","canonicalUrl":"https://foursquare.com/thewingtaphouse","category":"Wings Joint","checkinsCount":13884,"usersCount":3867,"tipCount":88,"visitsCount":14921,"url":"http://www.thewingmarietta.com","tier":2,"message":"Moderate","currency":"$","rating":8.6},{"name":"AJ's Famous Seafood and PoBoys","phone":"6789990767","address":"2100 Roswell Rd, Ste 200-O","lat":33.96734605899556,"lng":-84.48875249009679,"neighborhood":"East Cobb","city_fetched":"Marietta","state":"GA","country":"United States","canonicalUrl":"https://foursquare.com/v/ajs-famous-seafood-and-poboys/4ace5fccf964a5202dd020e3","category":"Seafood Restaurant","checkinsCount":2114,"usersCount":862,"tipCount":60,"visitsCount":2241,"url":"http://ajsseafood.net","tier":1,"message":"Cheap","currency":"$","rating":8.6},{"name":"Darwin's Burgers And Blues","phone":"4703995060","twitter":"darwinsburgers","address":"1598 Roswell Rd","lat":33.952917850210476,"lng":-84.50541510911067,"neighborhood":"East Cobb","city_fetched":"Marietta","state":"GA","country":"United States","canonicalUrl":"https://foursquare.com/v/darwins-burgers-and-blues/4eea9cb0a69d96c4d73045f1","category":"Bar","checkinsCount":925,"usersCount":473,"tipCount":24,"visitsCount":1190,"url":"http://darwinsburgers.com","tier":1,"message":"Cheap","currency":"$","rating":8.3},{"name":"Rocco's Pub","phone":"7709718806","address":"1477 Roswell Rd","lat":33.952620103005515,"lng":-84.50940974238648,"neighborhood":"East Cobb","city_fetched":"Marietta","state":"GA","country":"United States","canonicalUrl":"https://foursquare.com/v/roccos-pub/42225f00f964a520b61f1fe3","category":"Bar","checkinsCount":1428,"usersCount":522,"tipCount":15,"visitsCount":1749,"url":"http://www.roccoschili.com","tier":"","message":"","currency":"","rating":8.3},{"name":"Marietta Wine Market","phone":"7709191574","twitter":"mariettawine","address":"18 Powder Springs St","lat":33.951654515447494,"lng":-84.55033382709117,"neighborhood":"Downtown Marietta","city_fetched":"Marietta","state":"GA","country":"United States","canonicalUrl":"https://foursquare.com/v/marietta-wine-market/4b96e0c2f964a520daea34e3","category":"Wine Shop","checkinsCount":371,"usersCount":220,"tipCount":4,"visitsCount":378,"url":"http://www.mariettawinemarket.com","tier":"","message":"","currency":"","rating":8.1},{"name":"Johnnie MacCracken's","phone":"6782906641","address":"15 Atlanta St SE","lat":33.951779435961186,"lng":-84.54895734786987,"neighborhood":"Downtown Marietta","city_fetched":"Marietta","state":"GA","country":"United States","canonicalUrl":"https://foursquare.com/v/johnnie-maccrackens/4a0f223cf964a5202c761fe3","category":"Irish Pub","checkinsCount":7843,"usersCount":2710,"tipCount":80,"visitsCount":8387,"url":"http://www.johnniemaccrackens.com","tier":2,"message":"Moderate","currency":"$","rating":7.8},{"name":"Keegan's Public House","phone":"6782132460","address":"1625 Ridenour Blvd NW","lat":33.99467273910277,"lng":-84.59255397319794,"city_fetched":"Marietta","state":"GA","country":"United States","canonicalUrl":"https://foursquare.com/v/keegans-public-house/4b3cd6b2f964a5200d8825e3","category":"Pub","checkinsCount":3903,"usersCount":1294,"tipCount":40,"visitsCount":4192,"url":"http://keegansirishpub.net","tier":3,"message":"Expensive","currency":"$","rating":7.7},{"name":"Stockyard Burgers and Bones","phone":"6785032760","address":"26 Mill St NE","lat":33.95333502393715,"lng":-84.5509376948271,"neighborhood":"Downtown Marietta","city_fetched":"Marietta","state":"GA","country":"United States","canonicalUrl":"https://foursquare.com/v/stockyard-burgers-and-bones/543dde90498e97d6322d9d0f","category":"Burger Joint","checkinsCount":458,"usersCount":320,"tipCount":5,"visitsCount":503,"url":"http://stockyardburger.com","tier":"","message":"","currency":"","rating":7.7},{"name":"Dixie Tavern","phone":"7706900090","address":"2319 Windy Hill Rd SE","lat":33.90121684192338,"lng":-84.47573359144663,"city_fetched":"Marietta","state":"GA","country":"United States","canonicalUrl":"https://foursquare.com/v/dixie-tavern/4d4b094d9544a093608238e7","category":"Bar","checkinsCount":183,"usersCount":100,"tipCount":4,"visitsCount":183,"tier":"","message":"","currency":"","rating":7.6},{"name":"Loco Willy's","phone":"7704990077","address":"800 Whitlock Ave NW","lat":33.952368761109575,"lng":-84.57596197759258,"city_fetched":"Marietta","state":"GA","country":"United States","canonicalUrl":"https://foursquare.com/v/loco-willys/4d4f53843626a093f5630fbd","category":"Bar","checkinsCount":2953,"usersCount":855,"tipCount":32,"visitsCount":3705,"url":"http://locowillys.com","tier":2,"message":"Moderate","currency":"$","rating":7.6},{"name":"Jasmine Cafe And Hookah Bar","phone":"7704271399","address":"585 Franklin Rd SE","lat":33.938626,"lng":-84.50677156448364,"city_fetched":"Marietta","state":"GA","country":"United States","canonicalUrl":"https://foursquare.com/v/jasmine-cafe-and-hookah-bar/4e3367141f6efba241171322","category":"Hookah Bar","checkinsCount":203,"usersCount":112,"tipCount":6,"visitsCount":203,"tier":"","message":"","currency":"","rating":7.6},{"name":"Los Reyes Mexican Restaurant","phone":"7704261521","address":"1018 Roswell St SE","lat":33.95092909465509,"lng":-84.52182208639202,"city_fetched":"Marietta","state":"GA","country":"United States","canonicalUrl":"https://foursquare.com/v/los-reyes-mexican-restaurant/421bc780f964a520a21f1fe3","category":"Mexican Restaurant","checkinsCount":876,"usersCount":572,"tipCount":11,"visitsCount":1021,"tier":"","message":"","currency":"","rating":7.5},{"name":"Dave & Buster's","phone":"7709515554","address":"2215 D and B Dr SE","lat":33.91960110523097,"lng":-84.48467016220093,"city_fetched":"Marietta","state":"GA","country":"United States","canonicalUrl":"https://foursquare.com/v/dave--busters/4bbb9533ed7776b0fda23e51","category":"Arcade","checkinsCount":11191,"usersCount":8650,"tipCount":83,"visitsCount":13683,"url":"http://www.daveandbusters.com","tier":"","message":"","currency":"","rating":7.2},{"name":"J's Lounge","phone":"6783836164","twitter":"jsloungeatlanta","address":"1995 Windy Hill Rd SE","lat":33.898434,"lng":-84.4962315,"city_fetched":"Marietta","state":"GA","country":"United States","canonicalUrl":"https://foursquare.com/jsloungeatlanta","category":"Bar","checkinsCount":372,"usersCount":196,"tipCount":7,"visitsCount":426,"url":"http://www.js-lounge.com","tier":2,"message":"Moderate","currency":"$","rating":7}]