[{"name":"1910 Lounge","phone":"6414220015","address":"7 West State Street","lat":43.1516754111597,"lng":-93.20176343336428,"city_fetched":"Mason City","state":"IA","country":"United States","canonicalUrl":"https://foursquare.com/v/1910-lounge/4f710491e4b04f471107f46c","category":"Lounge","checkinsCount":203,"usersCount":96,"tipCount":1,"visitsCount":212,"tier":"","message":"","currency":"","rating":8.2},{"name":"Mason City Brewing","address":"28 E State St","lat":43.15185325605143,"lng":-93.19977189148271,"city_fetched":"Mason City","state":"IA","country":"United States","canonicalUrl":"https://foursquare.com/v/mason-city-brewing/51280831e4b0fd96575d6738","category":"Brewery","checkinsCount":393,"usersCount":169,"tipCount":4,"visitsCount":484,"tier":"","message":"","currency":"","rating":7.7},{"name":"Wok n Roll","phone":"6414231558","address":"15 S Delaware Ave","lat":43.15131488168783,"lng":-93.19942362528509,"city_fetched":"Mason City","state":"IA","country":"United States","canonicalUrl":"https://foursquare.com/v/wok-n-roll/4b982aaff964a520f03035e3","category":"Asian Restaurant","checkinsCount":97,"usersCount":72,"tipCount":5,"visitsCount":97,"url":"http://masoncitywoknroll.com","tier":2,"message":"Moderate","currency":"$","rating":7.7},{"name":"Historic Park Inn","phone":"6414245241","address":"15 W State St","lat":43.15160971075997,"lng":-93.2016800420457,"city_fetched":"Mason City","state":"IA","country":"United States","canonicalUrl":"https://foursquare.com/v/historic-park-inn/4e418851483b54a27a1ed850","category":"Hotel Bar","checkinsCount":708,"usersCount":405,"tipCount":9,"visitsCount":745,"url":"http://www.wrightonthepark.org","tier":"","message":"","currency":"","rating":7},{"name":"Lorados Bar","phone":"6414248060","address":"18 S Federal Ave","lat":43.151297203487424,"lng":-93.20117479181621,"city_fetched":"Mason City","state":"IA","country":"United States","canonicalUrl":"https://foursquare.com/v/lorados-bar/4b91b2a0f964a520b5d033e3","category":"Bar","checkinsCount":258,"usersCount":130,"tipCount":1,"visitsCount":264,"tier":"","message":"","currency":"","rating":6.7},{"name":"Papa's American Cafe","phone":"6414241593","address":"2960 4th St SW","lat":43.14885979675562,"lng":-93.24492531557205,"city_fetched":"Mason City","state":"IA","country":"United States","canonicalUrl":"https://foursquare.com/v/papas-american-cafe/4bbf645330c99c74331b5511","category":"Bar","checkinsCount":550,"usersCount":319,"tipCount":6,"visitsCount":685,"url":"http://www.papasamericancafe.com","tier":"","message":"","currency":"","rating":6.4}]