[{"name":"O'Rourke's Pub","phone":"6065643933","address":"123 Market St","lat":38.648099,"lng":-83.7643031,"city_fetched":"Maysville","state":"KY","country":"United States","canonicalUrl":"https://foursquare.com/v/orourkes-pub/4c50dcab991c20a184b9d386","category":"Pub","checkinsCount":288,"usersCount":121,"tipCount":5,"visitsCount":312,"tier":"","message":"","currency":"","rating":7.3},{"name":"Tumbleweed Tex Mex Grill","phone":"6067598876","twitter":"twtexmex","address":"511 Marketsquare Dr","lat":38.62996811283056,"lng":-83.79437684241046,"city_fetched":"Maysville","state":"KY","country":"United States","canonicalUrl":"https://foursquare.com/v/tumbleweed-tex-mex-grill/4b50cc9ef964a520173327e3","category":"Restaurant","checkinsCount":589,"usersCount":263,"tipCount":7,"visitsCount":683,"url":"http://tumbleweedrestaurants.com","tier":"","message":"","currency":"","rating":6.8}]