[{"name":"Burn'em Brewing","phone":"2192103784","twitter":"burnem_brewing","address":"718 Freyer Rd","lat":41.738348682016195,"lng":-86.82798838470205,"city_fetched":"Michigan City","state":"IN","country":"United States","canonicalUrl":"https://foursquare.com/v/burnem-brewing/54cbcc03498ea68d8055f2ab","category":"Brewery","checkinsCount":267,"usersCount":308,"tipCount":2,"visitsCount":518,"url":"http://www.burnembrewing.com","tier":"","message":"","currency":"","rating":8.5},{"name":"Shoreline Brewery","phone":"2198794677","address":"208 Wabash St","lat":41.71951998886669,"lng":-86.90596997737885,"city_fetched":"Michigan City","state":"IN","country":"United States","canonicalUrl":"https://foursquare.com/v/shoreline-brewery/4b493eb3f964a5203e6b26e3","category":"Brewery","checkinsCount":3641,"usersCount":2764,"tipCount":54,"visitsCount":4384,"url":"http://shorelinebrewery.com","tier":2,"message":"Moderate","currency":"$","rating":8.2},{"name":"Knuckleheads","phone":"2192216763","address":"204 W Barker Ave","lat":41.704881,"lng":-86.897667,"city_fetched":"Michigan City","state":"IN","country":"United States","canonicalUrl":"https://foursquare.com/v/knuckleheads/4e62ca901495676d55e8d977","category":"Bar","checkinsCount":701,"usersCount":186,"tipCount":7,"visitsCount":885,"url":"http://bit.ly/unBzG1","tier":"","message":"","currency":"","rating":7.9},{"name":"Matey's Restaurant","phone":"2198729471","twitter":"mateysmc","address":"110 Franklin St","lat":41.721521989343294,"lng":-86.90361499786377,"city_fetched":"Michigan City","state":"IN","country":"United States","canonicalUrl":"https://foursquare.com/v/mateys-restaurant/4bf5d9115efe2d7fde336634","category":"Bar","checkinsCount":1756,"usersCount":944,"tipCount":17,"visitsCount":2138,"url":"http://mateysrestaurant.com","tier":"","message":"","currency":"","rating":7.6},{"name":"Holly's Restaurant & Pub","phone":"2198795124","address":"3705 Franklin St","lat":41.6861935,"lng":-86.89448941,"city_fetched":"Michigan City","state":"IN","country":"United States","canonicalUrl":"https://foursquare.com/v/hollys-restaurant--pub/4ba2b08ff964a5207d1038e3","category":"Restaurant","checkinsCount":1057,"usersCount":527,"tipCount":11,"visitsCount":1371,"url":"http://hollysrestaurant.com","tier":2,"message":"Moderate","currency":"$","rating":7.6},{"name":"Decoy's Bar & Grill","phone":"2198789556","address":"1729 E US Highway 20","lat":41.68811572458091,"lng":-86.86145517402436,"city_fetched":"Michigan City","state":"IN","country":"United States","canonicalUrl":"https://foursquare.com/v/decoys-bar--grill/4cc8c7d5d063a14336c409b4","category":"Bar","checkinsCount":574,"usersCount":207,"tipCount":5,"visitsCount":630,"tier":"","message":"","currency":"","rating":7.1},{"name":"Rocks Lounge","lat":41.719296381497536,"lng":-86.89234818595352,"city_fetched":"Michigan City","state":"IN","country":"United States","canonicalUrl":"https://foursquare.com/v/rocks-lounge/4f409bcce4b0def993c7847f","category":"Nightclub","checkinsCount":319,"usersCount":132,"tipCount":5,"visitsCount":322,"tier":"","message":"","currency":"","rating":7.1},{"name":"McGinnis Pub","phone":"2198728200","address":"227 W 7th St","lat":41.71445402281109,"lng":-86.90345563982797,"city_fetched":"Michigan City","state":"IN","country":"United States","canonicalUrl":"https://foursquare.com/v/mcginnis-pub/4b4ab4dbf964a520418d26e3","category":"Pub","checkinsCount":747,"usersCount":471,"tipCount":7,"visitsCount":838,"tier":"","message":"","currency":"","rating":7.1},{"name":"The Game","phone":"2198797711","address":"777 Blue Chip Dr","lat":41.719291627404644,"lng":-86.89208380822033,"city_fetched":"Michigan City","state":"IN","country":"United States","canonicalUrl":"https://foursquare.com/v/the-game/4bef6473d1b7d13af9c3cdec","category":"American Restaurant","checkinsCount":674,"usersCount":409,"tipCount":5,"visitsCount":676,"url":"http://www.theborgata.com","tier":"","message":"","currency":"","rating":6.8},{"name":"Blue Chip Casino & Hotel","phone":"2198797711","twitter":"bluechipcasino","address":"777 Blue Chip Dr","lat":41.719583748072765,"lng":-86.89223068491727,"city_fetched":"Michigan City","state":"IN","country":"United States","canonicalUrl":"https://foursquare.com/v/blue-chip-casino--hotel/4b576423f964a520643528e3","category":"Casino","checkinsCount":10393,"usersCount":5266,"tipCount":65,"visitsCount":11728,"url":"http://www.theborgata.com","tier":"","message":"","currency":"","rating":6.7},{"name":"It's Vegas Baby!","phone":"2198797711","address":"777 Blue Chip Dr","lat":41.7193161849365,"lng":-86.89221110138345,"city_fetched":"Michigan City","state":"IN","country":"United States","canonicalUrl":"https://foursquare.com/v/its-vegas-baby/4bf18bef52bda593faacb1b7","category":"Restaurant","checkinsCount":1325,"usersCount":675,"tipCount":10,"visitsCount":1367,"url":"http://www.theborgata.com","tier":2,"message":"Moderate","currency":"$","rating":6.6},{"name":"Ryan's Irish Pub","phone":"2198720361","address":"401 Franklin St","lat":41.71817060535987,"lng":-86.90248310565948,"city_fetched":"Michigan City","state":"IN","country":"United States","canonicalUrl":"https://foursquare.com/v/ryans-irish-pub/4ba18484f964a52086bd37e3","category":"Pub","checkinsCount":444,"usersCount":239,"tipCount":2,"visitsCount":515,"tier":"","message":"","currency":"","rating":6.5},{"name":"The Puma Outlet","phone":"2198793862","twitter":"puma","address":"905 Lighthouse Pl","lat":41.714851629690564,"lng":-86.90764536015409,"city_fetched":"Michigan City","state":"IN","country":"United States","canonicalUrl":"https://foursquare.com/v/the-puma-outlet/4c07fc1dbbc676b000d245d5","category":"Clothing Store","checkinsCount":861,"usersCount":413,"tipCount":16,"visitsCount":864,"url":"http://www.puma.com","tier":"","message":"","currency":"","rating":6.3},{"name":"Clubhouse Bar & Grill","phone":"2198612582","address":"415 E US Highway 20","lat":41.680015325546265,"lng":-86.8864,"city_fetched":"Michigan City","state":"IN","country":"United States","canonicalUrl":"https://foursquare.com/v/clubhouse-bar--grill/4c55a35dfd2ea5937f78162c","category":"Bar","checkinsCount":579,"usersCount":136,"tipCount":3,"visitsCount":619,"tier":"","message":"","currency":"","rating":6.2},{"name":"Lakeshore Lanes","phone":"2198799445","address":"2820 E Michigan Blvd","lat":41.70708635489112,"lng":-86.86153845689016,"city_fetched":"Michigan City","state":"IN","country":"United States","canonicalUrl":"https://foursquare.com/v/lakeshore-lanes/4cd89ddada85224b058f4dca","category":"Bowling Alley","checkinsCount":299,"usersCount":125,"tipCount":4,"visitsCount":312,"tier":"","message":"","currency":"","rating":6.1}]