[{"name":"Buffington's","phone":"4784141975","address":"120 W Hancock St","lat":33.080935,"lng":-83.227875,"city_fetched":"Milledgeville","state":"GA","country":"United States","canonicalUrl":"https://foursquare.com/v/buffingtons/4bad4336f964a5206b3f3be3","category":"Bar","checkinsCount":2189,"usersCount":593,"tipCount":15,"visitsCount":2218,"url":"http://eatinthebuff.com","tier":"","message":"","currency":"","rating":7.2},{"name":"Amici Milledgeville","phone":"4784525003","twitter":"amicimilly","address":"101 W Hancock St","lat":33.08124471734478,"lng":-83.22738998641417,"city_fetched":"Milledgeville","state":"GA","country":"United States","canonicalUrl":"https://foursquare.com/amicimilly","category":"Pizza Place","checkinsCount":3652,"usersCount":880,"tipCount":22,"visitsCount":3756,"url":"http://www.amici-cafe.com","tier":"","message":"","currency":"","rating":7.2},{"name":"Velvet Elvis Bar and Grill","phone":"4784538226","address":"113 W Hancock St","lat":33.081342,"lng":-83.227795,"city_fetched":"Milledgeville","state":"GA","country":"United States","canonicalUrl":"https://foursquare.com/v/velvet-elvis-bar-and-grill/4c40cf77a5c5ef3b1f17b06f","category":"Bar","checkinsCount":4289,"usersCount":524,"tipCount":8,"visitsCount":4316,"tier":"","message":"","currency":"","rating":6.3}]