[{"name":"Commonwealth","phone":"2092487451","address":"1022 11th St","lat":37.641823,"lng":-120.999925,"city_fetched":"Modesto","state":"CA","country":"United States","canonicalUrl":"https://foursquare.com/v/commonwealth/53dc69f9498ef61c07273209","category":"Gastropub","checkinsCount":314,"usersCount":348,"tipCount":14,"visitsCount":645,"url":"http://www.commonwealthmodesto.com","tier":"","message":"","currency":"","rating":8.7},{"name":"Harvest Moon","phone":"2095239723","address":"1213 I St","lat":37.641451261465704,"lng":-120.99681525346813,"city_fetched":"Modesto","state":"CA","country":"United States","canonicalUrl":"https://foursquare.com/v/harvest-moon/4b64b35ff964a52079c92ae3","category":"American Restaurant","checkinsCount":896,"usersCount":459,"tipCount":14,"visitsCount":1074,"url":"http://harvestmoonrestaurant.com","tier":2,"message":"Moderate","currency":"$","rating":8.6},{"name":"E. & J. Gallo Winery","address":"600 Yosemite Blvd","lat":37.63718409089811,"lng":-120.9798767366837,"city_fetched":"Modesto","state":"CA","country":"United States","canonicalUrl":"https://foursquare.com/v/e--j-gallo-winery/4b54a5c6f964a520a3c427e3","category":"Winery","checkinsCount":2847,"usersCount":454,"tipCount":2,"visitsCount":3880,"url":"http://gallo.com","tier":"","message":"","currency":"","rating":8.5},{"name":"BJ's Restaurant and Brewhouse","phone":"2098466940","twitter":"bjsrestaurants","address":"3401 Dale Rd","lat":37.68711467,"lng":-121.0528994,"city_fetched":"Modesto","state":"CA","country":"United States","canonicalUrl":"https://foursquare.com/v/bjs-restaurant-and-brewhouse/4bd37c0c462cb7139f99de07","category":"American Restaurant","checkinsCount":3827,"usersCount":2272,"tipCount":44,"visitsCount":4518,"url":"http://t.co/bl46gcjDLN","tier":2,"message":"Moderate","currency":"$","rating":8.4},{"name":"Bauer's 66 1/2 Grill & Skillet","phone":"2094094258","address":"1700 McHenry Ave Ste 66 1/2","lat":37.669483549306925,"lng":-120.99101250965731,"city_fetched":"Modesto","state":"CA","country":"United States","canonicalUrl":"https://foursquare.com/v/bauers-66-12-grill--skillet/4c776d9a947ca1cdc5754737","category":"Diner","checkinsCount":414,"usersCount":159,"tipCount":6,"visitsCount":446,"tier":"","message":"","currency":"","rating":8.4},{"name":"Skewers Kabob House","phone":"2095253611","address":"906 J St","lat":37.639855,"lng":-121.00081448,"city_fetched":"Modesto","state":"CA","country":"United States","canonicalUrl":"https://foursquare.com/v/skewers-kabob-house/4a8c85ebf964a520570e20e3","category":"Mediterranean Restaurant","checkinsCount":426,"usersCount":369,"tipCount":13,"visitsCount":521,"url":"http://skewerskabobhouse.com","tier":3,"message":"Expensive","currency":"$","rating":8.3},{"name":"Camp 4 Wine Café","phone":"2095295898","address":"1508 10th St","lat":37.64579,"lng":-121.005888,"city_fetched":"Modesto","state":"CA","country":"United States","canonicalUrl":"https://foursquare.com/v/camp-4-wine-caf%C3%A9/4b36730af964a520b43525e3","category":"Wine Bar","checkinsCount":731,"usersCount":385,"tipCount":23,"visitsCount":1041,"url":"http://camp4wine.com","tier":"","message":"","currency":"","rating":8.2},{"name":"BevMo!","phone":"2095453320","twitter":"bevmo","address":"3900 Sisk Rd Ste R","lat":37.69245068206495,"lng":-121.06331169605255,"city_fetched":"Modesto","state":"CA","country":"United States","canonicalUrl":"https://foursquare.com/v/bevmo/4b7759aff964a52037942ee3","category":"Liquor Store","checkinsCount":716,"usersCount":516,"tipCount":2,"visitsCount":955,"url":"http://www.bevmo.com","tier":"","message":"","currency":"","rating":8},{"name":"Crocodiles Night Club","phone":"2095441962","address":"1745 Prescott Rd","lat":37.670411450026,"lng":-121.03196183367412,"city_fetched":"Modesto","state":"CA","country":"United States","canonicalUrl":"https://foursquare.com/v/crocodiles-night-club/4c8c6badf87e224b47243505","category":"Nightclub","checkinsCount":230,"usersCount":125,"tipCount":5,"visitsCount":232,"url":"http://crocodilesnightclub.com‎","tier":"","message":"","currency":"","rating":7.8},{"name":"La Parrilla Mexican Restaurant & Bar","phone":"2095233773","address":"1700 McHenry Ave Ste 6","lat":37.66800707645763,"lng":-120.99315776489723,"city_fetched":"Modesto","state":"CA","country":"United States","canonicalUrl":"https://foursquare.com/v/la-parrilla-mexican-restaurant--bar/52bc965d11d23078af8039b6","category":"Mexican Restaurant","checkinsCount":102,"usersCount":132,"tipCount":3,"visitsCount":184,"url":"http://laparrilla.com","tier":2,"message":"Moderate","currency":"$","rating":7.8},{"name":"Tiki Cocktail Lounge","phone":"2095779969","address":"932 McHenry Ave","lat":37.656744718551636,"lng":-120.99358488,"city_fetched":"Modesto","state":"CA","country":"United States","canonicalUrl":"https://foursquare.com/v/tiki-cocktail-lounge/4b0e308af964a520c45523e3","category":"Bar","checkinsCount":1051,"usersCount":341,"tipCount":8,"visitsCount":1274,"url":"http://www.tikimodesto.com","tier":"","message":"","currency":"","rating":7.8},{"name":"Speakeasy","address":"928 12th St","lat":37.641805,"lng":-120.997903,"city_fetched":"Modesto","state":"CA","country":"United States","canonicalUrl":"https://foursquare.com/v/speakeasy/4b4ff2e9f964a520201a27e3","category":"Bar","checkinsCount":1179,"usersCount":337,"tipCount":8,"visitsCount":1205,"tier":"","message":"","currency":"","rating":7.7},{"name":"Redwood Café at the Vintage Gardens","phone":"2095459248","twitter":"theredwoodcafe","address":"4342 Dale Rd","lat":37.70337462761182,"lng":-121.04980561492211,"city_fetched":"Modesto","state":"CA","country":"United States","canonicalUrl":"https://foursquare.com/v/redwood-caf%C3%A9-at-the-vintage-gardens/501c2143e4b0681e52cfa4ab","category":"New American Restaurant","checkinsCount":167,"usersCount":175,"tipCount":31,"visitsCount":388,"url":"http://www.redwood-cafe.com","tier":"","message":"","currency":"","rating":7.7},{"name":"Minnie's","address":"107 McHenry Ave","lat":37.646119,"lng":-120.99406472,"city_fetched":"Modesto","state":"CA","country":"United States","canonicalUrl":"https://foursquare.com/v/minnies/4b9c7f87f964a520a16c36e3","category":"Cocktail Bar","checkinsCount":413,"usersCount":257,"tipCount":5,"visitsCount":495,"url":"http://minniesmodesto.58-s.com","tier":"","message":"","currency":"","rating":7.4},{"name":"Marcella's Restaurant","phone":"2095773777","address":"3507 Tully Rd","lat":37.689779,"lng":-121.01401460991978,"city_fetched":"Modesto","state":"CA","country":"United States","canonicalUrl":"https://foursquare.com/v/marcellas-restaurant/4b5cd174f964a520874529e3","category":"Mexican Restaurant","checkinsCount":130,"usersCount":72,"tipCount":4,"visitsCount":131,"url":"http://marcellarestaurant.prodigybiz.com","tier":2,"message":"Moderate","currency":"$","rating":7.3},{"name":"The Twisted Pig","lat":37.67963432895742,"lng":-120.9761795236203,"city_fetched":"Modesto","state":"CA","country":"United States","canonicalUrl":"https://foursquare.com/v/the-twisted-pig/54dab524498e621c03c3b0b8","category":"Gastropub","checkinsCount":64,"usersCount":167,"tipCount":2,"visitsCount":255,"tier":"","message":"","currency":"","rating":7.2},{"name":"Firkin & Fox","phone":"2095752369","twitter":"mapquest","address":"1111 I St","lat":37.64036527,"lng":-120.998199,"city_fetched":"Modesto","state":"CA","country":"United States","canonicalUrl":"https://foursquare.com/v/firkin--fox/4b762d23f964a520b9412ee3","category":"American Restaurant","checkinsCount":1081,"usersCount":624,"tipCount":15,"visitsCount":1185,"url":"http://www.firkinfoxmodesto.com","tier":2,"message":"Moderate","currency":"$","rating":7.1},{"name":"Caffe Amore and Hookah Lounge","phone":"2094088454","address":"3025 McHenry Ave","lat":37.68301777,"lng":-120.9949805,"city_fetched":"Modesto","state":"CA","country":"United States","canonicalUrl":"https://foursquare.com/v/caffe-amore-and-hookah-lounge/4e2504c08877099df4bad379","category":"Café","checkinsCount":284,"usersCount":104,"tipCount":9,"visitsCount":394,"url":"http://instagram.com/caffe_amore","tier":"","message":"","currency":"","rating":7},{"name":"Bacchus Food & Spirits","phone":"2095768994","address":"1200 I St","lat":37.64131295996758,"lng":-120.99675924375612,"city_fetched":"Modesto","state":"CA","country":"United States","canonicalUrl":"https://foursquare.com/v/bacchus-food--spirits/4d8004418edaa1439acae639","category":"American Restaurant","checkinsCount":372,"usersCount":188,"tipCount":7,"visitsCount":372,"url":"http://bacchusmodesto.com","tier":3,"message":"Expensive","currency":"$","rating":7},{"name":"Applebee's Riverbank","phone":"2098639780","twitter":"applebees","address":"2449 Claribel Rd","lat":37.71153404,"lng":-120.9527332,"city_fetched":"Modesto","state":"CA","country":"United States","canonicalUrl":"https://foursquare.com/v/applebees-riverbank/4c805a50d8086dcb29686352","category":"American Restaurant","checkinsCount":791,"usersCount":542,"tipCount":2,"visitsCount":1095,"url":"http://restaurants.applebees.com/ca/riverbank/2449-claribel-rd.html","tier":2,"message":"Moderate","currency":"$","rating":6.9},{"name":"The Boardroom","phone":"2094098665","address":"1528 J St","lat":37.644633533333334,"lng":-120.99456213333333,"city_fetched":"Modesto","state":"CA","country":"United States","canonicalUrl":"https://foursquare.com/v/the-boardroom/4d44ee91c3e5f04dcd1ba020","category":"Lounge","checkinsCount":628,"usersCount":360,"tipCount":7,"visitsCount":740,"tier":"","message":"","currency":"","rating":6.8},{"name":"Rivets American Grill","address":"2307 Oakdale Rd","lat":37.674618748929376,"lng":-120.95799431920003,"city_fetched":"Modesto","state":"CA","country":"United States","canonicalUrl":"https://foursquare.com/v/rivets-american-grill/5233c54011d2994d9e95bbf6","category":"Bar","checkinsCount":202,"usersCount":218,"tipCount":4,"visitsCount":436,"tier":2,"message":"Moderate","currency":"$","rating":6.7},{"name":"Climax","address":"607 7th St","lat":37.634723,"lng":-120.998964,"city_fetched":"Modesto","state":"CA","country":"United States","canonicalUrl":"https://foursquare.com/v/climax/5042e430e4b0a1050748c266","category":"Gay Bar","checkinsCount":184,"usersCount":135,"tipCount":5,"visitsCount":264,"tier":"","message":"","currency":"","rating":6.7},{"name":"Yosemite Lanes","phone":"2095249161","address":"2301 Yosemite Blvd","lat":37.63848834148475,"lng":-120.95345039444706,"city_fetched":"Modesto","state":"CA","country":"United States","canonicalUrl":"https://foursquare.com/v/yosemite-lanes/4b501480f964a5205c1c27e3","category":"Bowling Alley","checkinsCount":488,"usersCount":346,"tipCount":4,"visitsCount":653,"url":"http://www.yosemitelanes.com","tier":"","message":"","currency":"","rating":6.7},{"name":"Torii Japanese Steakhouse","phone":"2095298697","address":"2401 E Orangeburg Ave","lat":37.6639687,"lng":-120.953503,"city_fetched":"Modesto","state":"CA","country":"United States","canonicalUrl":"https://foursquare.com/v/torii-japanese-steakhouse/4bcc77640687ef3b763fdfcc","category":"Japanese Restaurant","checkinsCount":501,"usersCount":267,"tipCount":6,"visitsCount":505,"url":"http://toriis.com","tier":2,"message":"Moderate","currency":"$","rating":6.7},{"name":"Hero's","phone":"2095242337","twitter":"herosmodesto","address":"821 L St","lat":37.641746949814255,"lng":-121.00402908779675,"city_fetched":"Modesto","state":"CA","country":"United States","canonicalUrl":"https://foursquare.com/herosmodesto","category":"Brewery","checkinsCount":571,"usersCount":323,"tipCount":6,"visitsCount":584,"url":"http://www.herosmodesto.com","tier":"","message":"","currency":"","rating":6.3},{"name":"The Tap Room","phone":"2092043060","address":"3948 Sylvan Ave Ste 301","lat":37.68802808164695,"lng":-120.92227147281193,"city_fetched":"Modesto","state":"CA","country":"United States","canonicalUrl":"https://foursquare.com/v/the-tap-room/529d18eb11d2e8bbf1d76f1a","category":"Pub","checkinsCount":114,"usersCount":147,"tipCount":3,"visitsCount":297,"tier":2,"message":"Moderate","currency":"$","rating":6},{"name":"Ridgway's Restaurant & Lounge","phone":"2095761587","twitter":"ridgwaysroy","address":"401 E Orangeburg Ave","lat":37.663995,"lng":-120.955488,"city_fetched":"Modesto","state":"CA","country":"United States","canonicalUrl":"https://foursquare.com/v/ridgways-restaurant--lounge/4b9d2581f964a520d69336e3","category":"American Restaurant","checkinsCount":398,"usersCount":238,"tipCount":6,"visitsCount":506,"tier":2,"message":"Moderate","currency":"$","rating":6}]