[{"name":"The Square","phone":"2299852525","twitter":"square_moultrie","address":"25 1st St SE","lat":31.179267065701985,"lng":-83.78740310668944,"city_fetched":"Moultrie","state":"GA","country":"United States","canonicalUrl":"https://foursquare.com/square_moultrie","category":"American Restaurant","checkinsCount":225,"usersCount":41,"tipCount":2,"visitsCount":241,"tier":"","message":"","currency":"","rating":7.7},{"name":"Beef 'O' Brady's","phone":"2296689466","address":"1 N Main St","lat":31.180189241621576,"lng":-83.78890384934043,"city_fetched":"Moultrie","state":"GA","country":"United States","canonicalUrl":"https://foursquare.com/v/beef-o-bradys/4ddd2890d164236dd383bde4","category":"Sports Bar","checkinsCount":119,"usersCount":52,"tipCount":1,"visitsCount":119,"url":"http://beefobradys.com","tier":"","message":"","currency":"","rating":6.6}]