[{"name":"Memories Charcoal House","phone":"3018292264","address":"403 E Ridgeville Blvd","lat":39.365628361701965,"lng":-77.16150616,"city_fetched":"Mount Airy","state":"MD","country":"United States","canonicalUrl":"https://foursquare.com/v/memories-charcoal-house/4afd9caaf964a520102922e3","category":"Bar","checkinsCount":966,"usersCount":429,"tipCount":14,"visitsCount":1014,"url":"http://memoriescharcoalhouse.com","tier":"","message":"","currency":"","rating":7.5},{"name":"The Greene Turtle","phone":"3018299229","address":"1604 Ridgeside Dr","lat":39.36407381206143,"lng":-77.16345727443695,"city_fetched":"Mount Airy","state":"MD","country":"United States","canonicalUrl":"https://foursquare.com/v/the-greene-turtle/4b4e5e2ff964a52023eb26e3","category":"Sports Bar","checkinsCount":1608,"usersCount":891,"tipCount":11,"visitsCount":1897,"url":"http://www.thegreeneturtle.com","tier":2,"message":"Moderate","currency":"$","rating":6.8},{"name":"Upper Deck Sports Bar & Grill","phone":"3018294400","address":"237 S Main St","lat":39.37576850108143,"lng":-77.15533018112183,"city_fetched":"Mount Airy","state":"MD","country":"United States","canonicalUrl":"https://foursquare.com/v/upper-deck-sports-bar--grill/4b5b8eeaf964a520f60629e3","category":"American Restaurant","checkinsCount":532,"usersCount":218,"tipCount":3,"visitsCount":551,"tier":"","message":"","currency":"","rating":5.9}]