[{"name":"Wine-Nutz","phone":"5632630202","address":"208 W 2nd St","lat":41.420328959077324,"lng":-91.04709484871702,"city_fetched":"Muscatine","state":"IA","country":"United States","canonicalUrl":"https://foursquare.com/v/winenutz/4c1aaea8b4e62d7f4f38d893","category":"Wine Bar","checkinsCount":815,"usersCount":113,"tipCount":4,"visitsCount":888,"tier":"","message":"","currency":"","rating":8.1},{"name":"Boonie's On The Avenue","phone":"5632630626","address":"214 Iowa Ave","lat":41.42169713413657,"lng":-91.04629074464718,"city_fetched":"Muscatine","state":"IA","country":"United States","canonicalUrl":"https://foursquare.com/v/boonies-on-the-avenue/5159c6eae4b016cb4ec19f85","category":"Sports Bar","checkinsCount":1279,"usersCount":318,"tipCount":7,"visitsCount":1732,"tier":2,"message":"Moderate","currency":"$","rating":7.8},{"name":"Contrary Brewing Company","address":"411 W Mississippi Dr","lat":41.41848674188006,"lng":-91.04867972753021,"city_fetched":"Muscatine","state":"IA","country":"United States","canonicalUrl":"https://foursquare.com/v/contrary-brewing-company/55317a41498e84632677c2bc","category":"Brewery","checkinsCount":70,"usersCount":65,"tipCount":1,"visitsCount":209,"tier":"","message":"","currency":"","rating":7.5},{"name":"Missipi Brewing Co","phone":"5632625004","address":"1070 Iowa Ave","lat":41.42075047820218,"lng":-91.04477405548096,"city_fetched":"Muscatine","state":"IA","country":"United States","canonicalUrl":"https://foursquare.com/v/missipi-brewing-co/4bf1c90578cec928f8d1ba86","category":"Bar","checkinsCount":2476,"usersCount":433,"tipCount":7,"visitsCount":2744,"tier":"","message":"","currency":"","rating":7},{"name":"The Pearl","phone":"5632635057","address":"101 Mississippi Dr.","lat":41.42057185806415,"lng":-91.04532303548828,"city_fetched":"Muscatine","state":"IA","country":"United States","canonicalUrl":"https://foursquare.com/v/the-pearl/4be47df3d4f7c9b6123a2420","category":"Cocktail Bar","checkinsCount":1209,"usersCount":227,"tipCount":9,"visitsCount":1226,"tier":"","message":"","currency":"","rating":6.4},{"name":"Hubbles","phone":"5632632700","address":"214 E 2nd St","lat":41.42206712257915,"lng":-91.04405149074631,"city_fetched":"Muscatine","state":"IA","country":"United States","canonicalUrl":"https://foursquare.com/v/hubbles/4d37b86af1b06ea881b00f55","category":"Bar","checkinsCount":2108,"usersCount":119,"tipCount":5,"visitsCount":2165,"tier":"","message":"","currency":"","rating":6.1}]