[{"name":"Atlas Tap House","phone":"8439459122","address":"1004 Chester St","lat":33.694522070622185,"lng":-78.87959989608102,"city_fetched":"Myrtle Beach","state":"SC","country":"United States","canonicalUrl":"https://foursquare.com/v/atlas-tap-house/532df700498e05c8e7f4b4a5","category":"Pub","checkinsCount":756,"usersCount":361,"tipCount":12,"visitsCount":972,"url":"http://www.atlastaphouse.com","tier":"","message":"","currency":"","rating":8.8},{"name":"King Street Grille","phone":"8432383900","address":"3040 Howard Ave","lat":33.66776240948241,"lng":-78.93887600043571,"city_fetched":"Myrtle Beach","state":"SC","country":"United States","canonicalUrl":"https://foursquare.com/v/king-street-grille/4b4d1b43f964a52034cb26e3","category":"American Restaurant","checkinsCount":4245,"usersCount":1687,"tipCount":29,"visitsCount":4709,"url":"http://thekingstreetgrille.com","tier":2,"message":"Moderate","currency":"$","rating":8.8},{"name":"New South Brewing Company","phone":"8439162337","address":"1109 Campbell St.","lat":33.69796753379045,"lng":-78.88964295687667,"city_fetched":"Myrtle Beach","state":"SC","country":"United States","canonicalUrl":"https://foursquare.com/v/new-south-brewing-company/4e136e6c18a84f0f03263b4f","category":"Brewery","checkinsCount":416,"usersCount":374,"tipCount":12,"visitsCount":540,"url":"http://newsouthbrewing.com","tier":"","message":"","currency":"","rating":8.7},{"name":"Anchor Cafe","lat":33.764325,"lng":-78.81776944,"city_fetched":"Myrtle Beach","state":"SC","country":"United States","canonicalUrl":"https://foursquare.com/v/anchor-cafe/4bbe89e4b083a593443fa2e9","category":"Hotel Bar","checkinsCount":460,"usersCount":287,"tipCount":4,"visitsCount":545,"tier":"","message":"","currency":"","rating":8.7},{"name":"Handley's Pub & Grub","phone":"8439034904","twitter":"handleyspub","address":"3873 Renee Dr","lat":33.76023073336022,"lng":-78.96396916765732,"city_fetched":"Myrtle Beach","state":"SC","country":"United States","canonicalUrl":"https://foursquare.com/v/handleys-pub--grub/4bda2cebc79cc92886e77de9","category":"Bar","checkinsCount":3410,"usersCount":910,"tipCount":28,"visitsCount":3688,"url":"http://handleyspub.com","tier":2,"message":"Moderate","currency":"$","rating":8.5},{"name":"2nd Ave Pier","phone":"8434457437","twitter":"2ndavepiermb","address":"101 2nd Ave N","lat":33.684073995937865,"lng":-78.88614983559482,"city_fetched":"Myrtle Beach","state":"SC","country":"United States","canonicalUrl":"https://foursquare.com/v/2nd-ave-pier/4bd3172777b29c741ce18f82","category":"Bar","checkinsCount":2505,"usersCount":2122,"tipCount":37,"visitsCount":2948,"url":"http://secondavenuepier.com","tier":"","message":"","currency":"","rating":8.5},{"name":"Gordon Biersch","phone":"8438390249","twitter":"gbmbsc","address":"3060 Howard Ave","lat":33.66862649883429,"lng":-78.93937317667415,"city_fetched":"Myrtle Beach","state":"SC","country":"United States","canonicalUrl":"https://foursquare.com/v/gordon-biersch/4b589661f964a520cb5f28e3","category":"Brewery","checkinsCount":7652,"usersCount":2991,"tipCount":61,"visitsCount":8946,"url":"http://gordonbiersch.com","tier":2,"message":"Moderate","currency":"$","rating":8.5},{"name":"Bumstead's Pub","phone":"8434456592","address":"400 Mr Joe White Ave","lat":33.6953488310987,"lng":-78.87982099825442,"city_fetched":"Myrtle Beach","state":"SC","country":"United States","canonicalUrl":"https://foursquare.com/v/bumsteads-pub/4b9c2a7af964a520cd5036e3","category":"Pub","checkinsCount":2127,"usersCount":704,"tipCount":21,"visitsCount":2333,"url":"http://www.bumsteadspub.com","tier":2,"message":"Moderate","currency":"$","rating":8.4},{"name":"Margaritaville","phone":"8434485455","twitter":"margaritaville","address":"1114 Celebrity Circle, Broadway at the Beach","lat":33.71541851418078,"lng":-78.87664180862481,"city_fetched":"Myrtle Beach","state":"SC","country":"United States","canonicalUrl":"https://foursquare.com/v/margaritaville/4c02fc2439d476b022842fa7","category":"American Restaurant","checkinsCount":12957,"usersCount":10544,"tipCount":162,"visitsCount":14161,"url":"http://www.margaritavillemyrtlebeach.com","tier":2,"message":"Moderate","currency":"$","rating":8.4},{"name":"Celebrity Square","address":"Broadway at the Beach","lat":33.71703106488959,"lng":-78.8823194180096,"city_fetched":"Myrtle Beach","state":"SC","country":"United States","canonicalUrl":"https://foursquare.com/v/celebrity-square/4da1f65863b5a35d48c2f319","category":"Nightclub","checkinsCount":5140,"usersCount":1974,"tipCount":10,"visitsCount":5152,"tier":"","message":"","currency":"","rating":8.3},{"name":"Wet Willie's","phone":"8434485653","address":"1306 Celebrity Cir #161","lat":33.71702741666667,"lng":-78.88203446,"city_fetched":"Myrtle Beach","state":"SC","country":"United States","canonicalUrl":"https://foursquare.com/v/wet-willies/4c7883d7566db60ce922420e","category":"Bar","checkinsCount":3617,"usersCount":2383,"tipCount":43,"visitsCount":3675,"url":"http://www.wetwillies.com","tier":2,"message":"Moderate","currency":"$","rating":8.2},{"name":"8th Ave Tiki Bar And Grill","phone":"8437122340","twitter":"8thavetikibar","address":"708 N Ocean Blvd","lat":33.69073632471368,"lng":-78.88094308406446,"city_fetched":"Myrtle Beach","state":"SC","country":"United States","canonicalUrl":"https://foursquare.com/v/8th-ave-tiki-bar-and-grill/50787037e4b03bba5fc0d0ab","category":"Beach Bar","checkinsCount":709,"usersCount":617,"tipCount":27,"visitsCount":835,"url":"http://www.8thavetikibar.com","tier":2,"message":"Moderate","currency":"$","rating":8.2},{"name":"Fire & Smoke Gastropub","address":"411 79th Ave N","lat":33.74794917683015,"lng":-78.81551448668341,"city_fetched":"Myrtle Beach","state":"SC","country":"United States","canonicalUrl":"https://foursquare.com/v/fire--smoke-gastropub/52d9ec2011d2d65c749a37bd","category":"Gastropub","checkinsCount":224,"usersCount":286,"tipCount":11,"visitsCount":405,"tier":"","message":"","currency":"","rating":8.1},{"name":"The Boathouse","phone":"8439032628","address":"201 Hard Rock Pkwy","lat":33.71310860862078,"lng":-78.9250590062788,"city_fetched":"Myrtle Beach","state":"SC","country":"United States","canonicalUrl":"https://foursquare.com/v/the-boathouse/4bb26c432397b713cefd36b3","category":"Bar","checkinsCount":3153,"usersCount":1560,"tipCount":24,"visitsCount":3781,"url":"http://boathousemb.com","tier":1,"message":"Cheap","currency":"$","rating":8.1},{"name":"The Bowery","phone":"8436263445","twitter":"thebowery","address":"110 9th Ave N","lat":33.69202205892936,"lng":-78.87945413589478,"city_fetched":"Myrtle Beach","state":"SC","country":"United States","canonicalUrl":"https://foursquare.com/v/the-bowery/4bb7d63b98c7ef3bb5733002","category":"Bar","checkinsCount":1581,"usersCount":1154,"tipCount":17,"visitsCount":1587,"url":"http://www.thebowery.com","tier":"","message":"","currency":"","rating":8.1},{"name":"The Old Bull & Bush Pub & Eatery","address":"4700 Highway 17 Byp S","lat":33.680538350867494,"lng":-78.96473130606446,"city_fetched":"Myrtle Beach","state":"SC","country":"United States","canonicalUrl":"https://foursquare.com/v/the-old-bull--bush-pub--eatery/4dd30699d16451f0c6c3c068","category":"Gastropub","checkinsCount":825,"usersCount":393,"tipCount":21,"visitsCount":1049,"tier":"","message":"","currency":"","rating":8.1},{"name":"pine lakes Tavern","phone":"8434494758","address":"5201 N Kings Hwy","lat":33.7261857419201,"lng":-78.84410651369701,"city_fetched":"Myrtle Beach","state":"SC","country":"United States","canonicalUrl":"https://foursquare.com/v/pine-lakes-tavern/4fa30225e4b065011b7b3fb9","category":"Pub","checkinsCount":433,"usersCount":228,"tipCount":5,"visitsCount":589,"url":"http://pinelakestavern.com","tier":"","message":"","currency":"","rating":8},{"name":"Liberty Brewery & Grill","phone":"8436264677","address":"1321 Celebrity Cir","lat":33.71604052669202,"lng":-78.88271570205688,"city_fetched":"Myrtle Beach","state":"SC","country":"United States","canonicalUrl":"https://foursquare.com/v/liberty-brewery--grill/4af5fa02f964a520b6ff21e3","category":"Brewery","checkinsCount":4907,"usersCount":3672,"tipCount":67,"visitsCount":5137,"url":"http://libertysteakhouseandbrewery.com","tier":2,"message":"Moderate","currency":"$","rating":8},{"name":"Beef'O'Brady's","phone":"8432367761","twitter":"beefs_mb","address":"3689 Renee Dr","lat":33.76051028059913,"lng":-78.96733247236251,"city_fetched":"Myrtle Beach","state":"SC","country":"United States","canonicalUrl":"https://foursquare.com/v/beefobradys/4b70aac8f964a5208b282de3","category":"Pub","checkinsCount":1337,"usersCount":423,"tipCount":5,"visitsCount":1419,"url":"http://www.beefobradys.com/mybeefs/myrtlebeach.aspx","tier":2,"message":"Moderate","currency":"$","rating":8},{"name":"Crocodile Rocks Dueling Piano Bar","phone":"8434442096","address":"1320 Celebrity Cir Unit CS5","lat":33.717639378344785,"lng":-78.88120840296156,"city_fetched":"Myrtle Beach","state":"SC","country":"United States","canonicalUrl":"https://foursquare.com/v/crocodile-rocks-dueling-piano-bar/4b9eefe2f964a5208b0b37e3","category":"Piano Bar","checkinsCount":2803,"usersCount":2119,"tipCount":22,"visitsCount":2818,"url":"http://fantasticclubs.com","tier":"","message":"","currency":"","rating":8},{"name":"Hard Rock Cafe Myrtle Beach","phone":"8439460007","twitter":"hardrock","address":"1322 Celebrity Cir","lat":33.71827601782481,"lng":-78.8807737827301,"city_fetched":"Myrtle Beach","state":"SC","country":"United States","canonicalUrl":"https://foursquare.com/v/hard-rock-cafe-myrtle-beach/4b92dd4af964a520a42234e3","category":"Theme Restaurant","checkinsCount":5413,"usersCount":4996,"tipCount":61,"visitsCount":6026,"url":"http://www.facebook.com/hardrock","tier":2,"message":"Moderate","currency":"$","rating":8},{"name":"TGI Fridays","phone":"8434978888","twitter":"tgifridays","address":"7515 N Kings Highway Myrtle Beach","lat":33.74678932,"lng":-78.81961854,"city_fetched":"Myrtle Beach","state":"SC","country":"United States","canonicalUrl":"https://foursquare.com/v/tgi-fridays/4bca6e7fcc8cd13a17cdbdcf","category":"American Restaurant","checkinsCount":1826,"usersCount":1328,"tipCount":30,"visitsCount":2084,"url":"http://tgifridays.com","tier":2,"message":"Moderate","currency":"$","rating":8},{"name":"St. Clements Bar & Grill","address":"7000 N Ocean Blvd","lat":33.73913867013967,"lng":-78.8197844633019,"city_fetched":"Myrtle Beach","state":"SC","country":"United States","canonicalUrl":"https://foursquare.com/v/st-clements-bar--grill/4bd87132dc4b95214f267988","category":"Bar","checkinsCount":172,"usersCount":86,"tipCount":7,"visitsCount":173,"tier":"","message":"","currency":"","rating":8},{"name":"Liberty Taproom & Grill","phone":"8438394677","address":"7651 N Kings Hwy","lat":33.747894124738075,"lng":-78.81839364767075,"city_fetched":"Myrtle Beach","state":"SC","country":"United States","canonicalUrl":"https://foursquare.com/v/liberty-taproom--grill/4bec8fb1b68520a132561287","category":"Brewery","checkinsCount":2905,"usersCount":1842,"tipCount":34,"visitsCount":3463,"url":"http://libertytaproom.com","tier":2,"message":"Moderate","currency":"$","rating":8},{"name":"Fat Tuesday","phone":"8434443255","twitter":"fat_tues_day","address":"1322 Celebrity Cir","lat":33.71716280896188,"lng":-78.88164507207604,"city_fetched":"Myrtle Beach","state":"SC","country":"United States","canonicalUrl":"https://foursquare.com/v/fat-tuesday/4bca2d4bfb84c9b6969c1c3e","category":"Bar","checkinsCount":4070,"usersCount":2628,"tipCount":41,"visitsCount":4081,"url":"http://t.co/s0aDVvUW9U","tier":1,"message":"Cheap","currency":"$","rating":7.9},{"name":"Sticky Fingers Smokehouse - Get Sticky. Have Fun!","phone":"8438397427","twitter":"stickyfingers","address":"2461 Coastal Grand Cir","lat":33.70078486175546,"lng":-78.92788223049828,"city_fetched":"Myrtle Beach","state":"SC","country":"United States","canonicalUrl":"https://foursquare.com/v/sticky-fingers-smokehouse--get-sticky-have-fun/4b3a8883f964a520746925e3","category":"BBQ Joint","checkinsCount":1903,"usersCount":1645,"tipCount":22,"visitsCount":2224,"url":"http://www.stickyfingers.com/myrtle-beach-sc-w102c47.aspx","tier":3,"message":"Expensive","currency":"$","rating":7.9},{"name":"Nacho Hippo","phone":"8438399770","address":"1160 Farrow Pkwy","lat":33.66911748659898,"lng":-78.94072115421295,"city_fetched":"Myrtle Beach","state":"SC","country":"United States","canonicalUrl":"https://foursquare.com/v/nacho-hippo/4ccf38e048b837046991eade","category":"Mexican Restaurant","checkinsCount":4437,"usersCount":2567,"tipCount":70,"visitsCount":4699,"url":"http://nachohippo.com","tier":2,"message":"Moderate","currency":"$","rating":7.8},{"name":"Fiesta Del Burro Loco","phone":"8436261756","address":"960 Jason Blvd","lat":33.713726753915346,"lng":-78.90132079070446,"city_fetched":"Myrtle Beach","state":"SC","country":"United States","canonicalUrl":"https://foursquare.com/v/fiesta-del-burro-loco/4b720249f964a520cd692de3","category":"Mexican Restaurant","checkinsCount":3170,"usersCount":2172,"tipCount":58,"visitsCount":3696,"url":"http://www.fiestadelburroloco.com","tier":2,"message":"Moderate","currency":"$","rating":7.8},{"name":"Bummz Beach Cafe","phone":"8439169111","address":"2002 N Ocean Blvd","lat":33.69994498707286,"lng":-78.87088254393942,"city_fetched":"Myrtle Beach","state":"SC","country":"United States","canonicalUrl":"https://foursquare.com/v/bummz-beach-cafe/4bb662a42f70c9b644558530","category":"Bar","checkinsCount":2328,"usersCount":1635,"tipCount":29,"visitsCount":2673,"url":"http://www.bummz.com","tier":2,"message":"Moderate","currency":"$","rating":7.8},{"name":"The Grumpy Monk","phone":"8432365888","address":"4545 Highway 501","lat":33.75149816451915,"lng":-78.9626105582146,"city_fetched":"Myrtle Beach","state":"SC","country":"United States","canonicalUrl":"https://foursquare.com/v/the-grumpy-monk/54f3c775498eb6208a562368","category":"Beer Garden","checkinsCount":252,"usersCount":305,"tipCount":7,"visitsCount":541,"tier":"","message":"","currency":"","rating":7.7},{"name":"Broadway Louie's","phone":"8434456885","address":"1318 Celebrity Cir","lat":33.71783819061178,"lng":-78.88118076561008,"city_fetched":"Myrtle Beach","state":"SC","country":"United States","canonicalUrl":"https://foursquare.com/v/broadway-louies/4b2e7b70f964a520f5e024e3","category":"Karaoke Bar","checkinsCount":5475,"usersCount":1911,"tipCount":28,"visitsCount":5523,"url":"http://celebrationsnitelife.com","tier":1,"message":"Cheap","currency":"$","rating":7.6},{"name":"Landshark Bar & Grill","phone":"8437880001","twitter":"margaritaville","address":"1110 N Ocean Blvd Ste B","lat":33.69375860995739,"lng":-78.87736120837349,"city_fetched":"Myrtle Beach","state":"SC","country":"United States","canonicalUrl":"https://foursquare.com/v/landshark-bar--grill/4dcbd26eb0fbd92b293fabf2","category":"American Restaurant","checkinsCount":5315,"usersCount":3969,"tipCount":66,"visitsCount":5441,"url":"http://myrtlebeach.landsharkbarandgrill.com","tier":2,"message":"Moderate","currency":"$","rating":7.6},{"name":"Pulse Ultra Lounge","phone":"8433150019","twitter":"clubpulsemb","address":"2701 S Kings Hwy","lat":33.666027960204374,"lng":-78.91660809516907,"city_fetched":"Myrtle Beach","state":"SC","country":"United States","canonicalUrl":"https://foursquare.com/v/pulse-ultra-lounge/500deeede4b04d4cc219edb1","category":"Gay Bar","checkinsCount":892,"usersCount":480,"tipCount":16,"visitsCount":1190,"tier":"","message":"","currency":"","rating":7.4},{"name":"Longbeards Bar and Grill","phone":"8439032905","address":"5040 Carolina Forest Blvd","lat":33.75308171885267,"lng":-78.86203172880502,"city_fetched":"Myrtle Beach","state":"SC","country":"United States","canonicalUrl":"https://foursquare.com/v/longbeards-bar-and-grill/4d4098edde17a0935a82f96b","category":"American Restaurant","checkinsCount":907,"usersCount":539,"tipCount":12,"visitsCount":1181,"tier":1,"message":"Cheap","currency":"$","rating":7.4},{"name":"Coastal Wine Boutique","address":"21st Avenue North","lat":33.70116698631113,"lng":-78.87071670217928,"city_fetched":"Myrtle Beach","state":"SC","country":"United States","canonicalUrl":"https://foursquare.com/v/coastal-wine-boutique/50134891e4b0260c419c2a97","category":"Wine Bar","checkinsCount":155,"usersCount":122,"tipCount":5,"visitsCount":157,"tier":"","message":"","currency":"","rating":7.4},{"name":"Dirty Don's Oyster Bar & Grill","phone":"8434484881","twitter":"dirtydonsoyster","address":"408 21st Ave N","lat":33.701894058010204,"lng":-78.87149615600457,"city_fetched":"Myrtle Beach","state":"SC","country":"United States","canonicalUrl":"https://foursquare.com/v/dirty-dons-oyster-bar--grill/4b88208df964a520a2e131e3","category":"Seafood Restaurant","checkinsCount":1636,"usersCount":1376,"tipCount":39,"visitsCount":1694,"url":"http://www.dirtydonsoysterbar-hub.com","tier":2,"message":"Moderate","currency":"$","rating":7.3},{"name":"Duffy's Tavern","phone":"8436263445","address":"110 9th Ave N","lat":33.69199527874065,"lng":-78.87960433959961,"city_fetched":"Myrtle Beach","state":"SC","country":"United States","canonicalUrl":"https://foursquare.com/v/duffys-tavern/4c312924ed37a593c9fe6903","category":"Bar","checkinsCount":635,"usersCount":398,"tipCount":8,"visitsCount":639,"tier":"","message":"","currency":"","rating":7.3},{"name":"Pier View Bar & Lounge","address":"101 2nd Ave N","lat":33.683988,"lng":-78.886152,"city_fetched":"Myrtle Beach","state":"SC","country":"United States","canonicalUrl":"https://foursquare.com/v/pier-view-bar--lounge/4c6d57cf65eda09370494ed0","category":"Bar","checkinsCount":638,"usersCount":496,"tipCount":10,"visitsCount":639,"tier":"","message":"","currency":"","rating":7.3},{"name":"Murphy's Law","address":"Carolina exchange","lat":33.7631095436496,"lng":-78.96389184893273,"city_fetched":"Myrtle Beach","state":"SC","country":"United States","canonicalUrl":"https://foursquare.com/v/murphys-law/4bdb937c63c5c9b610cf2868","category":"Bar","checkinsCount":1110,"usersCount":408,"tipCount":5,"visitsCount":1260,"tier":"","message":"","currency":"","rating":7.2},{"name":"Sound Hole","phone":"8437121218","address":"1004 Chester St","lat":33.694510158483645,"lng":-78.8794782896722,"city_fetched":"Myrtle Beach","state":"SC","country":"United States","canonicalUrl":"https://foursquare.com/v/sound-hole/4ea5fd5d30f8a6425ee8f659","category":"Bar","checkinsCount":496,"usersCount":100,"tipCount":6,"visitsCount":496,"tier":"","message":"","currency":"","rating":7.2},{"name":"Jimmagan's Pub","phone":"8434975450","address":"6003 N Kings Hwy","lat":33.735136260015935,"lng":-78.8334059715271,"city_fetched":"Myrtle Beach","state":"SC","country":"United States","canonicalUrl":"https://foursquare.com/v/jimmagans-pub/4c8d29d5509e3704a6d23955","category":"Bar","checkinsCount":1196,"usersCount":351,"tipCount":17,"visitsCount":1454,"tier":"","message":"","currency":"","rating":7.2},{"name":"The Barrel Bar & Grill","address":"2303 S Kings Hwy","lat":33.669939521159954,"lng":-78.91135608770702,"city_fetched":"Myrtle Beach","state":"SC","country":"United States","canonicalUrl":"https://foursquare.com/v/the-barrel-bar--grill/4bf744c4508c0f47ef753d31","category":"Bar","checkinsCount":251,"usersCount":131,"tipCount":6,"visitsCount":263,"tier":"","message":"","currency":"","rating":7.2},{"name":"Hurricane Maggie's","phone":"8434975000","address":"7710 N King's Hwy","lat":33.74764433860779,"lng":-78.8173770904541,"city_fetched":"Myrtle Beach","state":"SC","country":"United States","canonicalUrl":"https://foursquare.com/v/hurricane-maggies/50c93b3e45b0b53b3dc612dd","category":"Pub","checkinsCount":224,"usersCount":154,"tipCount":7,"visitsCount":234,"url":"http://hurricanemaggies.com","tier":"","message":"","currency":"","rating":7.2},{"name":"Mykonos","phone":"8432675444","address":"1002 29th Ave N","lat":33.718085611922476,"lng":-78.87610641528534,"city_fetched":"Myrtle Beach","state":"SC","country":"United States","canonicalUrl":"https://foursquare.com/v/mykonos/4d1e6cede56f6ea8b8c2641d","category":"Greek Restaurant","checkinsCount":410,"usersCount":295,"tipCount":12,"visitsCount":411,"url":"http://www.dinedrinkanddance.com","tier":2,"message":"Moderate","currency":"$","rating":7.2},{"name":"Sand Dollar Pool Bar at the Marriott Grande Dunes","address":"8420 Costa Verda Dr","lat":33.74831587912874,"lng":-78.80686334381114,"city_fetched":"Myrtle Beach","state":"SC","country":"United States","canonicalUrl":"https://foursquare.com/v/sand-dollar-pool-bar-at-the-marriott-grande-dunes/4e346099ae60d86c3ab450db","category":"Bar","checkinsCount":307,"usersCount":117,"tipCount":5,"visitsCount":312,"tier":"","message":"","currency":"","rating":7.1},{"name":"Donny's Saloon","phone":"8434446113","twitter":"doghousedonnys","address":"1213 3rd Ave S","lat":33.697959,"lng":-78.89960193,"city_fetched":"Myrtle Beach","state":"SC","country":"United States","canonicalUrl":"https://foursquare.com/v/donnys-saloon/4c23157f11de20a174e285ce","category":"Bar","checkinsCount":516,"usersCount":122,"tipCount":15,"visitsCount":534,"url":"http://www.donnyssaloon.com","tier":"","message":"","currency":"","rating":7.1},{"name":"Tavern in the Forest","phone":"8432365007","address":"4999 Carolina Forest Blvd","lat":33.753166,"lng":-78.865966,"city_fetched":"Myrtle Beach","state":"SC","country":"United States","canonicalUrl":"https://foursquare.com/v/tavern-in-the-forest/4ba16085f964a52093b137e3","category":"Bar","checkinsCount":1351,"usersCount":554,"tipCount":11,"visitsCount":1466,"tier":"","message":"","currency":"","rating":6.9},{"name":"Key West Grill","phone":"8434443663","twitter":"keywestgrillmb","address":"1209 Celebrity Cir","lat":33.71650458552689,"lng":-78.88095617294312,"city_fetched":"Myrtle Beach","state":"SC","country":"United States","canonicalUrl":"https://foursquare.com/v/key-west-grill/4bb67d6f2f70c9b6c1838530","category":"Seafood Restaurant","checkinsCount":1873,"usersCount":1672,"tipCount":33,"visitsCount":1905,"url":"http://www.keywestgrill.net","tier":3,"message":"Expensive","currency":"$","rating":6.9}]