[
    {
        "Company Name": "Appliance1",
        "Address 1": "24 test street1",
        "City": "Sabetha,Kansas",
        "Zip/Post Code": "100051",
        "phone1" : "212",
        "phone2" : "212",
        "phone3" : "2122",
        "Company Website": "testdomain1.com",
        "Company E-Mail": "info@testdomain321.com",
        "Type Of Business": "Cabinet Manufacturers",
        "SIS" : "144"
    },
    {
        "Company Name": "Appliance1",
        "Address 1": "24 test street1",
        "City": "Sabetha,Kansas",
        "Zip/Post Code": "100051",
        "phone1" : "212",
        "phone2" : "212",
        "phone3" : "2122",
        "Company Website": "testdomain1.com",
        "Company E-Mail": "info@testdomain321.com",
        "Type Of Business": "Cabinet Manufacturers",
        "SIS" : "144"
    },
    {
        "Company Name": "Appliance1",
        "Address 1": "24 test street1",
        "City": "Sabetha,Kansas",
        "Zip/Post Code": "100051",
        "phone1" : "212",
        "phone2" : "212",
        "phone3" : "2122",
        "Company Website": "testdomain1.com",
        "Company E-Mail": "info@testdomain321.com",
        "Type Of Business": "Cabinet Manufacturers",
        "SIS" : "144"
    }
    ,{
        "Company Name": "Appliance1",
        "Address 1": "24 test street1",
        "City": "Sabetha,Kansas",
        "Zip/Post Code": "100051",
        "phone1" : "212",
        "phone2" : "212",
        "phone3" : "2122",
        "Company Website": "testdomain1.com",
        "Company E-Mail": "info@testdomain321.com",
        "Type Of Business": "Cabinet Manufacturers",
        "SIS" : "144"
    },
    {
        "Company Name": "Appliance1",
        "Address 1": "24 test street1",
        "City": "Sabetha,Kansas",
        "Zip/Post Code": "100051",
        "phone1" : "212",
        "phone2" : "212",
        "phone3" : "2122",
        "Company Website": "testdomain1.com",
        "Company E-Mail": "info@testdomain321.com",
        "Type Of Business": "Cabinet Manufacturers",
        "SIS" : "144"
    }
]